team,games,wins,point_diff,win_pct,srs,last20_point_diff,recent_games,season,conference,seed,possession_games,possession_game_coverage,overall_relative_net,big_deficit_lift,big_deficit_lift_off_n,big_deficit_lift_def_n,close_lift,close_lift_off_n,close_lift_def_n,clutch_lift,clutch_lift_off_n,clutch_lift_def_n,late_trailing_lift,late_trailing_lift_off_n,late_trailing_lift_def_n,front_running_gap,front_running_gap_lead_off_n,front_running_gap_lead_def_n,front_running_gap_deficit_off_n,front_running_gap_deficit_def_n,opponent_adjusted_front_running_gap,opponent_adjusted_big_deficit_lift,opponent_adjusted_close_lift,opponent_adjusted_clutch_lift,opponent_adjusted_late_trailing_lift
ATL,82,48,3.6097560975609757,0.5853658536585366,3.4925208271363277,5.8,20,2016,E,4.0,82,1.0,4.227450492227632,0.14152401956808536,873,759,-3.4110735793204663,3645,3672,2.2265133481604886,326,324,1.1349406847604309,547,503,-1.293581292715877,1185,1376,873,759,-6.112885198835151,2.8682404321681156,-3.387469811489936,2.645228434940239,1.9610075711404482
BKN,82,21,-7.353658536585366,0.25609756097560976,-7.1134569212663665,-10.05,20,2016,E,,82,1.0,-8.898368245746925,6.061393278508669,1566,1345,-1.8789666204324043,3699,3835,2.998768700348717,270,279,-2.1464935857193517,730,710,-8.488074021276956,338,425,1566,1345,-11.209000498236122,6.702378554517042,-1.8185780369375042,2.55242611556928,-2.5938397862393128
BOS,82,48,3.207317073170732,0.5853658536585366,2.836591555797885,-0.65,20,2016,E,5.0,81,0.9878048780487805,3.9831330028267327,2.409059414473456,738,603,0.20605861627659516,3619,3561,-1.0041016046103572,329,327,-2.109363817948172,563,557,-6.639441417406981,1289,1492,738,603,-11.257328901884236,4.633855134050593,0.8644904436918774,0.2639044177452883,-1.3471243938010438
CHA,82,48,2.7195121951219514,0.5853658536585366,2.3584712825056617,5.35,20,2016,E,6.0,81,0.9878048780487805,3.0314711830519774,5.67967180042953,1041,854,-0.9399736561610275,3449,3432,3.4391723069902813,295,285,1.7762828414391736,460,464,-3.8349713765070303,1273,1423,1041,854,-9.007672732707546,8.82027679118654,-1.1474361187181652,3.7424687538403685,2.5086966659010583
CHI,82,42,-1.475609756097561,0.5121951219512195,-1.4621902946519376,-3.2,20,2016,E,,81,0.9878048780487805,-2.0163634852010404,0.3106921348580094,1147,995,5.291472150891742,3811,3687,-2.1909110045165447,351,352,-0.4884719121624497,466,432,-14.749547314796411,548,734,1147,995,-18.07492999128051,1.1707502577075606,5.417430240526478,-2.3826212718453212,0.04158196736554842
CLE,82,57,6.0,0.6951219512195121,5.452115647753575,5.95,20,2016,E,1.0,82,1.0,7.690528608574022,-6.8016475484874075,646,549,2.970663995407895,3321,3168,-1.8743509394459554,277,278,2.056802352938231,423,376,4.989178864405083,1608,1837,646,549,2.4562744247820367,-5.0318823898894545,3.1193260581923887,-1.4155587422985603,3.126784847564977
DAL,82,42,-0.3048780487804878,0.5121951219512195,-0.016155546806775483,-1.35,20,2016,W,6.0,81,0.9878048780487805,-0.6110770943346033,0.43593249249478916,1035,886,0.3858437752870221,3848,3895,10.285335244729625,409,406,11.064564616695781,607,549,-5.303192891246491,761,898,1035,886,-9.514061367164484,2.7819899695474244,0.20051440864230557,9.996971319902864,11.994572592494714
DEN,82,33,-3.097560975609756,0.4024390243902439,-2.8070065076581385,-3.35,20,2016,W,,81,0.9878048780487805,-3.668539944107521,2.7616817644317893,1249,1091,-0.267196252757711,3876,3937,0.8167155054260333,366,375,4.343502027735735,680,639,-7.921262871127924,543,645,1249,1091,-11.992863097569845,5.560952234913598,-0.9758828201745335,0.10360136186635804,3.4969845100202743
DET,82,44,0.6097560975609756,0.5365853658536586,0.42757183042344604,0.0,20,2016,E,8.0,81,0.9878048780487805,0.6873525457403198,2.0158972035923313,1142,991,0.5000010266986947,3375,3357,9.157745112647074,303,280,0.5732638504972771,507,504,-4.1130120081016575,1015,1172,1142,991,-6.590555737558947,3.515230098438669,0.27212792133507624,9.198513927337633,1.050468643339382
GSW,82,73,10.75609756097561,0.8902439024390244,10.380270485396816,10.9,20,2016,W,1.0,82,1.0,13.251859125017521,-13.06092226214848,365,309,3.816148504772217,3324,3152,8.544464084781827,292,271,4.316835242054447,299,256,6.002115933580412,2368,2663,365,309,5.322357760066124,-13.188171875962077,4.170985567040432,9.745011135247719,5.465881838715983
HOU,82,41,0.1951219512195122,0.5,0.34099177010561993,5.35,20,2016,W,8.0,80,0.975609756097561,0.22233827966681274,4.429137725439384,1157,1018,-0.5089769719327781,3751,3735,10.103734690262364,361,355,2.7542306977000495,630,578,-9.339320727472016,774,925,1157,1018,-14.46760786588101,6.931174759286471,-0.3769584729475979,9.927069665604861,2.8533173077635228
IND,82,45,1.7073170731707317,0.5487804878048781,1.6230939738083265,1.8,20,2016,E,7.0,81,0.9878048780487805,2.297732978956505,5.503455747507465,691,565,-0.809291281568671,4073,4049,-5.198967602801613,422,399,3.1070948059081474,560,497,-13.350191173904769,917,1109,691,565,-18.31252002187945,7.9575384704491885,-0.5907177938819266,-4.768878947989816,4.078871768398027
LAC,82,53,4.280487804878049,0.6463414634146342,4.1281539038875845,2.9,20,2016,W,4.0,80,0.975609756097561,5.027062313152803,4.081071642067288,697,578,2.0560591521499774,3479,3376,-1.120696203151002,315,315,-9.627008834378582,468,442,-6.6369305647362005,1220,1407,697,578,-10.968902266364957,6.6583168030771915,2.145116491094802,-0.8904124122671337,-8.847527972172072
LAL,82,17,-9.560975609756097,0.2073170731707317,-8.916597357720898,-10.05,20,2016,W,,82,1.0,-12.189820027172402,4.289462597636126,2421,2155,-4.693055602950327,3048,3328,8.100517954850574,220,230,3.8509364201635528,550,590,1.5678070500724264,272,335,2421,2155,-1.413809650192281,5.32357108338106,-5.1391877809771245,7.065131961759377,3.3823570505867435
MEM,82,42,-2.2439024390243905,0.5121951219512195,-2.1342890187111334,-7.95,20,2016,W,7.0,81,0.9878048780487805,-2.688425247011783,-4.899234682857006,1189,1047,5.340201271110629,3862,3793,10.21178260158995,318,302,6.97648956736042,470,450,4.017389450024113,691,800,1189,1047,-2.7511307203288933,-1.2196853535696741,4.9788129774312875,9.859260801072683,6.648191415102512
MIA,82,48,1.646341463414634,0.5853658536585366,1.5047295657751147,3.8,20,2016,E,3.0,82,1.0,2.6217921094018286,-2.8904351992083304,732,629,-1.272412116934824,3920,3932,8.531839864582297,340,329,-3.5336221925246756,573,538,1.2518130960781464,1058,1228,732,629,-0.8271479718289585,-1.2877086330611411,-1.3380606032379259,8.127735802078801,-3.111956387508506
MIL,82,33,-4.182926829268292,0.4024390243902439,-3.978686395428637,-5.05,20,2016,E,,82,1.0,-5.135478608322313,2.239402009297305,1348,1139,-0.1320046242087214,3483,3583,6.611075873522748,309,319,1.2511905811195572,653,651,-4.209738571439901,505,623,1348,1139,-7.9556959259062365,3.6998646021536556,-0.3767625737446423,6.2662317514647405,1.8960565306872592
MIN,82,29,-3.5365853658536586,0.35365853658536583,-3.3823404983912213,-1.4,20,2016,W,,81,0.9878048780487805,-3.8711914806733376,8.612406402293985,1281,1080,0.3445155242609039,3980,4025,1.1503360550382848,392,429,1.19520058073388,816,825,-8.339886598410494,521,630,1281,1080,-11.744535144528324,9.831062959557906,0.29748909222554465,1.0156972688803907,1.44363101598758
NOP,82,30,-3.792682926829268,0.36585365853658536,-3.552879454166752,-6.3,20,2016,W,,82,1.0,-5.026847827899446,5.196554269610948,1321,1122,-0.6810071348109217,3926,3999,-0.9945535901768654,333,345,1.0897982561979918,685,657,-3.8633085872073476,566,669,1321,1122,-7.177488806370429,6.200372446898714,-0.5172637491403336,-1.3776503406231537,1.3330080782776834
NYK,82,32,-2.731707317073171,0.3902439024390244,-2.73344065709031,-2.45,20,2016,E,,80,0.975609756097561,-3.40949632955006,5.414274644227161,1147,963,-0.8446107056340688,3448,3485,-3.934469230296722,317,321,-1.364490783286353,606,591,-5.7494418189245255,826,972,1147,963,-10.96059600886035,7.371702256192588,-0.6132238009865021,-3.918479954448332,-1.3401815766195697
OKC,82,55,7.280487804878049,0.6707317073170732,7.090966438324537,8.9,20,2016,W,3.0,80,0.975609756097561,9.07788238155275,3.4335643533152123,344,257,-2.3715453943180016,3741,3645,-13.761385999347675,337,342,-5.257694308779408,484,440,-0.07469742445357319,1499,1705,344,257,-2.2505030578101515,4.753412470319066,-2.325080832567048,-12.883331842333565,-3.8805135537224205
ORL,82,35,-1.6219512195121952,0.4268292682926829,-1.6804203863158749,-1.65,20,2016,E,,80,0.975609756097561,-1.5310814645899034,1.0682946907700366,1021,874,1.0696117897754929,3698,3667,-2.8184681222094676,381,376,4.467130011722808,579,549,-2.827909130638047,883,1030,1021,874,-6.618947702497585,3.0238439791125336,1.027888549273419,-2.339451201609993,5.1187278255541715
PHI,82,10,-10.231707317073171,0.12195121951219512,-9.91676346478245,-8.75,20,2016,E,,80,0.975609756097561,-12.77507183959651,5.388301472769366,2425,2182,-2.5173046327004958,2921,3059,-11.871926623410943,231,255,-4.120091949230389,499,532,-2.1202769755526196,345,416,2425,2182,-4.9785181168743255,6.462046868101804,-3.1237648892177035,-12.919729186781126,-4.620668682205498
PHX,82,23,-6.658536585365853,0.2804878048780488,-6.3162157084300645,-5.4,20,2016,W,,82,1.0,-8.197201249467247,0.9057955966141513,1848,1662,-2.551782265041764,3554,3695,-9.776373977417256,242,265,-1.5644215466597569,607,613,0.1466239740053341,513,605,1848,1662,-3.0044876011270034,2.0076885940007756,-2.7052259823379643,-10.357991873535642,-1.576885755221202
POR,82,44,0.8292682926829268,0.5365853658536586,0.9787482633615543,-0.25,20,2016,W,5.0,81,0.9878048780487805,0.9393203851840819,-2.318466201835548,1078,931,3.0528486836107707,3508,3433,0.08649095534177964,275,268,-2.140180932012562,458,435,1.0186179926170262,1139,1313,1078,931,-2.287190097566986,0.18997952903134485,2.5651662735439507,-0.7467106765875198,-1.4375144334227354
SAC,82,33,-2.475609756097561,0.4024390243902439,-2.31370656122869,-2.4,20,2016,W,,82,1.0,-2.965484295823153,6.345365683898405,1446,1248,-2.4076263600041585,3564,3649,-6.488731645734683,305,305,-1.7468829446534269,646,647,-10.555244168909976,840,982,1446,1248,-14.271027580331316,7.17807559815474,-1.9750231746487579,-6.740883907123113,-1.0772785395090358
SAS,82,67,10.634146341463415,0.8170731707317073,10.276617963864751,4.85,20,2016,W,2.0,82,1.0,13.196395572531882,-11.674332844449154,382,313,2.3872243978831555,3369,3152,-3.0739718981827338,208,183,-7.524541746582807,228,208,10.173745638806768,1768,2006,382,313,4.3084160774023825,-7.088259814564056,2.688532269923712,-2.417920110596123,-6.506233008420459
TOR,82,56,4.5,0.6829268292682927,4.084212344484108,4.95,20,2016,E,2.0,81,0.9878048780487805,5.541729723478136,1.750639784775693,568,451,-0.11562332677906895,3665,3627,0.02704321080829608,332,314,2.1314631762919998,465,440,-11.390637050560429,941,1134,568,451,-13.664258191846223,3.231735869053643,-0.07191767273033989,0.9650781067990835,3.676604064276712
UTA,82,40,1.7926829268292683,0.4878048780487805,1.8434418281727605,5.1,20,2016,W,,82,1.0,2.277068302993037,3.922296369621586,822,661,-3.1205221304153854,3462,3491,-15.863795129106892,373,408,2.585098571552627,650,608,-0.5064060773425787,1082,1216,822,661,-7.647095291693842,7.08288319409369,-2.6650874131289797,-15.01432912911519,3.4474328411627617
WAS,82,41,-0.5,0.5,-0.4943489081488225,3.2,20,2016,E,,81,0.9878048780487805,-0.6665445026306183,-3.287350330293109,1146,997,1.435930471675592,3713,3713,-2.6413230800373224,265,257,-1.1009488780840397,441,423,6.470338352677439,966,1096,1146,997,1.8413455925972793,-0.455963611754171,1.0390781758279954,-3.4141714491422817,-0.9901552076551801
ATL,82,43,-0.8536585365853658,0.524390243902439,-1.2267588762488921,-1.1,20,2017,E,5.0,80,0.975609756097561,-1.7063190969313915,-0.7400640406344947,1420,1233,1.792112058895801,3541,3537,10.857887918965965,316,338,6.580834071982988,548,526,-0.6880359400688278,798,935,1420,1233,-2.0995904369888883,0.01912748454090929,1.7696042541743968,11.002373612274967,7.103996236960413
BKN,82,20,-6.7317073170731705,0.24390243902439024,-6.735836605285393,-0.9,20,2017,E,,82,1.0,-7.933066845136866,1.1240650753684012,1822,1601,-1.0809982327669925,3675,3780,-1.4950745194615322,271,293,-0.4054058506406424,736,736,2.4864589290274015,482,582,1822,1601,-0.8265950491672989,2.9435640553862488,-1.5572103551871468,-1.665464299918895,-0.5421850101911279
BOS,82,53,2.6341463414634148,0.6463414634146342,2.248692689539247,2.75,20,2017,E,1.0,82,1.0,3.2896611352580076,2.061650047577427,753,634,3.2299155785625016,3770,3720,5.723632666278654,380,362,11.655221949670652,501,438,-13.500733328758901,1130,1359,753,634,-16.479838611147663,3.7810569767166053,3.4223473903743025,5.709709186931336,12.519333433809576
CHA,82,36,0.1951219512195122,0.43902439024390244,-0.06305458484125903,-0.05,20,2017,E,,82,1.0,0.18703071995476972,7.470496423691047,911,749,-2.7972255984220595,3851,3893,-3.4825608043873846,358,361,-2.8775293419371115,656,644,-7.050482026459923,813,959,911,749,-10.411703723156311,9.169855584309452,-2.6473360354421898,-3.358494473100931,-2.2218619413591965
CHI,82,41,0.4268292682926829,0.5,0.0345831802949671,3.45,20,2017,E,8.0,82,1.0,0.4272888508556496,-0.5663221322489824,1229,1088,1.0588329033735782,3434,3378,2.692536256074541,316,291,-8.114748138402073,496,482,3.569883996954638,1135,1303,1229,1088,1.2322277049467667,0.3469461479433995,1.2845554433639708,3.2213766367164895,-8.256341755567757
CLE,82,51,3.182926829268293,0.6219512195121951,2.8753710150238354,-0.2,20,2017,E,2.0,82,1.0,4.2146081425521436,-7.614780680232929,812,700,1.804324451066873,3318,3266,5.450692558096875,287,271,-1.5003821636891903,391,374,6.152006067455334,1660,1859,812,700,2.133589131872826,-5.221653858558172,2.1501266672210795,6.017765998517236,-0.6127201065419476
DAL,82,33,-2.926829268292683,0.4024390243902439,-2.5236809250267833,-6.65,20,2017,W,,82,1.0,-3.7230543259862396,0.5059615345568265,1281,1118,-3.905528655786345,3507,3675,1.2501453904899198,276,283,0.0529863287397494,654,638,3.7475190401484717,636,749,1281,1118,-0.7538757593363712,2.6958528776456423,-4.1359911337746045,1.482585780213525,0.5170576980382786
DEN,82,40,0.5121951219512195,0.4878048780487805,0.7021098328465826,4.55,20,2017,W,,82,1.0,0.8140443088460372,0.6180663586822439,1215,1049,0.10591666335709382,3376,3385,-5.456488724297445,272,262,-4.311896693391208,443,441,-4.053060030951415,1325,1531,1215,1049,-6.188235409224634,2.0517569054573532,0.12146062810748814,-5.4891103971865185,-3.9374866357422826
DET,82,37,-1.1219512195121952,0.45121951219512196,-1.2918782632702208,-4.05,20,2017,E,,82,1.0,-1.3051768113830133,-1.0917729453067277,1436,1251,-2.564367735617275,3243,3307,-5.005358209185811,275,281,8.033538372675665,515,483,8.29120225536888,851,979,1436,1251,6.639623022646787,-0.4310434965291259,-2.5419412753898114,-5.050688726230343,7.873821548442589
GSW,82,67,11.634146341463415,0.8170731707317073,11.351390883645356,10.1,20,2017,W,1.0,81,0.9878048780487805,14.309792978098331,-14.686013051871706,488,425,0.7348957752133476,3200,3051,-5.41444492107933,187,166,-0.02223429039167435,239,201,14.547718445641745,2465,2707,488,425,13.127931506516358,-13.468385603484958,0.7082399090111142,-5.1598698687273,0.5000946269284299
HOU,82,55,5.7682926829268295,0.6707317073170732,5.8445088601406985,2.35,20,2017,W,3.0,82,1.0,6.607208730600455,-0.09299552348138906,677,545,1.6837650382829272,3396,3297,-8.942284935626017,269,268,-12.401607294561607,371,359,-3.642457837797853,1874,2116,677,545,-7.8145895442886175,2.069998830049858,2.2986966210888973,-8.130587571671382,-10.954348880791919
IND,82,42,-0.21951219512195122,0.5121951219512195,-0.6393141355696502,1.65,20,2017,E,7.0,81,0.9878048780487805,-0.2585950760376752,0.06710231469257999,1274,1102,3.413300566133816,3405,3328,-2.027521895619182,299,296,-6.416947242487568,449,463,-5.932817010841509,874,1046,1274,1102,-9.024306173300516,2.0050283453935016,3.3327610657755393,-2.043240637025561,-6.021027530903917
LAC,82,51,4.2926829268292686,0.6219512195121951,4.421327846139069,8.7,20,2017,W,4.0,82,1.0,5.235337010315235,-9.44013878244869,922,802,4.0630057265575665,3295,3115,-3.8347044562912664,242,223,-7.307515063033525,268,252,9.129839967628534,1706,1915,922,802,5.388112057992221,-6.549323425353094,3.7246785351376017,-4.81055875124135,-7.632249859735065
LAL,82,26,-6.878048780487805,0.3170731707317073,-6.292068485719874,-6.85,20,2017,W,,79,0.9634146341463414,-8.799291626584811,1.8585594630969924,1950,1728,0.0763827852878407,3193,3318,-3.0952796833972602,232,259,5.9710319827665295,570,559,0.5411823726133296,517,630,1950,1728,-1.492346152334247,3.240706591500409,-0.5216808404002613,-3.604121203325885,5.563397551388777
MEM,82,43,0.4878048780487805,0.524390243902439,0.9591575093838846,-2.3,20,2017,W,7.0,80,0.975609756097561,0.3641947509402712,4.69446772471862,1007,844,-0.6475959417857478,3657,3683,6.2398536276423755,349,356,0.1771264159938195,630,590,-8.829429435126421,743,865,1007,844,-10.071739799964403,5.52196963537558,-0.7834591644415807,5.843438574863912,-0.13136486215390697
MIA,82,41,1.0609756097560976,0.5,0.7753187789936399,4.95,20,2017,E,,82,1.0,1.389852436340536,7.273737958735566,933,774,0.0558689792410898,3801,3776,-10.2405800917706,320,316,-1.5170706329472154,636,621,-10.066916131333333,779,949,933,774,-11.493731829146796,8.248066747452642,0.04386950773984033,-10.512248851764666,-1.183121244385878
MIL,82,42,-0.18292682926829268,0.5121951219512195,-0.44463481235194224,-1.65,20,2017,E,6.0,82,1.0,-0.09216279083983633,4.561324601485416,1161,976,1.2608762413672658,3428,3404,-10.363243711199297,292,294,-2.591468080728884,488,472,-6.6605200159495865,1024,1197,1161,976,-8.762960280585167,5.932453250084858,1.1454227741190839,-10.235289577691617,-2.1440537478046044
MIN,82,31,-1.1097560975609757,0.3780487804878049,-0.6341861968489882,-3.75,20,2017,W,,82,1.0,-0.9716890408898196,2.70546516504725,803,657,-2.7960103914909027,3761,3794,-4.69578181791684,316,340,-4.9325164893886715,767,751,-3.4484651947666913,942,1127,803,657,-5.104456662530509,3.231221391336957,-2.7659091882812796,-5.037851137613714,-4.8152825413503155
NOP,82,34,-2.097560975609756,0.4146341463414634,-1.6856154679386006,1.9,20,2017,W,,81,0.9878048780487805,-2.074592575510403,1.7850889734775566,994,826,-4.563749034823557,4012,4164,-0.8314991562596541,358,370,-1.2879747723120425,765,736,6.645313904727398,742,835,994,826,3.15239090204927,3.5875704184497406,-4.691212411401466,-1.2205013422652966,-1.361648005691729
NYK,82,31,-3.6707317073170733,0.3780487804878049,-3.870180766225918,-5.8,20,2017,E,,81,0.9878048780487805,-4.5736606602042755,7.651554517630458,1494,1269,-2.546948292077862,3516,3620,4.394285130405441,303,293,7.039660537390778,585,557,-20.601598266111786,482,629,1494,1269,-22.862178210282888,8.876383180234182,-2.6843893852719347,4.022152074286495,7.55948335298422
OKC,82,47,0.7560975609756098,0.573170731707317,1.1454469028708338,2.6,20,2017,W,6.0,80,0.975609756097561,1.1160438317542372,-1.3510515568928283,1179,1034,1.909626532869978,3479,3435,13.138568074310005,309,308,7.687317194766274,531,506,-2.533897674484014,1021,1180,1179,1034,-4.850129076585684,0.20856584949440227,1.8640246545622665,12.998267567341166,7.478014931704287
ORL,82,29,-6.573170731707317,0.35365853658536583,-6.610196809537902,-8.35,20,2017,E,,82,1.0,-7.414881125978532,-8.10433598050135,1579,1458,2.454544231680587,3664,3720,0.1973422525692392,286,285,-0.06498317390930186,531,519,7.479252895220883,624,765,1579,1458,5.50065333335181,-6.989515501824037,2.311067766104131,0.07012322080027555,-0.0587404807944516
PHI,82,28,-5.695121951219512,0.34146341463414637,-5.830406638702178,-4.75,20,2017,E,,80,0.975609756097561,-6.680065540941582,2.9044448237283396,1519,1323,0.14063809755323486,3730,3797,0.13753296470351106,325,352,0.40924652550322893,569,549,-2.31088295723635,468,564,1519,1323,-3.508733379101013,3.0972329378553303,0.14313700641237137,-0.33141434627418764,0.8061709147874314
PHX,82,24,-5.634146341463414,0.2926829268292683,-5.138685190828069,-7.3,20,2017,W,,81,0.9878048780487805,-6.851654607412053,6.06653710282097,1785,1579,-1.9373229160774024,3912,4042,-6.616704719477093,339,370,-0.21202185396860607,810,763,-4.667122068600147,361,460,1785,1579,-7.029669561214166,6.710109763613188,-2.0957292773946623,-6.891903752737893,-0.06490716477750613
POR,82,41,-0.524390243902439,0.5,-0.2255686299802281,4.7,20,2017,W,8.0,82,1.0,-0.738388765606435,-4.976951792680819,1053,924,2.5995436354848467,3858,3782,1.1616874100558712,466,456,9.812794332562863,630,556,-1.373744623465046,955,1145,1053,924,-5.007619391397858,-2.971555997977353,2.5551370312109114,0.4529427395576512,10.382976729890913
SAC,82,32,-3.8780487804878048,0.3902439024390244,-3.292758704030139,-7.05,20,2017,W,,82,1.0,-4.786889464699785,3.892633819977866,1685,1474,-0.6014994851817201,3470,3522,-1.080172544752335,403,410,4.781619378511147,601,560,-1.5026208163648946,561,666,1685,1474,-4.549084967963209,5.39344296086194,-1.001244085118267,-1.33758892640064,4.506412687844617
SAS,82,61,7.195121951219512,0.7439024390243902,7.133407801218577,4.0,20,2017,W,2.0,82,1.0,8.91198567583151,4.425415474927217,527,408,-0.9091166362045282,3708,3618,4.792580912241052,334,309,0.07020570838161078,475,419,-6.272613671590781,1426,1637,527,408,-6.786833974478277,4.8437129170200155,-0.9763736182831266,5.056130728751013,0.6936625961167788
TOR,82,51,4.2073170731707314,0.6219512195121951,3.650429733372653,4.65,20,2017,E,3.0,82,1.0,4.754982625016359,5.418379420785778,794,635,-1.2352711694761496,3689,3675,4.616852407765618,342,331,5.221432158358764,558,529,-9.497687856181262,1104,1287,794,635,-13.14971370799433,8.097405447809491,-1.6497441264450408,5.000094759602812,5.863115767310481
UTA,82,51,3.9390243902439024,0.6219512195121951,4.00188063079434,2.75,20,2017,W,5.0,82,1.0,4.948552379835563,2.0614146273284772,852,705,1.2094343204603808,3474,3392,3.4858716970330406,272,263,-2.978071142399214,436,418,-2.0628098632001253,1020,1195,852,705,-5.852534642290106,4.908754388071863,0.7811807923638607,2.7369192369563855,-2.225163052913331
WAS,82,49,1.8048780487804879,0.5975609756097561,1.3611994281423552,0.1,20,2017,E,4.0,80,0.975609756097561,1.8358362481210868,15.791930297560583,835,644,2.26523943764161,3829,3718,7.365023198186334,402,389,2.6521060997945,643,595,-22.84145758919031,1037,1219,835,644,-24.29970701002518,16.525195166822215,2.302346484996196,7.075528320632651,3.500642518765032
ATL,82,24,-5.451219512195122,0.2926829268292683,-5.3012509691924885,-8.3,20,2018,E,,78,0.9512195121951219,-7.191291386885993,4.168692742002129,1544,1392,-0.7495123014239349,3769,3850,1.7239322529911192,289,301,1.5631206490922809,625,590,5.8339105158360764,318,370,1544,1392,2.5827427299478734,5.7663598262681015,-1.1090581186248958,0.8018193762139711,1.605839407173777
BKN,82,28,-3.7439024390243905,0.34146341463414637,-3.6713443193205753,-2.6,20,2018,E,,78,0.9512195121951219,-5.586442092803273,5.908856307961623,1493,1320,-1.1180512501213604,3785,3846,0.4433868805399106,355,375,4.149364119385455,700,653,-5.615042951836369,441,518,1493,1320,-7.948973544434686,7.261910657684876,-1.4048791708105774,0.43444269672299995,4.488931302221721
BOS,82,55,3.5853658536585367,0.6707317073170732,3.232761546388479,2.75,20,2018,E,2.0,75,0.9146341463414634,5.050401223402844,-1.7082650304009537,686,600,0.6444059629730896,3450,3395,-3.4940544418899755,282,277,7.122293798812808,461,414,-4.8308842725544725,1075,1240,686,600,-9.327157300494296,0.6126888416039931,0.9769696564520611,-2.3405908946596927,8.641422090418034
CHA,82,36,0.25609756097560976,0.43902439024390244,0.06596192372759795,1.05,20,2018,E,,78,0.9512195121951219,-0.23226059998006843,1.9812849969215551,1030,876,-3.096444043110323,3635,3694,-2.6108387649400675,298,300,-3.426618990917954,575,556,2.351057663057175,991,1129,1030,876,-2.070901610545614,4.437950733462376,-3.205697807473924,-3.3453526807466316,-3.0386892434725286
CHI,82,27,-7.036585365853658,0.32926829268292684,-6.840528720070179,-9.9,20,2018,E,,80,0.975609756097561,-8.649225056271991,-3.2137497968074804,1831,1667,2.358987751300524,3625,3659,5.6261964412008405,351,345,8.231489503676034,500,481,3.330372633948981,494,595,1831,1667,-0.08324996497841397,-1.433494990802366,2.0121411743570583,4.70669332488422,7.874678265835465
CLE,82,50,0.9390243902439024,0.6097560975609756,0.591656433934794,4.0,20,2018,E,4.0,78,0.9512195121951219,0.6526248150417788,-2.373111793826342,1115,954,2.0870474767083436,3589,3595,12.689078161334189,292,272,2.082533399419947,481,471,3.6287251312894275,954,1080,1115,954,0.5300214719564833,-0.8980107828337167,2.0262599630384686,12.96867188529463,3.421957048685383
DAL,82,24,-3.0365853658536586,0.2926829268292683,-2.6977254242955584,-4.35,20,2018,W,,79,0.9634146341463414,-3.8162323583554993,4.037468316423895,1232,1070,-2.9695172479525285,3649,3717,-15.851005639153957,297,312,-3.7013092876086304,666,653,-3.5511584014299693,603,724,1232,1070,-5.147457686500036,4.917305744674244,-3.1156716367740804,-16.467838195216288,-4.20159487272515
DEN,82,46,1.475609756097561,0.5609756097560976,1.5752498284430803,2.95,20,2018,W,,80,0.975609756097561,1.5832577389029812,-1.0305067897846178,1071,920,1.107557416888071,3465,3426,1.075708834294447,333,340,1.9452454464681046,594,550,1.2738566464745673,1099,1288,1071,920,-1.470490718061071,0.49822777712795974,1.2689509848447411,1.6382553709509526,2.1641539964537264
DET,82,39,-0.14634146341463414,0.47560975609756095,-0.25913243490878524,1.85,20,2018,E,,76,0.926829268292683,0.03280003005759835,-3.1182989741973537,1082,938,0.043827479524728846,3430,3430,-0.6328912286058156,243,240,-6.926984444486051,463,442,7.2991351290097946,861,970,1082,938,3.651045168690317,-1.2392083077698597,0.027261045606829543,-0.5055958524395664,-5.928205845700003
GSW,82,58,6.134146341463414,0.7073170731707317,5.942566958125861,-2.05,20,2018,W,2.0,78,0.9512195121951219,7.571264823099671,-9.116160381853376,727,655,0.9260127749637732,3554,3455,-4.2737945108250415,236,210,-12.546033271101043,265,243,7.409809095992524,1334,1541,727,655,4.7153020623274795,-7.416777650299428,1.0606775959195485,-3.4942464076781152,-11.481552115939104
HOU,82,65,8.475609756097562,0.7926829268292683,8.210259161307336,7.4,20,2018,W,1.0,78,0.9512195121951219,11.006550625279122,4.597946475654247,420,329,0.9554296943488367,2922,2839,3.9465820745255336,193,186,-4.230418081426429,381,374,-9.246203163720587,2187,2411,420,329,-10.993589256147855,5.5437586710497015,1.3676467605764842,4.702111213844507,-2.347661378274644
IND,82,48,1.353658536585366,0.5853658536585366,1.1533558393807668,0.9,20,2018,E,5.0,80,0.975609756097561,1.6689656891536178,5.155566114622344,1222,1019,1.2433005592421225,3400,3411,8.586315536978152,294,292,-0.5100280273708793,461,463,-2.5464850914224764,1123,1242,1222,1019,-6.081344224320352,6.157372912857241,1.7751520728145604,8.76656876506149,0.19227532628084187
LAC,82,42,0.036585365853658534,0.5121951219512195,0.1539439321224148,-3.35,20,2018,W,,82,1.0,0.15887510533746374,2.7889017202489383,1313,1119,-2.522070107665944,3533,3621,-5.959186218555154,252,259,3.1269331740667674,582,554,-5.486475569003692,934,1095,1313,1119,-11.40829105228575,5.097895591369334,-2.3159627171649424,-5.6004723363855256,4.052188762301822
LAL,82,35,-1.548780487804878,0.4268292682926829,-1.4293961019159265,-1.35,20,2018,W,,81,0.9878048780487805,-1.578070965985364,8.767366716626455,1189,1009,-1.7749309027185265,3956,4041,-2.2189376564943353,356,359,0.41107056014645194,650,599,-10.391668238173107,656,786,1189,1009,-12.378368947009982,9.589091833293054,-2.0205279407318506,-1.8476068795131617,1.1680105829649774
MEM,82,22,-6.182926829268292,0.2682926829268293,-5.787709043374552,-11.0,20,2018,W,,79,0.9634146341463414,-7.66945028929673,8.486889978961498,1501,1279,-0.7552188246813412,3349,3464,5.593502989054294,254,285,-2.623578238774014,688,708,-13.377170841744697,473,593,1501,1279,-16.2677753731252,9.596226594172137,-1.153517009666885,4.851483902457838,-2.928123812730009
MIA,82,44,0.47560975609756095,0.5365853658536586,0.15068775450436248,4.15,20,2018,E,6.0,78,0.9512195121951219,1.3893518283122035,-2.8563162109047395,788,692,2.8459657090547994,3938,3871,5.242892070724381,391,400,8.269980686270173,570,500,-3.723672608728867,825,989,788,692,-5.287192109933021,-2.4291839024964297,3.2522495025530835,5.900988991057697,9.041891586615865
MIL,82,44,-0.3048780487804878,0.5365853658536586,-0.4517003246857959,0.45,20,2018,E,7.0,78,0.9512195121951219,-0.4747954823127851,2.566222313800159,926,779,-0.3716157510719731,3812,3823,2.8502075342948796,324,323,-6.198672648692025,489,476,-9.048097426882807,951,1087,926,779,-12.535129229908055,4.2929165327994525,-0.3768704267118632,2.917341373423444,-5.555007119523836
MIN,82,47,2.231707317073171,0.573170731707317,2.3485673261986197,1.1,20,2018,W,8.0,80,0.975609756097561,2.8380680230752637,2.84373496543912,647,519,0.9103497042178517,3822,3737,-6.46354167953664,316,303,-2.125143800235829,454,413,-8.121924735635913,1192,1400,647,519,-12.208675353343438,5.757327852983478,0.5269933119865073,-6.766040284679236,-1.5844399600162986
NOP,82,48,1.2073170731707317,0.5853658536585366,1.3913617361795547,3.2,20,2018,W,6.0,74,0.9024390243902439,2.4477532778139266,5.978205191187518,986,831,1.1392783917053961,3469,3419,2.380111341799605,423,406,2.3751922926252167,540,491,-6.860879347057723,1152,1288,986,831,-9.77861139555767,7.209422431331107,1.298546530305889,2.088571234584414,2.8682214932229693
NYK,82,29,-3.5609756097560976,0.35365853658536583,-3.5297075699753075,-6.6,20,2018,E,,81,0.9878048780487805,-4.504028605726717,0.08765458650076852,1347,1178,-1.3848158875547698,3544,3614,-5.06236599298936,270,270,-7.317223919222336,535,536,5.897322667369049,854,986,1347,1178,2.328117014516771,2.0662302910137598,-1.717182071210222,-5.8370591857075755,-7.564868918028166
OKC,82,48,3.4146341463414633,0.5853658536585366,3.424087037745401,5.05,20,2018,W,4.0,75,0.9146341463414634,4.35800270258556,-0.0935059220155523,592,481,-0.6877822663448097,3532,3474,-1.8881431980865475,324,315,9.767663792383187,505,450,-5.476537801161627,1145,1323,592,481,-6.210257873690747,-0.11434970285615176,-0.4471992848288764,-1.5594032785412946,10.339745241253315
ORL,82,25,-4.817073170731708,0.3048780487804878,-4.916959831318734,-6.3,20,2018,E,,76,0.926829268292683,-5.710755680765362,2.8916638554068825,1461,1276,0.06142550861921858,3531,3565,-1.9040490858140302,207,237,-4.84514773183725,549,564,1.1855237326206178,446,529,1461,1276,-0.5606037218524746,4.685004985936436,-0.6038012713032117,-3.1616138088797063,-5.321459177025516
PHI,82,52,4.5,0.6341463414634146,4.2961866319519455,12.5,20,2018,E,3.0,78,0.9512195121951219,6.797613068513862,-0.6802890105158115,416,332,1.482704770587679,3490,3375,3.342924614707986,305,285,-8.519341867528382,433,406,-5.067170930781634,1765,1984,416,332,-7.086898113220655,1.0067488004644805,1.3628134560650746,3.5518190145387054,-8.484038620062341
PHX,82,21,-9.365853658536585,0.25609756097560976,-8.793716742380694,-10.9,20,2018,W,,79,0.9634146341463414,-11.671541607678405,-0.4443743934508415,2276,2065,-0.24336350201213186,3126,3272,6.704271770541778,214,235,6.80975552910921,518,545,-1.3572807675696072,403,505,2276,2065,-3.5408657772520264,0.8933003642536761,-0.9306302202006957,5.745365737686883,6.328704285303746
POR,82,49,2.597560975609756,0.5975609756097561,2.6014574903779693,5.25,20,2018,W,3.0,79,0.9634146341463414,3.491038976482635,-2.227213886195898,682,589,0.6291891655077126,3881,3805,-0.6233614526788065,343,340,6.588151222153494,476,423,-3.06507702227857,1134,1298,682,589,-7.289072888874713,0.5837196600486219,0.6248660467652178,-0.5576560319302208,6.598901731307163
SAC,82,27,-6.987804878048781,0.32926829268292684,-6.590858363411976,-3.85,20,2018,W,,80,0.975609756097561,-8.99236856145768,4.490169900970589,1703,1522,0.49656413485794104,3505,3631,8.788215120626852,288,300,4.040925939663159,616,614,-10.279988988279017,347,436,1703,1522,-10.644544874156763,4.13437470168833,0.719385886434285,8.27223135666491,4.536581657534315
SAS,82,47,2.8902439024390243,0.573170731707317,2.892543728913375,2.35,20,2018,W,7.0,81,0.9878048780487805,3.4336664198015145,2.2121706483573322,922,777,1.52861103966598,3723,3636,-3.7116050852334643,283,265,-2.675446276133858,465,432,-5.627522794692775,902,1088,922,777,-10.63402422448984,4.626647980726263,1.6871608051467795,-3.2859658031887924,-1.7763334860964073
TOR,82,59,7.719512195121951,0.7195121951219512,7.234802123653863,5.15,20,2018,E,1.0,76,0.926829268292683,9.891870520306412,2.4317761005979985,420,336,-0.315865676052125,3593,3462,-9.768021566278266,305,289,5.03007669362221,446,385,-6.384725624285468,1477,1692,420,336,-8.800768717368488,4.164162629901806,-0.036136999011096904,-8.847450906287726,6.209964441804535
UTA,82,48,4.304878048780488,0.5853658536585366,4.47603514263175,13.15,20,2018,W,5.0,80,0.975609756097561,5.316020192071734,-5.270376372749791,916,817,-0.7248409031572924,3414,3361,-0.8936552344290787,223,217,-7.233014009041076,365,354,8.75096288009219,1260,1434,916,817,6.279685338874398,-3.7095379490947944,-0.8274365448684557,-1.1338014870697455,-6.603737682686717
WAS,82,43,0.5853658536585366,0.524390243902439,0.5285452492633971,-3.0,20,2018,E,8.0,39,0.47560975609756095,-1.1271604884598294,5.9432520321574955,585,494,-0.7122083340515779,1696,1699,-6.4681249578617805,159,162,5.797181591955303,277,252,-7.721227430814306,439,502,585,494,-9.691553668702513,6.56673225799152,-0.4094595630623834,-5.7115888490549205,6.8457074021837165
ATL,82,29,-6.024390243902439,0.35365853658536583,-6.059083163502028,-3.05,20,2019,E,,80,0.975609756097561,-7.2775786989246205,3.404569774251226,1933,1710,0.3432856849547967,3702,3794,12.123401543491642,326,340,1.7727458403098666,679,689,-6.830565637263745,485,580,1933,1710,-8.947580022098585,4.465018182708616,0.027286957218220387,11.1231804276663,1.8454725722904541
BKN,82,42,-0.07317073170731707,0.5121951219512195,-0.39956279362643665,0.75,20,2019,E,6.0,81,0.9878048780487805,-0.22150570565764893,6.927942328835857,1201,1024,-1.887956158718085,3920,3926,-1.8441941782650526,361,361,-0.3663810424129339,611,568,-8.096157875898777,1006,1165,1201,1024,-10.560904942995,8.58331090632179,-2.1121986372870376,-1.875646479333228,0.556721437599406
BOS,82,49,4.439024390243903,0.5975609756097561,3.8994890604438313,1.55,20,2019,E,4.0,80,0.975609756097561,5.379626468279685,1.8382703038177208,942,815,3.312262103214765,3422,3266,-2.50061602250545,278,271,-1.574447068485668,481,463,-3.2833861810671223,1417,1622,942,815,-5.152426636988766,2.216005575833573,3.9556421381840376,-1.2787345760545081,0.36470048372817754
CHA,82,39,-1.0975609756097562,0.47560975609756095,-1.3133618649056296,-3.35,20,2019,E,,82,1.0,-1.3849544503435305,-3.6872008614742455,1297,1115,0.4268219401810238,3631,3665,1.0157950306389458,309,306,3.4731614436389213,529,501,4.431212094075211,1003,1154,1297,1115,0.10813672414804065,-1.7294179077424636,0.39714083963749225,1.4672233918603554,4.44825134508461
CHI,82,22,-8.414634146341463,0.2682926829268293,-8.315642657390466,-10.1,20,2019,E,,82,1.0,-9.942056388603442,-4.9314273962994335,1932,1779,1.3172592591170798,3879,4004,3.395563866237188,307,330,8.55284481219336,690,653,3.528277213429657,398,498,1932,1779,0.8975852882438087,-3.406368689464923,0.8037473270817124,2.1347174307189087,8.410372673584655
CLE,82,19,-9.609756097560975,0.23170731707317074,-9.389371168850486,-9.45,20,2019,E,,78,0.9512195121951219,-11.357891805839895,4.614948822718688,2075,1827,0.403427984907502,3055,3170,1.79527144886754,189,205,-2.693543547462685,497,539,0.19573707533269946,394,482,2075,1827,-2.8330054449478164,5.664909974922887,0.037166613295136486,0.8384069694992622,-2.6215104692535878
DAL,82,33,-1.2804878048780488,0.4024390243902439,-0.8617579948605127,-2.35,20,2019,W,,82,1.0,-1.7047923638691276,10.166497241417753,1287,1081,-1.4387891611345536,3928,3939,-4.584523894147646,341,342,-1.3262961122843455,624,614,-3.6218464107843573,842,963,1287,1081,-5.492248240611044,11.189206272266158,-1.474609410398084,-4.343677712073491,-0.7655982985887695
DEN,82,54,3.951219512195122,0.6585365853658537,4.19778216059103,0.7,20,2019,W,2.0,82,1.0,4.408318444850309,-3.803646151108496,951,814,0.8591361334618064,3726,3632,2.872084303493426,305,287,5.727450201359334,406,376,4.892527589909262,1308,1470,951,814,1.0705040931872758,-2.4363517320436996,1.2899407632028206,2.9637876214676178,6.30268026288508
DET,82,41,-0.24390243902439024,0.5,-0.5542820750544626,0.3,20,2019,E,8.0,80,0.975609756097561,-0.7688219459262923,3.802896831071856,1369,1175,0.3375909864874882,3279,3271,-0.423640912223743,320,323,4.254131879425458,564,542,-5.329606613721062,918,1077,1369,1175,-10.5028364613373,5.634828090797396,0.5722998870580812,0.18756318366962088,5.382795448605813
GSW,82,57,6.463414634146342,0.6951219512195121,6.422969348767675,6.3,20,2019,W,1.0,82,1.0,7.70059300215863,-8.457912091845365,818,696,0.7046671801824189,3618,3553,-3.0396460490394075,268,278,1.015922008249298,454,422,7.845782997837041,1773,1992,818,696,4.672895958479835,-6.591672692362071,0.9138061431751163,-2.172552913054786,1.9884850061874113
HOU,82,53,4.7682926829268295,0.6463414634146342,4.965523000445233,12.75,20,2019,W,4.0,78,0.9512195121951219,5.539581147130827,-4.987885152896212,757,643,0.8771644428597369,3277,3196,-4.192330946315479,249,250,2.3456537292926116,379,360,4.262354153390598,1690,1883,757,643,1.76863575898272,-3.4978392360393036,1.0146913359557077,-4.079433680637877,2.593453571839584
IND,82,48,3.3292682926829267,0.5853658536585366,2.7644039482033045,-1.95,20,2019,E,5.0,80,0.975609756097561,3.786483528381426,-2.7941782628418217,923,791,-1.5776735822446097,3403,3419,-1.1724971900013608,222,219,-5.8031599902452955,409,386,3.4836171743703974,1171,1387,923,791,-0.040686963100688534,-0.19689209977878264,-2.055591881230092,-1.6201499366155236,-5.022801019495348
LAC,82,48,0.8536585365853658,0.5853658536585366,1.0906542528845098,2.75,20,2019,W,8.0,81,0.9878048780487805,1.1541608247730084,-3.4334108236570176,1241,1098,3.5209813598046322,3800,3735,14.194410007840144,304,298,5.74501861542285,521,486,4.224364674764192,1084,1224,1241,1098,-0.40787386867190456,-1.1477659207800568,3.393132219189128,14.187024734503995,5.601072863839738
LAL,82,37,-1.7195121951219512,0.45121951219512196,-1.3242087064736765,-2.75,20,2019,W,,81,0.9878048780487805,-2.2549221249900544,1.3446523084285844,1382,1204,-2.6773409539942614,3979,4063,6.033299313577432,280,280,-6.659197130130549,571,545,1.5311448249083321,792,902,1382,1204,-1.478980769257627,2.749977812523486,-2.7518011259137936,5.804504600890648,-6.578563311093859
MEM,82,33,-2.597560975609756,0.4024390243902439,-2.080124230776024,-0.95,20,2019,W,,82,1.0,-2.8640581691179303,-3.8849028913892614,1071,961,1.4305395901850506,3930,3943,-3.3563756974059658,361,376,3.8525701678577766,642,591,-10.303613324348706,784,992,1071,961,-11.945901213112796,-3.036328304065026,1.3362856715982612,-3.8866073998213717,3.586019365298633
MIA,82,39,-0.23170731707317074,0.47560975609756095,-0.45018298565768716,0.9,20,2019,E,,80,0.975609756097561,-0.28984158771121615,1.3158388597614146,1008,888,4.012549075513229,3594,3515,-3.855474987368691,301,293,-4.9017760464048825,522,505,-4.691366812265579,1044,1207,1008,888,-6.411305953209988,3.1075219419926694,3.481341730173597,-3.407209607670341,-4.347573631099534
MIL,82,60,8.865853658536585,0.7317073170731707,8.045685603885715,6.7,20,2019,E,1.0,81,0.9878048780487805,10.03207865022943,8.930108609205309,633,493,-1.8888761728009777,3339,3245,-5.018739021207216,261,260,-1.4302412497245385,400,369,-14.401836179835465,1991,2220,633,493,-15.601539022178695,9.542674551495063,-1.553267378386395,-4.854285790322927,-0.22392981749514895
MIN,82,36,-1.5,0.43902439024390244,-1.019211017395092,-6.2,20,2019,W,,81,0.9878048780487805,-1.4970118741555392,4.090731991826047,1157,982,-2.836013929317326,4018,4099,-8.02640384379749,317,318,-9.529924184281828,612,602,-2.9605646706231155,812,939,1157,982,-7.271800568850862,6.0258845491819235,-2.938083492114779,-8.769385737422,-9.131240880252015
NOP,82,33,-1.329268292682927,0.4024390243902439,-1.0965517218734921,-7.6,20,2019,W,,81,0.9878048780487805,-1.3838216895775983,11.284807998564586,1499,1263,-3.1570885782884917,3812,3884,-3.286257994649006,293,311,-3.877522929962618,684,706,-11.777301584136719,705,829,1499,1263,-14.629146586472677,12.67103295628844,-3.234581755301281,-4.31256358310957,-3.548332616509167
NYK,82,17,-9.207317073170731,0.2073170731707317,-8.924009007634073,-12.5,20,2019,E,,76,0.926829268292683,-10.810391695703363,4.511805293862549,2153,1918,-4.227769006789973,2826,3001,7.44146141069146,217,238,1.9744609407118876,597,611,-4.877364895853136,446,536,2153,1918,-8.699491177292426,5.847729035359085,-4.482944612467374,6.23191876978984,1.5726990972087762
OKC,82,49,3.402439024390244,0.5975609756097561,3.5593821551143043,0.45,20,2019,W,6.0,82,1.0,3.7193939402510483,15.859844625153855,968,754,-2.1814322182382724,3735,3772,-1.8504418259244888,358,348,-0.16604574460094712,637,619,-16.84120964444204,1370,1544,968,754,-19.566068712028265,16.895410526564792,-2.0957683058903362,-1.036153719636041,0.47264883901872956
ORL,82,42,0.7073170731707317,0.5121951219512195,0.27802820889316227,5.55,20,2019,E,7.0,81,0.9878048780487805,0.9812003844197483,-1.7501503647124257,968,836,-0.47792062239020083,3380,3364,-2.0956631260695926,339,316,2.3454029087147736,534,495,2.426377426386492,1232,1412,968,836,-0.9594872825441539,-0.10010328775082478,-0.3246039916819421,-1.7799807510317183,3.0745097307971854
PHI,82,51,2.6951219512195124,0.6219512195121951,2.257651150048628,0.55,20,2019,E,3.0,82,1.0,3.513903704890473,-5.398192330381074,873,777,3.8463719512570593,3772,3618,-1.7058226889104378,345,317,2.3611885322410675,432,376,0.39463367261381577,1521,1769,873,777,-3.3783458332141056,-3.5160988511955455,4.129159386057543,-1.2999588531610629,3.230292258955092
PHX,82,19,-9.341463414634147,0.23170731707317074,-8.608938429158757,-7.3,20,2019,W,,81,0.9878048780487805,-11.140650226144913,1.9761890898288748,2391,2197,0.1667008527187548,3419,3578,6.054122875914033,280,295,3.795374107349451,539,524,-0.6787932585447649,418,488,2391,2197,-2.6245465057149167,2.7822596779293436,-0.26654188616957164,5.382723381649348,3.4966848358812754
POR,82,53,4.195121951219512,0.6463414634146342,4.4358504887128705,6.35,20,2019,W,3.0,81,0.9878048780487805,4.556269844723062,-2.431713631522602,727,624,3.582609636939318,3828,3690,2.5845786808424833,272,264,-4.884488591512515,503,484,-2.470506648395946,1305,1505,727,624,-6.346738305855795,-0.39089640334614817,3.7490891959541814,2.878250626214421,-4.10714803922149
SAC,82,39,-1.1219512195121952,0.47560975609756095,-0.8098415453848096,-0.4,20,2019,W,,82,1.0,-1.3514657475342826,2.8649519735471234,1379,1186,-1.4084121556709037,3634,3703,1.545018154528606,322,338,7.996729600458156,627,610,-8.937882192899472,897,1086,1379,1186,-12.639967024264188,4.304393092883913,-1.212473591108391,1.7484611562787864,8.916011019001976
SAS,82,48,1.6829268292682926,0.5853658536585366,1.8078315819854416,5.55,20,2019,W,7.0,81,0.9878048780487805,2.6706235342447715,-3.7199091840218306,1048,909,-0.5461226893987172,3451,3439,-0.734983784311829,307,280,4.11501353364949,421,398,2.377275514366276,1315,1491,1048,909,0.3052807292129308,-2.468677530376256,-0.8402822216773651,-1.0559829227923732,3.918518586083323
TOR,82,58,6.085365853658536,0.7073170731707317,5.491034765371234,7.8,20,2019,E,2.0,79,0.9634146341463414,6.279434195891959,1.6231195130122007,588,463,1.5022348931571718,3476,3373,-1.6785769411821247,324,300,3.652660842255644,396,347,-10.407520886548822,1660,1910,588,463,-13.076006550601429,3.2650861633101247,1.6194686880855604,-0.9555060220023117,5.4254605226420125
UTA,82,50,5.2560975609756095,0.6097560975609756,5.2873073240880215,10.7,20,2019,W,5.0,82,1.0,6.532430981873029,-4.178200985601812,789,676,0.03514505980326277,3505,3417,-6.697701223665849,224,215,-9.660424038081814,452,433,5.7838193556143285,1618,1831,789,676,2.3036739800421593,-2.241005983395974,0.3920640093965586,-5.844068482927982,-8.734960858869254
WAS,82,32,-2.902439024390244,0.3902439024390244,-3.2974636868913456,-2.2,20,2019,E,,65,0.7926829268292683,-3.946209477033923,8.34633481599868,1514,1299,-1.1494668857244292,2844,2908,-0.019749963771165113,254,275,1.9201112478340265,511,506,-9.41318375399384,599,716,1514,1299,-11.539445690178487,10.010670606691328,-2.1008707067035486,-0.9927715834641004,1.8816836568340904
ATL,67,20,-7.970149253731344,0.29850746268656714,-7.542074920377071,-5.3,20,2020,E,,65,0.9701492537313433,-9.85014578176889,-0.35068878214535815,1937,1752,0.8108093267606016,2767,2892,7.035735326946968,248,271,4.488625164392345,606,592,3.936857818797338,327,403,1937,1752,1.7782163173623378,-0.08691488579611573,0.7231552735374276,6.740584162157603,5.272569741124539
BKN,72,35,-0.5694444444444444,0.4861111111111111,-0.850653362470473,-0.35,20,2020,E,7.0,72,1.0,-0.5361496141659694,-4.108369895902192,871,763,4.267897694478192,3632,3521,4.1909889025878915,348,336,-2.654738308240524,516,475,4.031414999874853,939,1077,871,763,0.5386645515915465,-2.4200443660916955,4.303087614669491,4.13969892230746,-1.708130133550848
BOS,72,48,6.305555555555555,0.6666666666666666,5.994955184296918,4.0,20,2020,E,3.0,71,0.9861111111111112,8.376543651264884,5.568548125053912,486,377,-1.1639613314164325,3290,3214,-8.3790906906782,302,289,-7.3859773374318864,419,387,-8.784423394214304,1333,1516,486,377,-12.111084879641218,8.016569723152507,-1.2169458955736845,-7.690654938804143,-5.965354145392013
CHA,65,23,-6.753846153846154,0.35384615384615387,-6.882215652342628,-5.8,20,2020,E,,64,0.9846153846153847,-8.515967934708716,4.258151369813426,1208,1040,4.496954795759592,2857,2868,14.218294495356695,282,280,2.053908232083475,501,482,-13.935494282855807,277,364,1208,1040,-15.816891326336462,5.684117092365019,4.103267505862833,13.696190609993504,2.012508911390028
CHI,65,22,-3.076923076923077,0.3384615384615385,-3.8525860377267938,-5.15,20,2020,E,,64,0.9846153846153847,-4.578396060422634,10.595744717038205,1034,841,-6.17148497972681,2904,3056,-9.807152128100036,219,239,-4.393494129292523,600,606,-7.939674090929673,581,655,1034,841,-11.737796207134569,12.099848775560954,-5.871064322656132,-9.817915785520366,-4.080158664847115
CLE,65,19,-7.892307692307693,0.2923076923076923,-7.611062122147577,-5.0,20,2020,E,,64,0.9846153846153847,-10.062147074013769,1.2945118498704247,1764,1579,0.8140327764816604,2507,2581,4.987961402647504,236,233,5.772045523513107,373,379,0.5223851771538914,459,538,1764,1579,-3.8890929258295905,3.0786905522184043,0.29436216925675573,4.222720677478748,6.239402652164763
DAL,75,43,4.946666666666666,0.5733333333333334,5.036158663158667,2.1,20,2020,W,7.0,73,0.9733333333333334,6.590102970547327,-1.934679733679915,609,513,-2.1042285968420567,3250,3208,-12.575019834448256,308,302,0.6902591223471601,411,351,1.107528326485852,1394,1591,609,513,-2.6265984702230334,-0.18165122592685812,-1.7332483688428857,-12.158568224300963,1.6389607884474184
DEN,72,46,2.25,0.6388888888888888,2.573699002645257,-1.65,20,2020,W,3.0,72,1.0,2.8531306404467474,4.958355372869557,703,583,0.7331315696052876,3403,3386,8.684666202808902,347,327,2.7815732729319094,506,441,-8.667107451446453,801,939,703,583,-9.58397012973683,5.330264311194078,0.7217355184005516,8.462911247216388,2.4325872614459025
DET,66,20,-3.5606060606060606,0.30303030303030304,-4.234977414716557,-8.05,20,2020,E,,63,0.9545454545454546,-4.630979905003294,9.120125432442903,1142,952,-4.225196833411291,2726,2823,-11.19068952368795,224,232,-7.539900119970357,501,504,2.5470505822661984,437,523,1142,952,-1.804215258948152,11.113041456289384,-4.474040995495626,-11.35859427318463,-7.950396697523399
GSW,65,15,-8.707692307692307,0.23076923076923078,-7.950855243558046,-10.45,20,2020,W,,65,1.0,-10.77716387221886,1.7093434571347377,1953,1759,-3.3049690292762524,2491,2632,-1.017075754261393,194,213,5.547223636258009,450,443,8.450974536725711,381,429,1953,1759,5.829031386883069,2.8115181196489134,-3.7960948931298866,-1.7983273401807658,5.268936681848717
HOU,72,44,2.9583333333333335,0.6111111111111112,3.2959957113228313,1.15,20,2020,W,4.0,72,1.0,3.27516404210614,-4.133669579445746,1060,930,4.400638669106638,3105,2972,8.244537756871654,234,224,-3.896389472627252,439,427,2.748545260958611,1196,1387,1060,930,0.9334209796145703,-3.611142490068563,4.546888439814721,8.852952780906618,-3.8141853390549327
IND,72,44,1.75,0.6111111111111112,1.551930648619779,0.35,20,2020,E,4.0,72,1.0,2.538167901188533,-7.833850879558415,749,659,0.6250659846155413,3413,3444,6.252100362115813,291,276,6.001549388981351,411,350,3.756631995854379,1043,1195,749,659,0.39455933692572875,-5.5961033628347145,0.5633661290225551,6.272149926089723,6.865326653028529
LAC,71,48,6.47887323943662,0.676056338028169,6.827177411904164,7.5,20,2020,W,2.0,70,0.9859154929577465,7.800896011811599,-3.05766210474051,621,509,-1.5573840201655162,3067,3025,-5.981905638629475,223,210,-2.4249015946999233,442,401,3.4792180236456263,1524,1697,621,509,0.8906330118860346,-2.387905748075374,-0.7170719152743885,-5.0373145197859195,-1.045308182157231
LAL,71,52,5.788732394366197,0.7323943661971831,6.444955026858632,2.35,20,2020,W,1.0,70,0.9859154929577465,7.187403877405149,-4.320919604304807,631,529,2.398236561430024,3264,3136,-2.9483986175696097,228,218,-1.2258629392696623,293,267,2.6545218506416375,1301,1459,631,529,-0.49101544443619005,-3.071746924570003,2.7072926957713257,-2.7009998430479403,-0.12145949511332166
MEM,73,34,-1.0684931506849316,0.4657534246575342,-0.7464799553234713,0.35,20,2020,W,,72,0.9863013698630136,-0.729769922601841,-6.3777227564272145,1245,1114,0.42611114153628515,3099,3089,-6.230188893956945,191,194,-5.409783132394706,404,391,4.051940831837681,977,1173,1245,1114,1.5827386718078187,-4.819642674526721,0.40233146461498726,-6.539139747826292,-5.40602807315769
MIA,72,44,3.2222222222222223,0.6111111111111112,2.9920720117812403,2.4,20,2020,E,5.0,71,0.9861111111111112,4.260418567616064,-0.7556286721868597,544,452,2.190658666569954,3170,3054,-13.118822479269445,292,289,-3.451093833979221,444,416,-4.107949133946091,1388,1574,544,452,-7.662133090706802,1.006807395465624,2.572430995683458,-13.050002179984105,-2.808497159439554
MIL,73,56,10.082191780821917,0.7671232876712328,9.565124234196954,3.75,20,2020,E,1.0,71,0.9726027397260274,11.853063204860959,0.8896379660123408,619,526,6.041811650252988,2599,2408,-0.7462012984066568,153,130,-15.346713356069262,231,247,-7.598107829897467,2090,2370,619,526,-10.550484377663507,3.0567128239803605,6.023328307540833,0.09834628093304332,-13.294732315582694
MIN,64,19,-4.296875,0.296875,-3.851904335367259,-6.05,20,2020,W,,63,0.984375,-5.210185545592395,7.995210704147923,1091,925,-6.445901846087966,3072,3267,2.66431419591071,187,223,1.4565378910966746,692,707,-1.6535708902363093,459,521,1091,925,-5.003485048720867,8.815752763406046,-6.335172780294975,2.1288794501349533,1.5924056916141764
NOP,72,30,-1.2916666666666667,0.4166666666666667,-0.3853146822740643,0.75,20,2020,W,,72,1.0,-1.519889317564721,3.0130096586089268,1178,1011,-1.447612710520361,3481,3524,-14.674036323685074,272,293,1.4994576780165454,606,580,-8.37994902566482,743,916,1178,1011,-11.835609860491653,4.421669180393876,-1.292846978806098,-14.42860206972438,2.258364992462281
NYK,66,21,-6.454545454545454,0.3181818181818182,-6.561153966734285,-3.1,20,2020,E,,64,0.9696969696969697,-7.547481060003964,-2.1667328377211454,1467,1319,1.2175903335510627,2781,2835,12.43907173909145,248,257,8.124043252433077,525,511,3.7159687090050806,502,591,1467,1319,-1.1621644644895008,-0.26846885612077376,0.9612335333680457,11.571012713987646,7.920282998452988
OKC,71,44,2.0704225352112675,0.6197183098591549,2.482553666299545,0.4,20,2020,W,5.0,70,0.9859154929577465,2.6245920272342342,-1.4793986921040059,898,794,-0.5757560116928202,3364,3348,15.660455437851635,365,347,9.582950154657556,569,509,0.04876369354996557,820,951,898,794,-4.18426914784485,0.38482287175788255,-0.31655566221148046,15.736690125532618,10.768311700706708
ORL,73,33,-1.0136986301369864,0.4520547945205479,-0.7662955101185822,1.05,20,2020,E,8.0,73,1.0,-1.1778292870004399,5.609245939411798,1088,935,-0.716988109593411,3340,3377,-8.562801001320576,251,242,-3.7600086831799753,566,568,-2.461783170506495,802,914,1088,935,-7.190429385048132,8.518342181151315,-1.273387063612959,-8.921060225807,-2.490585078664535
PHI,73,43,2.3835616438356166,0.589041095890411,2.4131509334599732,2.75,20,2020,E,6.0,72,0.9863013698630136,3.1250977896978576,3.691487153958973,675,531,2.0089512496758877,3421,3301,-2.575873727644955,258,258,-5.204175688185264,414,406,-5.242458578347595,1010,1178,675,531,-7.335504510790616,4.990380304545308,2.1421099876327276,-2.6276277861209976,-4.963260878171005
PHX,73,34,0.2191780821917808,0.4657534246575342,0.7273944531381342,3.15,20,2020,W,,69,0.9452054794520548,-0.09078844468618863,4.947341393246259,932,795,-1.056962071969938,3303,3315,-0.7861325818106855,260,272,-2.0719370375656316,522,504,-2.888633661686469,768,910,932,795,-4.637574395803107,6.369000777879617,-1.3687864572458264,-1.4906516481779706,-2.3541211552867356
POR,74,35,-1.1486486486486487,0.47297297297297297,-0.4490504636756932,-0.45,20,2020,W,8.0,74,1.0,-1.6386889548596835,2.598144165173907,1216,1027,2.23120516001713,3417,3359,8.726309806634863,263,270,4.6186778257546095,540,523,-6.540287784368775,689,836,1216,1027,-8.721436885939955,3.9896417639727995,1.8043768893701149,8.369848826613659,4.610775076179211
SAC,72,31,-2.0416666666666665,0.4305555555555556,-1.4191279050508707,-1.1,20,2020,W,,71,0.9861111111111112,-2.835514883624544,1.4029670512164443,1251,1106,1.6636057098178565,3006,2992,-0.7366373191241582,272,280,6.535227702387345,484,464,-3.029194143183981,826,956,1251,1106,-6.387516673287285,2.655221735897026,1.8803036203792254,-0.49268734952935,7.239764534773383
SAS,71,32,-1.1126760563380282,0.4507042253521127,-0.4866737213427836,-1.35,20,2020,W,,69,0.971830985915493,-1.8159848770126041,9.317798419267707,1026,850,-1.6171937839479114,3201,3277,-2.490502009528042,337,356,4.994995093453113,599,569,-15.023973792482435,722,877,1026,850,-16.60569900242723,10.591871867381712,-2.0069837573896057,-3.309238775098406,5.07106356869311
TOR,71,52,6.211267605633803,0.7323943661971831,6.067782142070636,5.2,20,2020,E,2.0,70,0.9859154929577465,7.155896763502975,5.56112574052283,536,436,0.5373252209979329,3180,3129,7.902876215624894,268,256,-5.639960972371586,411,378,-10.754833955814284,1261,1447,536,436,-15.262513119371075,8.617994442313694,0.4995012564559014,7.556583166134583,-4.191499130154763
UTA,72,44,2.4722222222222223,0.6111111111111112,2.686588279099329,-1.15,20,2020,W,6.0,71,0.9861111111111112,3.139864341962931,0.843349021022838,739,623,0.10460894092644013,3261,3216,3.986638272977208,307,283,1.3890100209230534,406,365,-4.463082034094419,1177,1325,739,623,-7.675660478109063,2.426876346231318,0.20324912714721366,4.301863571520645,2.5727717624054773
WAS,72,25,-4.666666666666667,0.3472222222222222,-5.0691120756259656,-4.7,20,2020,E,,71,0.9861111111111112,-5.331193760681203,4.453439098898963,1604,1433,-3.297089386315365,3134,3256,-3.3294428440268433,202,210,-2.6161555575281374,508,520,-10.710558315339654,436,565,1604,1433,-14.117535894891908,5.99832621908587,-3.5706614353510453,-2.652578080079552,-2.2461414431005746
ATL,72,41,2.3194444444444446,0.5694444444444444,2.1417777777777767,3.6,20,2021,E,5.0,72,1.0,2.7413342379232484,-1.2497791119213004,927,792,1.4447377902252114,3240,3172,-2.9933112183505552,251,260,-0.33451064925402463,448,423,-3.528058819111234,1048,1210,927,792,-6.5625429069586705,0.16614372896594176,1.7207521915961368,-3.0604967230001026,-0.19358397812686645
BKN,72,48,4.5,0.6666666666666666,4.2351111111111255,3.6,20,2021,E,2.0,68,0.9444444444444444,5.833782109569611,10.715420275277964,700,558,-1.8258004422359724,3049,3069,-1.4448261106859608,302,289,-0.0465049832852964,341,325,-14.698265391026766,1241,1398,700,558,-16.564686799303196,11.983022527300644,-1.676900374873135,-1.2252545370141785,-0.06276250304338493
BOS,72,36,1.4583333333333333,0.5,1.3151111111111071,1.2,20,2021,E,7.0,70,0.9722222222222222,1.6420397575586956,10.615020525861478,1045,878,-2.6682404750417037,3002,3046,-7.692809187570707,300,319,6.931852624144384,617,578,-13.011333972683907,1008,1130,1045,878,-15.585734614341462,11.225455210371125,-2.1090330184807646,-7.374119135330239,7.347029842515751
CHA,72,33,-1.9305555555555556,0.4583333333333333,-1.9382222222222258,-4.9,20,2021,E,,71,0.9861111111111112,-2.3570404293588463,8.33529119403694,1340,1137,0.46083511598473614,2855,2913,14.514055366798358,196,188,-10.352745125286186,434,468,-8.088806407802675,813,918,1340,1137,-10.500401412758826,10.395236593939893,-0.20361922676831368,14.25026298066286,-10.785796571711142
CHI,72,31,-0.8888888888888888,0.4305555555555556,-0.9382222222222237,-0.6,20,2021,E,,70,0.9722222222222222,-1.111327633241456,5.625916841549037,1242,1092,-0.4631841639601202,2758,2781,-4.199233178403512,236,235,-4.645201379052681,418,425,-13.26279576867389,946,1115,1242,1092,-16.713543584135206,7.229565928140869,-0.4228260237109891,-4.5718015480442915,-4.290351774323946
CLE,72,22,-8.444444444444445,0.3055555555555556,-8.191555555555544,-11.05,20,2021,E,,71,0.9861111111111112,-9.518573078061815,-1.9958687162668944,1698,1524,3.4830933146147283,3115,3137,5.314638248736103,207,209,0.46002927877943733,386,371,9.728296733795151,420,492,1698,1524,8.30140692017169,-1.027535911466007,3.275909872279154,5.482606701524689,0.35617697682516614
DAL,72,42,2.263888888888889,0.5833333333333334,2.2582222222222144,2.8,20,2021,W,5.0,69,0.9583333333333334,2.5764307435149925,-2.7174970662707727,894,784,-1.0637223334315322,2985,2996,-4.571480806571078,188,190,3.358894743497121,394,359,4.2729933527158686,1133,1259,894,784,3.057539020891848,-2.6066715425594795,-0.521520126144333,-4.098062292872676,3.6302251118262463
DEN,72,47,4.930555555555555,0.6527777777777778,4.81822222222221,3.4,20,2021,W,3.0,69,0.9583333333333334,5.652181047350581,4.898457357091397,582,478,1.2794249126969586,2803,2704,-0.5943802109399243,265,264,-4.6301846422437,452,432,-10.649222332792418,1541,1752,582,478,-12.3874902652423,5.62279017178596,1.898609714083765,0.2508966802078838,-3.7795690962103605
DET,72,20,-4.472222222222222,0.2777777777777778,-4.378222222222224,-7.1,20,2021,E,,66,0.9166666666666666,-5.879047084691108,9.124745596175975,1498,1322,-4.730278630315317,2547,2638,-7.352559028300737,232,243,-5.964489118583392,504,523,-9.325432553119228,583,685,1498,1322,-12.59152297923515,10.599830197219728,-4.83983259667359,-7.4471399392332085,-5.354883112754646
GSW,72,39,1.0555555555555556,0.5416666666666666,1.0982222222222178,9.3,20,2021,W,,72,1.0,1.1620589037104077,-8.012196259694797,1301,1153,-2.3816261276448696,2986,3023,-3.926084153383493,224,223,0.6748669317251608,370,320,11.052793774152853,1206,1357,1301,1153,4.933060173759049,-5.058823832251358,-2.339340381898038,-3.6566727599248683,1.1484446982571146
HOU,72,17,-7.930555555555555,0.2361111111111111,-7.528444444444445,-12.0,20,2021,W,,68,0.9444444444444444,-8.874254733886264,4.441946220579132,2028,1841,-4.366574502650421,2594,2748,-1.4225287688448383,145,168,-1.7791320632604908,478,480,7.782199156662246,547,605,2028,1841,3.576194266373241,6.081622855263639,-5.0623771767769625,-2.231145890282555,-1.9708932918232591
IND,72,34,-0.041666666666666664,0.4722222222222222,-0.12488888888889055,0.4,20,2021,E,,68,0.9444444444444444,0.22735554460579804,0.7795002980487764,951,843,0.9633379883675217,3376,3353,1.0293483248510762,306,301,-5.018569779583887,474,440,-1.5581800901364071,848,979,951,843,-5.6380473868317456,3.149990638684365,0.787044623864076,0.3322870420369287,-3.667671319569764
LAC,72,47,6.180555555555555,0.6527777777777778,6.018222222222221,5.15,20,2021,W,4.0,72,1.0,7.056283720391312,-1.7859765127754974,641,532,-1.6500577477508624,2926,2895,-10.345213912035293,168,176,-8.239546930747427,402,390,-3.1981502279641276,1506,1699,641,532,-6.127178136926651,-0.13063085547192088,-1.3030798537467145,-10.017717182021945,-7.392962883275619
LAL,72,42,2.7916666666666665,0.5833333333333334,2.7648888888888803,-0.5,20,2021,W,7.0,66,0.9166666666666666,3.2574111454921084,6.6019814085979895,918,769,-0.18217051213714708,2840,2854,3.5016314482644075,240,229,1.877560914577761,366,356,-7.864315818447272,944,1090,918,769,-12.128111989246094,9.453456235434311,-0.5122315073225638,2.6880180741896393,1.781991324023013
MEM,72,38,1.0277777777777777,0.5277777777777778,1.0715555555555527,0.2,20,2021,W,8.0,72,1.0,1.3780903441200685,-6.435462452727188,973,888,3.8352624606445,3493,3407,-6.225433221974258,283,278,-4.250222729196123,369,332,3.978223191392783,879,1044,973,888,0.8508812434810697,-4.182603122814162,3.4489690937842195,-5.45684882958463,-3.510517297303684
MIA,72,40,0.027777777777777776,0.5555555555555556,-0.05822222222222345,2.1,20,2021,E,6.0,71,0.9861111111111112,0.08873311703773812,-5.164077153229524,953,846,4.044093065729622,3246,3154,-3.311891520104322,232,228,-1.8210030804022221,339,313,-2.6699968836084995,861,1021,953,846,-6.940564714503656,-2.5632495200539385,3.900639533297179,-3.0106052668838146,-1.249164766207561
MIL,72,46,5.888888888888889,0.6388888888888888,5.568444444444436,6.8,20,2021,E,3.0,69,0.9583333333333334,7.2812189415570145,-3.769391581816384,666,579,-1.2413606344584958,2907,2815,-7.1445443937915245,199,189,-5.427749127864555,292,276,0.7519175134232325,1716,1919,666,579,-2.284039156933731,-1.8075193869953727,-0.9439359518914845,-6.232375612870277,-4.589395793740076
MIN,72,23,-5.555555555555555,0.3194444444444444,-5.2484444444444485,-0.65,20,2021,W,,71,0.9861111111111112,-5.850079451332576,6.8519271789224545,1692,1488,-3.6848356455135125,3203,3343,-1.993101516323855,281,297,0.9847925100371979,496,505,-8.549797824573268,416,501,1692,1488,-11.569642212104775,8.157187090505708,-4.16156054970519,-2.5592074066348838,1.0259314862504754
NOP,72,31,-0.2916666666666667,0.4305555555555556,-0.19511111111110926,0.25,20,2021,W,,69,0.9583333333333334,-0.3848672724826929,6.642907737610825,1023,842,-0.3616836458573791,3239,3229,4.336296183414771,314,302,-0.33197664617403033,538,509,-4.7160000466137255,861,1000,1023,842,-6.641658391131669,7.90870498414367,-0.46092736511884147,3.855633920863937,-0.4366408490258673
NYK,72,41,2.2916666666666665,0.5694444444444444,2.115111111111112,6.2,20,2021,E,4.0,71,0.9861111111111112,2.6952935583168616,-3.5790110563133437,718,632,2.8171232565160222,3317,3216,3.3171813740571015,304,301,-5.901467075749676,448,434,1.0098271584593126,915,1079,718,632,-3.0226154910814755,-1.3791459392580308,3.016443833046072,3.7391964240085356,-5.40211637993778
OKC,72,22,-10.63888888888889,0.3055555555555556,-10.128444444444437,-17.1,20,2021,W,,71,0.9861111111111112,-12.842742004841499,-1.93228984895722,2170,1981,4.960788803925699,2804,2817,11.100714207539147,212,206,10.481662279575282,368,355,-0.8762109023272728,330,429,2170,1981,-3.1679317455260367,-0.8548878943764429,4.406149413263322,10.939656568790316,9.508939409750392
ORL,72,21,-9.291666666666666,0.2916666666666667,-9.004888888888889,-15.0,20,2021,E,,69,0.9583333333333334,-10.672897003204909,3.1799516495521294,1838,1672,3.0579603053647926,2841,2901,13.249721273323521,186,202,4.530690349959428,471,477,-8.099017993608502,351,441,1838,1672,-11.017339845008333,4.440909889792832,2.7357830043436415,13.168268622892846,4.678955502581896
PHI,72,49,5.583333333333333,0.6805555555555556,5.2751111111111095,7.7,20,2021,E,1.0,68,0.9444444444444444,6.702126238523071,-5.031335621096327,739,657,1.809749927883641,2715,2640,1.292629919452624,272,254,5.999064770727988,341,311,1.461582654673116,1788,1983,739,657,-2.18246619378386,-3.181975406678407,2.284665107411419,1.7289346549726154,7.2669656570028085
PHX,72,51,5.819444444444445,0.7083333333333334,5.671555555555565,2.9,20,2021,W,2.0,69,0.9583333333333334,6.500552959979074,-7.212146019353938,486,422,4.684149307294875,3407,3216,-7.342538510952389,294,271,3.9700719622639458,320,274,5.788463567289803,1203,1370,486,422,3.841188863642207,-6.333876568359509,4.859579126178264,-7.076205786823144,4.381358083231129
POR,72,42,1.7916666666666667,0.5833333333333334,1.8048888888888888,6.5,20,2021,W,6.0,70,0.9722222222222222,1.832684489143141,1.0612539732864765,972,837,-0.16025758723838335,3078,3077,15.503357933435268,279,247,9.714891646620684,394,363,0.47707183341164905,1203,1330,972,837,-4.291407331004166,3.269272626934888,0.2947430893025511,15.2155922340747,9.605136515074722
SAC,72,31,-3.6805555555555554,0.4305555555555556,-3.4484444444444478,-2.45,20,2021,W,,71,0.9861111111111112,-4.610074063626527,-0.495770864431722,1262,1128,0.7035087326488889,3548,3596,2.257763964346275,301,309,3.749772494487529,472,453,-6.469386045171826,541,661,1262,1128,-11.171968511888476,1.0313745330698239,0.768944847719649,2.300895253358977,3.476793954676208
SAS,72,33,-1.7083333333333333,0.4583333333333333,-1.555111111111114,-3.25,20,2021,W,,70,0.9722222222222222,-1.9866154321923535,-4.858831570693339,1073,944,-1.4564644621925298,3202,3268,1.6592341668090707,300,317,6.132103607401219,521,476,8.833139869078877,835,942,1073,944,5.587571696472734,-2.380140572436006,-2.017858767828196,1.1368369815742159,6.417069229265827
TOR,72,27,-0.4722222222222222,0.375,-0.5382222222222218,-2.15,20,2021,E,,67,0.9305555555555556,-0.9514768636117978,12.856785567768695,1125,951,-3.9642519039723774,2968,3017,-5.068152674872927,226,246,-4.943799772034616,561,590,-15.343810498015747,654,774,1125,951,-16.259465486005354,12.796966798218019,-3.8087534907361627,-4.684984045725789,-4.376943000374839
UTA,72,52,9.25,0.7222222222222222,8.964888888888888,8.35,20,2021,W,1.0,72,1.0,10.73828213413626,-1.2836933972322147,607,511,-4.0651985018363925,2651,2615,-9.424929113892766,185,171,-3.74615315833769,302,290,0.08384047047503351,2078,2240,607,511,-3.0794676002229284,0.6457666917832121,-3.6596812208288085,-8.819338714799411,-3.4855834789703
WAS,72,34,-1.8333333333333333,0.4722222222222222,-1.8448888888888864,7.4,20,2021,E,8.0,70,0.9722222222222222,-2.067657407534424,1.741247988195998,1219,1068,-1.2047011459121393,3376,3431,4.622094839454583,330,346,10.755503718258995,593,553,-2.9127166725460767,734,858,1219,1068,-5.563843572196761,3.251137639531076,-1.2393490096316682,5.275039512178159,11.394245434001888
ATL,82,43,1.5609756097560976,0.524390243902439,1.5529908553809468,4.0,20,2022,E,8.0,78,0.9512195121951219,1.7696932829426908,6.049282702916933,922,778,0.2614328282387861,3222,3179,-6.869658728129096,237,234,-11.528192337553387,442,449,-9.478963905270072,1262,1451,922,778,-10.98578056232091,6.4366418257414075,0.6754275097024864,-7.050143125085608,-11.020959006779833
BKN,82,44,0.7804878048780488,0.5365853658536586,0.8185999627013625,6.0,20,2022,E,7.0,79,0.9634146341463414,1.3735921313167805,4.075129174623253,1176,1016,0.6649236935508438,3356,3328,1.893212770636004,305,302,1.4257715116662562,542,511,-6.330663154458495,1148,1324,1176,1016,-9.157105020164234,5.62143918616372,0.7338741654040895,2.2877219177037897,2.044000684328732
BOS,82,51,7.280487804878049,0.6219512195121951,7.0182831967053545,12.05,20,2022,E,2.0,80,0.975609756097561,8.64675127687486,2.043037530670288,634,516,-1.3913524421961405,3370,3271,-15.492379711332834,308,292,-7.006098391392975,417,373,1.9136084672002376,1950,2120,634,516,0.011256920313158503,3.3991575148677633,-1.3852598348239322,-15.119274175334272,-6.529922240688503
CHA,82,43,0.43902439024390244,0.524390243902439,0.5274847603017119,2.95,20,2022,E,,80,0.975609756097561,0.5950441919277067,-3.3720829073080383,1518,1379,-0.5882103748593339,3429,3477,-4.008847475729618,292,297,2.0787999485644155,380,360,8.221820986090297,1111,1254,1518,1379,4.66546751976232,-1.966884406743364,-0.6001918048800425,-3.749728947398248,2.8332117337244025
CHI,82,46,-0.4146341463414634,0.5609756097560976,-0.3989946510574847,-7.5,20,2022,E,6.0,78,0.9512195121951219,-0.9842335097337442,-0.8759178724588612,1216,1057,4.270925761944077,3434,3355,8.608794128516529,274,267,7.333308807820425,461,437,-1.1294641428883958,924,1062,1216,1057,-5.333777055374343,1.526695614726971,4.055520341148945,8.2726243598662,7.3318716438200875
CLE,82,44,2.1219512195121952,0.5365853658536586,2.0372398022660985,-2.15,20,2022,E,,78,0.9512195121951219,2.4317775662992758,11.368264807047815,868,713,-1.1346618682716096,3370,3326,2.4071707907831392,287,286,-6.69263227473509,568,560,-13.9178554920302,1175,1345,868,713,-15.250675226917895,12.703829999927047,-1.3304480179166398,2.5106715760938334,-6.182507153285398
DAL,82,52,3.3292682926829267,0.6341463414634146,3.147795573276894,3.35,20,2022,W,4.0,78,0.9512195121951219,4.398033495014779,-5.070631390131324,744,636,1.4926695174070632,3309,3244,-8.229841860537316,213,215,3.8892484242959577,335,310,3.4802109216879322,1223,1404,744,636,0.037541217779078484,-3.892896120914986,2.129055468592318,-7.868809101922832,4.558610130783022
DEN,82,48,2.3048780487804876,0.5853658536585366,2.1561022286976734,1.25,20,2022,W,6.0,56,0.6829268292682927,4.313384324188907,0.7825200336130971,506,430,0.6230933783936212,2494,2457,1.289792827726397,214,222,-7.470082101648199,368,340,-2.252656752848211,1043,1175,506,430,-6.8695021009526585,3.1199719877267604,0.974911374024038,1.676279599111611,-5.849380786543287
DET,82,23,-7.719512195121951,0.2804878048780488,-7.356316174051435,-2.1,20,2022,E,,80,0.975609756097561,-8.85439143397645,2.6142411917408195,1953,1772,-0.24692890599475348,3608,3764,-2.469880182307735,247,270,0.8323632517113912,667,654,-6.618461965907449,301,382,1953,1772,-9.383461475079715,3.203876659323413,-0.16472579349620098,-3.2227478305875312,1.0073272362342545
GSW,82,53,5.536585365853658,0.6463414634146342,5.520201383098457,1.5,20,2022,W,3.0,79,0.9634146341463414,6.661093537484124,-1.0215258390121154,795,681,-0.280297472568793,3413,3385,-1.7546691774684113,271,273,0.4229060414267831,431,394,-4.3790683236663615,1429,1617,795,681,-7.9767247797459095,0.9155576114848945,0.050610692190343975,-0.9634087321492029,1.2520499672271859
HOU,82,20,-8.475609756097562,0.24390243902439024,-8.256941731322765,-5.4,20,2022,W,,78,0.9512195121951219,-10.27429416527273,6.294001363890674,2350,2085,-1.097749542170746,2869,2943,2.1416780808798723,206,205,-5.782507318942031,417,449,-5.333753986852502,441,544,2350,2085,-10.778864784632368,8.013726346060771,-1.5252803845962752,1.6604491927211953,-6.726929058187771
IND,82,25,-3.5,0.3048780487804878,-3.2810777569415017,-7.15,20,2022,E,,78,0.9512195121951219,-3.8365184619930677,5.157686876807882,1380,1180,-3.964133581122426,3291,3419,-14.573394088011927,298,322,0.44839422176321797,692,703,-11.970352780024728,763,932,1380,1180,-14.326223595247317,6.732937739529525,-4.35495008294771,-15.967840108251611,0.3022340834949975
LAC,82,42,0.024390243902439025,0.5121951219512195,0.08900450569792177,2.5,20,2022,W,,80,0.975609756097561,0.18355182460127573,4.2860716880835605,1577,1360,-0.6356781066229551,3221,3207,9.946390563744377,285,273,5.730627103056155,560,538,0.8126199052517631,1002,1134,1577,1360,-2.479111066309085,5.817473548963927,-0.8505151162439686,9.866149884977851,6.103915500137362
LAL,82,33,-3.048780487804878,0.4024390243902439,-3.0807110643694213,-5.4,20,2022,W,,77,0.9390243902439024,-3.7667038990793236,2.8770079733736558,1512,1349,0.49334494234032045,3697,3727,-2.4544787982337635,365,365,4.69339200764067,591,530,-8.749828059178533,603,735,1512,1349,-14.50048739239364,4.825539432279055,0.36148737077104043,-3.1022184831666104,4.687909954092024
MEM,82,56,5.682926829268292,0.6829268292682927,5.368783741963135,8.7,20,2022,W,2.0,78,0.9512195121951219,5.9600989872181644,-13.076193386648562,915,832,3.0078708481952106,2816,2692,1.7659787796863053,252,235,-2.391538786138133,336,298,12.984890531988512,2054,2303,915,832,8.805203355049732,-10.849482006207639,3.679073144250257,2.4702916333982685,-1.7039229665694942
MIA,82,53,4.475609756097561,0.6463414634146342,4.256230940484761,3.45,20,2022,E,1.0,80,0.975609756097561,5.784296574205724,-5.822634436670603,668,570,2.1164769691910097,3193,3100,-2.26270697828929,242,225,-3.304985487089245,373,347,-2.627378007516497,1607,1829,668,570,-5.926882292411435,-3.3761807343993104,2.039845688310307,-2.0110343110555418,-2.694018928619521
MIL,82,51,3.3536585365853657,0.6219512195121951,3.2158154464510025,2.65,20,2022,E,3.0,82,1.0,3.592389180958425,-8.71425575472185,971,855,1.2077157388132527,3323,3265,5.851215255203449,233,241,6.2710164473424115,487,451,4.553665946376961,1751,1946,971,855,-0.08406957048698338,-6.395077282466527,1.6899205777487896,6.595587546388922,7.588141581126553
MIN,82,46,2.6341463414634148,0.5609756097560976,2.5316807762629883,7.55,20,2022,W,7.0,74,0.9024390243902439,2.9471030251160775,0.07547189715578817,850,717,1.0966320844329545,3238,3161,-0.212624236608971,241,233,-10.944927349344505,428,416,3.2734123079526865,1450,1609,850,717,-0.5305860651341963,2.0875398251751043,1.2213918940512465,0.5088558302479549,-10.355033845324119
NOP,82,36,-0.9878048780487805,0.43902439024390244,-0.8348130953362916,1.75,20,2022,W,8.0,79,0.9634146341463414,-0.8096813834731709,-0.10592072318275014,1601,1419,-2.6874962927579444,3050,3126,0.7522985458662161,195,188,-10.998336598936772,406,430,5.101161677685258,1083,1212,1601,1419,2.5974479432811455,1.5405615655165064,-3.267634174462105,0.4863388708352829,-11.000682012608243
NYK,82,37,-0.12195121951219512,0.45121951219512196,-0.0103061237201721,6.25,20,2022,E,,80,0.975609756097561,-0.026420286252908598,11.157398765003435,1105,919,-1.9309414618049885,3219,3247,-18.748978962788982,267,284,-9.915935424765449,525,521,-16.048969240764322,1131,1319,1105,919,-19.51706313809847,12.935338863997853,-1.8837856280225305,-18.54684282553082,-9.63847992859692
OKC,82,24,-8.097560975609756,0.2926829268292683,-7.894688099249096,-12.7,20,2022,W,,77,0.9390243902439024,-9.628986570186889,5.6713008712830835,2362,2104,-0.02175538331026239,3003,3130,8.047841389842006,288,295,13.20923003019073,542,547,-9.83026822173038,277,337,2362,2104,-12.072595512465377,6.953742408789994,-0.8247456801209445,6.983559735484378,13.079585122500697
ORL,82,22,-8.0,0.2682926829268293,-7.666831008354536,-8.1,20,2022,E,,80,0.975609756097561,-9.341706254785105,7.738109811709077,2179,1929,-1.6593224210387394,3169,3267,4.757425993164439,237,241,-1.6275444905788845,548,564,-7.189746406952412,414,500,2179,1929,-9.845986026659588,8.993461021078843,-2.1412313006118264,4.530239984945875,-1.9019648406645704
PHI,82,51,2.6097560975609757,0.6219512195121951,2.564687202138075,2.8,20,2022,E,4.0,78,0.9512195121951219,3.1560531992332703,-4.456662939451752,786,669,1.4642348471524818,3495,3406,-1.5720779590063678,311,316,4.6707487458087575,513,445,-4.130062550344242,1109,1323,786,669,-6.416233983914682,-2.8728244242714602,1.5527756856752082,-0.7616744038769521,5.819231421223503
PHX,82,64,7.524390243902439,0.7804878048780488,6.965065554416256,5.6,20,2022,W,1.0,74,0.9024390243902439,8.647853885025683,-3.9998639301511822,668,577,-1.3277056330264578,3207,3177,12.944843521865037,238,233,14.011335831541286,333,280,-1.2989456548901375,1544,1729,668,577,-3.5069179065267067,-2.7931138201201042,-0.7120628268714322,13.66610149700497,15.589367892646894
POR,82,27,-8.878048780487806,0.32926829268292684,-8.550876020557093,-20.05,20,2022,W,,77,0.9390243902439024,-10.355008229601909,-6.312781947942099,1838,1680,1.837254574369286,3007,3087,11.091820434316464,216,214,-2.433590723255808,515,512,10.27866671674839,803,916,1838,1680,7.512817623791225,-5.227068862022158,1.625864036798399,10.396448571232666,-2.889550998840617
SAC,82,30,-5.463414634146342,0.36585365853658536,-5.257846093128932,-6.25,20,2022,W,,81,0.9878048780487805,-6.0576513606739795,0.4626806120841973,1529,1353,0.9359129812754121,3597,3683,6.224459059682768,303,301,3.8204450449461143,602,569,-8.377057914461284,624,771,1529,1353,-11.737403834708125,2.1864632376091198,0.6720012335944974,5.710439410734147,4.32349675326463
SAS,82,34,0.12195121951219512,0.4146341463414634,0.02517551141900009,0.75,20,2022,W,,76,0.926829268292683,0.7314263782617056,4.95074534069031,1159,986,-1.9577122035498344,3298,3290,-9.793895309430066,268,275,-2.489613896587374,556,532,-2.5971922876786837,1158,1319,1159,986,-7.961884584689567,6.9127403890757915,-1.0949398220812179,-9.128054154660074,-1.2325057257605128
TOR,82,48,2.292682926829268,0.5853658536585366,2.3730214764610733,5.55,20,2022,E,5.0,77,0.9390243902439024,1.9145702982528325,4.345289696506252,1084,908,-0.7664859682948038,3424,3455,6.966980159791981,313,308,0.12495262073894842,459,453,-2.8824010640405677,1020,1143,1084,908,-3.4010663186806043,4.019981947046805,-0.3723020336030338,7.3044241339006195,0.2507826029311149
UTA,82,49,6.036585365853658,0.5975609756097561,5.672066829131271,5.85,20,2022,W,5.0,79,0.9634146341463414,7.247132443084193,0.7078782561620933,602,493,-1.1532173529396594,3374,3291,-10.468053403369119,264,263,-10.440214068858065,417,382,-1.6076051996925944,1494,1717,602,493,-6.630815908916302,3.5997321061655523,-0.8358992801787162,-9.866560520781844,-9.659724994033716
WAS,82,35,-3.402439024390244,0.4268292682926829,-3.2508279287652426,-5.25,20,2022,E,,81,0.9878048780487805,-3.959964943716545,5.022717493864905,1700,1502,0.7255478042854993,3453,3490,14.374384607383588,305,300,3.8647302827034724,508,513,-14.05944946853671,571,716,1700,1502,-16.029550794240777,6.6728304984213995,0.3058294817012497,13.719779211852355,3.2596034005057346
ATL,82,41,0.2926829268292683,0.5,0.3170922701111436,1.45,20,2023,E,7.0,81,0.9878048780487805,0.6303538022691402,1.5371534734722891,1140,979,2.5334007153525873,3651,3570,-10.079049388004284,354,356,-3.0848263339512485,536,514,-6.055374765128313,1035,1279,1140,979,-7.964857650823012,2.68239518810293,2.378377656898876,-9.864101596153917,-2.4851702591561864
BKN,82,45,0.8536585365853658,0.5487804878048781,1.0300672284968426,2.7,20,2023,E,6.0,79,0.9634146341463414,1.5846863179540267,-0.8842711993071886,1147,963,-0.3876785493474022,3403,3431,2.093363544211542,262,258,-5.580672926946155,542,529,3.530378846778205,1135,1298,1147,963,0.36867453671050576,0.5550426061449665,-0.47628042991240016,1.569661243944331,-5.189393670170425
BOS,82,57,6.524390243902439,0.6951219512195121,6.379086304940628,9.05,20,2023,E,2.0,81,0.9878048780487805,8.082642918755717,-2.3981876162564513,611,513,3.408452617712312,3550,3385,-6.547869922274435,324,297,-6.727837716193564,361,334,-1.2808854193950614,1711,1959,611,513,-2.503375030395425,-1.85130114768456,3.686658230861233,-5.396069252090027,-6.0843189741670285
CHA,82,27,-6.2439024390243905,0.32926829268292684,-5.889517205123432,-7.0,20,2023,E,,81,0.9878048780487805,-8.109227074709676,6.50656007443855,2052,1776,-0.5322860286543785,3182,3269,4.556621858868658,323,318,1.8953366547982613,594,623,-9.819527101915297,597,735,2052,1776,-12.943710959423159,7.963485249999723,-1.08786391507798,4.387713592648463,1.9887256549365384
CHI,82,40,1.2926829268292683,0.4878048780487805,1.3664036204326848,3.25,20,2023,E,,80,0.975609756097561,1.5510270740503427,1.7953028182448205,1092,904,-2.319652343939813,3405,3456,-3.481552337100351,302,312,0.28324563777005696,641,590,-3.114138738912157,1085,1271,1092,904,-5.5519538795260175,3.2693150774832724,-2.3891056828921102,-3.1746240544669604,0.8188646196162126
CLE,82,51,5.378048780487805,0.6219512195121951,5.231435592060572,5.2,20,2023,E,4.0,79,0.9634146341463414,7.341052773195164,3.7127003894911343,829,680,-2.7440878839991356,3408,3375,-1.82046880126813,298,299,6.292304832286918,481,465,-0.24586934110282677,1344,1515,829,680,-3.092992076631303,4.975925003091243,-2.3568423382932986,-1.324159302986744,7.037392408621509
DAL,82,38,0.07317073170731707,0.4634146341463415,-0.14303841633493317,-2.3,20,2023,W,,81,0.9878048780487805,0.24662127776681175,4.4034445867791,1195,1017,-1.6359113871554696,3791,3818,-2.5310196968651644,408,406,6.267137443947971,625,559,-1.126032978924318,1087,1213,1195,1017,-1.0975936425654576,4.759179313186126,-1.7534069121327749,-2.5705051542335253,5.738679570229246
DEN,82,53,3.3292682926829267,0.6463414634146342,3.042400411968031,0.9,20,2023,W,1.0,80,0.975609756097561,4.409989821258729,-3.7618579566250565,843,709,-0.4219481574960513,3389,3357,3.4507479640268963,265,249,1.3200202986838665,453,444,5.761653913172017,1450,1652,843,709,4.707827803376083,-3.011979620390524,-0.4871408975495286,3.6314363382154315,1.2765173600088966
DET,82,17,-8.21951219512195,0.2073170731707317,-7.728442125969014,-10.45,20,2023,E,,81,0.9878048780487805,-10.61555342794623,3.674318947705604,2098,1843,-3.08432698628404,3538,3766,-1.207582060058467,252,278,-0.07045585470862292,668,680,4.469181411154726,267,335,2098,1843,2.1512531368910612,4.757016350347779,-3.619435313422583,-2.5772595245139307,-0.4024008461477191
GSW,82,44,1.8048780487804879,0.5365853658536586,1.6561052664115807,5.9,20,2023,W,6.0,80,0.975609756097561,2.1275021874879507,0.5322532473955719,1011,835,-2.7964955617887206,3503,3547,1.849072703206728,329,330,1.8522605183013336,602,591,2.5102409460830626,1337,1511,1011,835,0.41908886344808494,1.55434298750165,-2.6967333563015607,1.9487368892177979,2.0474503079806743
HOU,82,22,-7.853658536585366,0.2682926829268293,-7.616697394782058,-4.5,20,2023,W,,80,0.975609756097561,-9.61485406565603,3.0693559159856942,1889,1643,-0.9146209747335785,3507,3636,5.127629847717292,255,274,-2.8208706105481944,634,649,-3.08800430652264,443,545,1889,1643,-5.227905869575027,3.981171435122869,-1.053503847974909,4.8937485357522394,-3.0521235854950763
IND,82,35,-3.182926829268293,0.4268292682926829,-2.905014167569025,-5.6,20,2023,E,,77,0.9390243902439024,-3.7563748547094824,4.881646660069815,1646,1463,-0.030898715957689227,3402,3476,3.5377668907980793,303,312,8.939296302002102,525,503,-18.828124005525428,493,651,1646,1463,-18.745672468069646,4.883673475007914,0.1319385046578052,3.6300605812867457,9.27665715924598
LAC,82,44,0.5,0.5365853658536586,0.30682776847986476,1.15,20,2023,W,5.0,80,0.975609756097561,0.2937635490240686,-7.516821190787814,1079,972,-0.26822612450327177,3744,3735,1.0560434276921487,274,252,3.119325337053051,482,435,2.239840130349357,884,1053,1079,972,-0.9698689047621585,-5.857505445568804,-0.32371803494461515,1.0663068344443922,3.4379536315002284
LAL,82,43,0.573170731707317,0.524390243902439,0.426968655129768,5.55,20,2023,W,7.0,80,0.975609756097561,0.3143759680231568,5.328962775433091,1165,1008,0.12141113174531937,3876,3835,1.153863184562641,332,315,5.522611298962643,562,528,-15.153929253018497,787,977,1165,1008,-17.132324303222163,5.770272367408898,0.6209440662734658,1.672201239866213,6.097841751439876
MEM,82,51,3.9390243902439024,0.6219512195121951,3.600250281590149,3.85,20,2023,W,2.0,80,0.975609756097561,5.171172455187589,-9.320310303845023,852,754,5.373862171626115,3565,3303,-7.64103100485838,228,203,-11.312424720152793,327,315,9.512611521723304,1659,1880,852,754,8.300603206412932,-8.732927048189602,5.572529297532013,-7.720212231040754,-10.782303830478766
MIA,82,44,-0.3170731707317073,0.5365853658536586,-0.13342397934372133,0.2,20,2023,E,8.0,82,1.0,-0.42945801476169976,2.559255375556899,782,647,0.2751046543765562,4411,4426,12.889223151965735,409,403,11.992433691718704,783,724,-5.997472403301414,628,738,782,647,-7.288690429581239,3.649000526192169,-0.022455595724750144,12.500248178637325,11.844908755114632
MIL,82,58,3.6341463414634148,0.7073170731707317,3.6102202556479543,2.15,20,2023,E,1.0,80,0.975609756097561,4.6126421605509025,-12.478524798778587,892,784,6.6658872434439,3360,3185,1.0353455556489939,249,225,2.1818274157256043,250,217,6.285549421846485,1550,1814,892,784,3.9272667622798547,-11.577774347244718,7.130109438510543,1.5692557297705463,3.036029001324329
MIN,82,42,-0.04878048780487805,0.5121951219512195,-0.23020832182838227,0.4,20,2023,W,8.0,77,0.9390243902439024,0.5239487906258482,0.6705902959638014,977,849,4.551083108118829,3509,3381,-2.1679249685323936,307,296,1.555082006286264,484,454,-4.760836087594411,1030,1246,977,849,-4.977995036826082,0.8086372635974503,4.794477630206994,-1.790225600015237,1.1526095891357278
NOP,82,42,1.9024390243902438,0.5121951219512195,1.6404910032991908,5.4,20,2023,W,,80,0.975609756097561,2.800836437115823,-3.2031667575929728,1259,1092,-2.2669268279054267,2994,3018,1.5615343292552186,283,269,-1.99928840729183,462,454,3.7237975566368586,1460,1658,1259,1092,-0.43034518508294206,-1.29525686321326,-2.036715713031496,1.7651175789753748,-0.9549524820347075
NYK,82,47,2.926829268292683,0.573170731707317,2.9868400519362917,3.9,20,2023,E,5.0,81,0.9878048780487805,3.813776533594532,5.481199148412592,800,660,-2.441596280139605,3745,3747,-10.783248767030166,367,396,-4.494725267261927,593,552,-7.172323989646059,1259,1457,800,660,-8.24586310798731,5.691641153112986,-2.1606333778378044,-10.430349662862271,-3.786684952095119
OKC,82,40,1.0853658536585367,0.4878048780487805,0.9606844271913757,1.3,20,2023,W,,79,0.9634146341463414,0.8652536846561223,7.572246916765989,1168,939,-5.211743958932875,3606,3716,-6.206519896635747,323,336,-4.51152882375222,699,691,0.476017944740466,991,1081,1168,939,-0.8062004180415272,8.176047782788611,-5.3740886408388,-6.541535550521006,-4.6334247145297125
ORL,82,34,-2.5609756097560976,0.4146341463414634,-2.3886844708121804,-2.2,20,2023,E,,80,0.975609756097561,-3.403564534603964,4.701064207133822,1430,1222,-0.46665535181250783,3464,3532,-0.3124772999099208,285,295,3.536458960883048,625,628,-8.80752945625689,694,838,1430,1222,-10.376441777198739,5.058818569917062,-0.37546188965325866,-0.4272907623170399,3.6217321741654
PHI,82,54,4.317073170731708,0.6585365853658537,4.373100167267953,5.8,20,2023,E,3.0,81,0.9878048780487805,5.5037504148111305,7.118576812037905,810,640,-1.4367213295843695,3441,3450,6.772160738135175,328,327,2.523063829616386,545,503,-8.533916307581189,1442,1654,810,640,-11.249076940634659,8.415085099195226,-1.22766401111166,7.06701775147528,2.873786320676489
PHX,82,45,2.073170731707317,0.5487804878048781,2.0802965118698395,4.1,20,2023,W,4.0,80,0.975609756097561,2.2346955518705487,-8.921372176962187,1109,980,4.073688575132806,3271,3144,-6.094269790851412,271,266,-5.73364485203965,436,404,7.292585701495344,1296,1509,1109,980,5.262576636499423,-7.869682995287313,4.248370638376797,-6.391309161353642,-5.387080502575202
POR,82,33,-4.012195121951219,0.4024390243902439,-3.964387718997975,-14.55,20,2023,W,,80,0.975609756097561,-4.646095521136029,-2.1242328829941597,1459,1280,2.4508937431903837,3435,3452,4.351020545674779,281,296,-0.6334154779852446,464,442,5.070029075494533,810,926,1459,1280,1.1771148450865656,-0.3539913599473383,2.204906001386128,4.503517448567797,-0.10914257670123462
SAC,82,48,2.6951219512195124,0.5853658536585366,2.3480557663629233,2.85,20,2023,W,3.0,78,0.9512195121951219,2.474275478286403,4.387511852264577,922,767,-0.8359343733633149,3845,3798,3.324435096896559,345,341,4.90546725892222,604,550,-7.969658159549125,799,982,922,767,-9.73623898082111,6.13254305296362,-1.2614358415584404,3.2082297118849272,4.84024883606907
SAS,82,22,-10.036585365853659,0.2682926829268293,-9.817513410280304,-9.45,20,2023,W,,80,0.975609756097561,-12.290714109358207,-0.7598561151199146,2097,1811,1.0125426171699061,3267,3438,4.5638071646773755,212,222,-9.688089214609077,525,573,6.678247374662847,581,695,2097,1811,5.750393190047603,-0.22432291869021803,0.7565040865607333,4.33302374979683,-9.52691586846022
TOR,82,41,1.475609756097561,0.5,1.5912237076757196,4.3,20,2023,E,,81,0.9878048780487805,1.9171604822025694,2.196989444758661,1013,870,2.2589564080664313,3476,3367,-3.351696650932821,300,298,-0.6992094334785204,542,513,-5.586403525595349,1099,1309,1013,870,-8.985767692228574,3.9028184056268485,2.342746600843796,-2.9104030978114315,0.43274571344918344
UTA,82,37,-0.9878048780487805,0.45121951219512196,-1.0735681634123933,-5.9,20,2023,W,,78,0.9512195121951219,-1.7905939982983718,7.6418022640000105,1204,988,-2.398776992083909,3696,3797,5.763113288957241,353,377,6.985834154981663,816,741,-13.425469545669184,611,763,1204,988,-15.047422377180993,8.623637290901566,-2.357649145905804,6.153572552907936,7.515189793332282
WAS,82,35,-1.2073170731707317,0.4268292682926829,-1.0570539164191037,-5.2,20,2023,E,,81,0.9878048780487805,-1.132984894659399,0.28107958406497113,1251,1077,-1.2037773294683878,3563,3587,-4.515525115985415,266,282,-3.1500967697419857,558,541,-1.5668244901063835,1101,1278,1251,1077,-4.064257949674415,1.844618526533467,-1.3565770915892341,-4.625480097302997,-2.785778048512607
ATL,82,36,-2.182926829268293,0.43902439024390244,-2.37704425089806,-3.4,20,2024,E,,80,0.975609756097561,-2.7543448815867766,3.985364503559545,1239,1063,-3.9372909736238597,3669,3792,-7.57759488578703,341,345,2.2844861671700167,695,669,-9.84799286441892,975,1157,1239,1063,-13.398702566495203,5.999233482213023,-3.837346889966269,-7.45501601156116,2.9675739307657754
BKN,82,32,-2.8902439024390243,0.3902439024390244,-3.020097793294524,-5.45,20,2024,E,,81,0.9878048780487805,-2.632782066993478,3.1247056102524833,1512,1313,-0.8489118674704446,3514,3545,0.061199305268627935,317,309,0.03410859347383832,516,501,0.9178358757768219,888,1010,1512,1313,-2.6372046054994804,5.701357680971,-1.4424930335536414,-0.9787282217244915,-0.15914534787245938
BOS,82,64,11.378048780487806,0.7804878048780488,10.779274981760441,12.6,20,2024,E,1.0,81,0.9878048780487805,12.872068187418893,-12.220568545150815,409,359,6.378558871255777,3254,2985,-3.611883318679709,236,208,0.6324280568151668,256,225,6.5163594090697154,2267,2562,409,359,2.8387374059217345,-9.859058924125643,6.801257197320606,-2.8888330121373897,2.496604628757156
CHA,82,21,-10.24390243902439,0.25609756097560976,-10.117747733259955,-9.7,20,2024,E,,82,1.0,-11.484452996415808,4.363558637656864,2321,2058,-4.253778358087594,3202,3476,7.897737649536113,229,255,10.806616343221108,585,592,-5.754640366260693,220,293,2321,2058,-9.447887015534107,5.540889293798579,-4.4875517482519225,7.230818621735716,10.533154043477932
CHI,82,39,-1.4390243902439024,0.47560975609756095,-1.7656492640688102,-1.75,20,2024,E,,81,0.9878048780487805,-1.9095608756259503,9.843017543987262,1427,1191,0.04893057050453953,3616,3651,19.923295000531414,388,370,-1.3389147096349938,622,607,-15.28865195974695,647,782,1427,1191,-19.58154945319037,12.07651275894371,-0.2799518954008695,20.05785596731374,-0.7597893016020798
CLE,82,48,2.4146341463414633,0.5853658536585366,1.9764560448613695,-4.1,20,2024,E,4.0,80,0.975609756097561,2.7245881913818506,3.183296227725038,848,711,0.4554665140174934,3363,3299,-4.878296850634757,277,281,-3.828347092936749,449,417,-5.06619854958339,1366,1559,848,711,-8.813959441036362,5.552304576856072,0.4055720634289024,-4.355251986043386,-2.646454599486394
DAL,82,50,2.207317073170732,0.6097560975609756,2.2983999172062743,7.75,20,2024,W,5.0,81,0.9878048780487805,2.602464458542111,-6.585069866735998,1217,1051,-1.6896852391919275,3114,3170,8.448476239698092,218,191,10.441321606808682,358,325,5.701037413085789,1521,1736,1217,1051,1.731641075212232,-4.464346081970641,-1.5419210360559943,8.782134958935224,11.732874363724534
DEN,82,57,5.2560975609756095,0.6951219512195121,5.227230530624268,9.05,20,2024,W,2.0,80,0.975609756097561,5.6560506717356756,-5.526167076356336,833,753,5.610635625692275,3439,3230,10.112871212918353,269,251,5.41468724759263,338,306,-0.6503883279184914,1461,1705,833,753,-4.657193867526344,-3.7247205367601213,6.234078516637348,10.709303053586536,6.778362875972128
DET,82,14,-9.109756097560975,0.17073170731707318,-9.060654095119245,-10.55,20,2024,E,,80,0.975609756097561,-9.748194867850511,4.071423756454752,2089,1888,-3.601817984236309,3334,3523,-8.007928874984977,191,220,-0.8726361906228135,625,626,-8.971549192523351,299,397,2089,1888,-11.536586717391895,5.225088134497974,-3.912380602882287,-8.31536362948939,-0.8833423293453713
GSW,82,46,2.6097560975609757,0.5609756097560976,2.766689903028304,5.0,20,2024,W,,81,0.9878048780487805,2.8581120537322273,4.949159224474212,746,602,1.0406245676109878,3916,3837,-5.574340346234694,322,306,2.4598893633117607,541,492,-17.64574445186055,1123,1362,746,602,-21.21762994005801,7.081696366746984,1.0865237434548232,-4.5027963439505605,4.1562840544452495
HOU,82,41,1.1219512195121952,0.5,1.23948377101873,4.85,20,2024,W,,79,0.9634146341463414,0.8206088985736575,8.29598186036073,1279,1074,-2.82080918589457,3287,3335,-7.061270055606039,272,297,0.06303070818887113,499,497,-9.194337925595184,1034,1184,1279,1074,-12.86019373818203,10.37200871562356,-3.3132260385209937,-7.375391846354051,0.58424990894599
IND,82,47,3.0121951219512195,0.573170731707317,2.716827676778306,8.6,20,2024,E,6.0,80,0.975609756097561,3.0477035573128566,-1.4353310520439502,1023,874,-2.484930887746699,3541,3575,-5.668803480464514,245,251,-2.266774401920091,525,480,1.045507243689082,1225,1408,1023,874,-2.4822036538173924,0.7097197635791499,-2.9490240759170994,-5.29154412172225,-1.9259409604500417
LAC,82,51,3.2804878048780486,0.6219512195121951,3.411043215273944,-1.25,20,2024,W,4.0,82,1.0,3.626954715320953,5.05152194907361,916,760,0.7037835731606634,3343,3313,7.3260595404455895,236,233,0.07090124344695337,536,502,-6.4403756768203655,1590,1787,916,760,-10.542125606777141,7.423223192359661,1.0456366809907216,7.425172283557217,0.7319858980433649
LAL,82,47,0.5975609756097561,0.573170731707317,1.0732804848267339,2.8,20,2024,W,7.0,79,0.9634146341463414,0.9372509408007577,6.6191558460902415,1331,1138,-1.3185541352984012,3335,3374,5.8402146201068605,267,267,4.19092145315858,451,445,-3.6831545400373678,1246,1399,1331,1138,-8.494625269755073,8.123348128797101,-0.759435486514686,5.9735818800127305,5.466701848478566
MEM,82,27,-7.0,0.32926829268292684,-6.568516289230804,-8.1,20,2024,W,,80,0.975609756097561,-7.781129075235964,3.33704135069926,1915,1712,-0.2573070494236527,3490,3590,1.700252591824408,229,232,8.06560648367023,566,576,-5.336609748928713,481,567,1915,1712,-8.782496803978365,4.413871453446124,-0.2818661090830492,1.4376721313788883,8.222822958815469
MIA,82,46,1.7560975609756098,0.5609756097560976,1.0959510279656008,4.95,20,2024,E,8.0,78,0.9512195121951219,2.1470760896292997,1.9440541442169152,871,740,3.3822361703110513,3402,3295,-11.06077095878012,255,264,-8.1132097675005,407,397,-4.87545619523757,1093,1271,871,740,-8.379231054777451,3.876637433881222,3.387122814995635,-10.969570336033566,-6.276167879782022
MIL,82,49,2.6219512195121952,0.5975609756097561,2.443653621730992,-3.1,20,2024,E,3.0,80,0.975609756097561,2.794249801064466,-3.8273187276949914,1171,1039,2.128335407113275,3407,3332,3.4666398239625162,296,283,1.6614973964183792,439,406,1.9660993931204134,1424,1611,1171,1039,0.21090133139043932,-2.4993229187137627,1.605766172365123,2.9406768908912353,1.1714851407470857
MIN,82,56,6.451219512195122,0.6829268292682927,6.384585705178662,5.1,20,2024,W,3.0,80,0.975609756097561,7.306454995684075,-1.158529369683369,643,537,-1.5656679904934059,3708,3683,-13.982315243372147,260,254,2.4533971017146277,368,317,-3.086038111697696,1441,1639,643,537,-6.4761554961468315,0.8930000440914219,-1.2138429525292862,-12.585068109539826,3.4168018814348002
NOP,82,49,4.414634146341464,0.5975609756097561,4.460441074745944,5.05,20,2024,W,8.0,80,0.975609756097561,5.6930505689194355,-9.692323070833034,919,823,4.663687162802683,2882,2714,-12.344880827386717,182,169,-12.13635611826604,243,220,7.632360496636957,1950,2206,919,823,3.947374139265494,-6.9700427631211435,4.366700486823022,-12.516489735024953,-11.788347541509232
NYK,82,50,4.585365853658536,0.6097560975609756,4.357129392541384,8.25,20,2024,E,2.0,81,0.9878048780487805,4.956397993968024,1.950424036940932,1012,852,-0.8518796696996547,3198,3183,4.925406710078635,220,211,-0.6333060776117971,434,441,-1.4831114383473452,1303,1498,1012,852,-6.245221917523472,4.151510006288744,-0.5112845839970541,4.766212501004107,0.7848736657476039
OKC,82,57,7.414634146341464,0.6951219512195121,7.3612904547636795,6.85,20,2024,W,1.0,81,0.9878048780487805,8.11166101886039,-2.1152802487670392,791,653,0.27760770953772074,3342,3230,0.43909358510768826,256,251,-1.4340585856115862,435,399,3.8633916802885846,1693,1933,791,653,0.9073479387210668,-1.1519515403724192,1.1945078155668032,1.1015735347390265,0.04339854822709732
ORL,82,47,2.024390243902439,0.573170731707317,1.476626735395064,2.8,20,2024,E,5.0,82,1.0,2.4463767630048423,0.5054951588900223,1130,959,2.0277647433785924,3432,3384,-1.7186049072873213,251,234,5.087979486113255,405,383,0.3989439921783866,1297,1437,1130,959,-3.551506991720188,2.9835925221652073,1.727166652161713,-1.4903700388913923,6.469459061666248
PHI,82,47,3.048780487804878,0.573170731707317,2.5078745966048537,2.95,20,2024,E,7.0,82,1.0,3.405298144670267,-2.521692984557467,1069,948,2.055421933437387,3590,3475,-1.7999023127029372,260,269,-1.6040665241306309,485,446,1.8222263609152733,1275,1455,1069,948,-3.4293984997429656,-0.27468232974175955,2.704651494834035,-1.0967810926241401,0.23747904187117408
PHX,82,49,3.0609756097560976,0.5975609756097561,3.077378811683058,3.9,20,2024,W,6.0,81,0.9878048780487805,3.733684228685639,7.6045206246362795,940,781,0.44061729619266643,3129,3061,-3.6673996912444413,251,251,-10.593977670756466,482,472,-14.563008968686875,1753,1994,940,781,-17.13381126131057,9.221144643714684,0.683912787687881,-3.8596733459006525,-10.308647067327241
POR,82,21,-9.024390243902438,0.25609756097560976,-8.28579341504743,-11.65,20,2024,W,,82,1.0,-10.305121035756901,8.163242332240316,2336,2006,-0.4249401526965748,3220,3341,11.824877440040368,293,290,-1.5597166919992258,547,585,-2.368443118697359,404,474,2336,2006,-6.4058586948661995,9.371265563707308,-1.0549930908294183,9.816714636461246,-1.6847486065550683
SAC,82,46,1.7439024390243902,0.5609756097560976,2.293402791054776,5.8,20,2024,W,,82,1.0,1.5286168809229672,-2.5331962304854656,1225,1065,5.113681512241856,3276,3152,0.8969717395121504,337,329,0.8257184204396473,429,400,-2.6871942295906086,1571,1784,1225,1065,-5.771389965148626,-0.734923181622479,4.8101756672406,0.4894224329292025,0.9419561251481894
SAS,82,22,-6.487804878048781,0.2682926829268293,-5.797564734399722,-1.65,20,2024,W,,81,0.9878048780487805,-6.817922455657241,0.8411037425331003,2045,1848,-2.765684773935206,3222,3296,-1.9258979053529686,289,321,2.946837209675732,622,620,2.6517219278017525,825,943,2045,1848,-3.4304922067569064,2.927673300181041,-2.876951345358048,-2.200110723834122,2.4192913077033236
TOR,82,25,-6.439024390243903,0.3048780487804878,-6.44520242126764,-14.5,20,2024,E,,81,0.9878048780487805,-7.533088386764716,0.8543941447128516,2010,1804,0.9806335956426526,3338,3404,3.54727260392249,292,296,6.560161241473466,589,566,3.581280417560015,779,878,2010,1804,1.0887165532778749,1.8610404119552175,0.7611991001796561,3.2580801548763896,6.083348407153032
UTA,82,31,-4.890243902439025,0.3780487804878049,-4.215689259652369,-11.65,20,2024,W,,80,0.975609756097561,-4.6888105884094005,1.9250787616640683,2047,1809,-3.1764837146880938,3115,3257,10.803971096870296,239,240,4.687890540349503,488,484,1.5794097428940257,739,863,2047,1809,-3.4374215457080575,3.340223860740351,-3.1123889608648674,10.333632919599934,5.180565335965715
WAS,82,15,-9.292682926829269,0.18292682926829268,-9.293061480803845,-7.0,20,2024,E,,82,1.0,-10.226269029381331,2.57206904773326,2220,2014,-2.954835632032756,3447,3623,-12.506871862071895,207,247,1.0521177980659377,600,606,-2.058431696370386,535,640,2220,2014,-6.7087452060697945,4.494055975400638,-3.377909684238082,-13.829844325378206,1.1364321599551044
ATL,82,40,-1.1341463414634145,0.4878048780487805,-1.4116876666474658,4.05,20,2025,E,,79,0.9634146341463414,-0.9892065355708424,5.204969205575149,1402,1212,-0.6921603835712054,3538,3578,9.097449741464633,293,292,7.775941116383643,589,563,-12.460056161772977,906,1070,1402,1212,-18.19140690792448,8.193861030725648,-0.6083508025668616,9.720355376881404,8.521682954034226
BKN,82,26,-7.109756097560975,0.3170731707317073,-6.949557981268024,-8.85,20,2025,E,,80,0.975609756097561,-7.702723052485043,-0.2751151649613668,1599,1431,1.6686090607463342,3508,3568,-2.1731644073582714,262,270,3.6529984051928577,546,530,-9.85233652784899,578,699,1599,1431,-11.127577832369816,0.26205547749210734,1.5676013586666384,-1.975712853773027,4.376918547338713
BOS,82,61,9.109756097560975,0.7439024390243902,8.28284223766756,10.75,20,2025,E,2.0,82,1.0,10.078322320237634,-3.055646555703939,478,397,0.33944890733598143,3327,3206,-5.358608170107383,281,249,-5.913096834284309,300,256,0.13636924044336673,2086,2309,478,397,-0.9666196041395434,-2.4982181764746034,0.30708136570379096,-4.699128617215177,-3.8348942012334293
CHA,82,19,-9.109756097560975,0.23170731707317074,-9.104359187365766,-13.2,20,2025,E,,80,0.975609756097561,-10.25948524840792,7.232656915961152,2346,2084,-5.085186475718752,3050,3222,3.640047296342397,287,304,10.748989386841052,700,684,-7.810847571135759,314,396,2346,2084,-11.464115772848588,8.604736945326326,-5.7562928774914575,2.8829738042401933,10.349125623621608
CHI,82,39,-1.5609756097560976,0.47560975609756095,-1.825990261953828,6.8,20,2025,E,,82,1.0,-1.4346717873381576,4.711279027893147,1552,1331,-1.7542305257896782,3574,3710,10.498042078808773,234,238,-0.7458643084811927,597,606,0.5452006167958752,904,1045,1552,1331,-4.880703071233849,7.024825338085001,-1.504916084142381,10.529596818190278,-0.27893040225856036
CLE,82,64,9.536585365853659,0.7804878048780488,8.805884400692857,3.35,20,2025,E,1.0,81,0.9878048780487805,10.221528151456319,3.677372362842023,559,451,3.1439562110603454,3318,3122,1.7215616265939868,269,255,5.827407527727086,353,308,-6.4235694247834045,2172,2398,559,451,-10.608854496075729,7.017521596701771,3.161441497247642,2.4993222386993263,7.222605892106943
DAL,82,39,-1.1951219512195121,0.47560975609756095,-0.7405004790820302,-8.3,20,2025,W,,81,0.9878048780487805,-1.0557470383943373,-1.261005630260663,1304,1149,4.397488827151013,3522,3446,3.8727331185686866,293,271,2.849228777006184,414,394,1.374249225739641,1077,1243,1304,1149,-3.739035094932838,1.7181240513094358,4.064772261665715,3.625809117333917,2.5564474993471302
DEN,82,50,3.8902439024390243,0.6097560975609756,3.9665071627825896,0.1,20,2025,W,4.0,82,1.0,4.825099750440711,2.41633266690508,952,795,-3.2711911957377073,3320,3401,7.084320795026057,293,289,2.0561388326123486,575,533,-4.623137040670369,1478,1711,952,795,-8.427563350200069,4.9376493866780855,-3.28087862875423,6.473286454582032,2.150075397960599
DET,82,44,1.9024390243902438,0.5365853658536586,1.7335820789176093,2.35,20,2025,E,6.0,81,0.9878048780487805,1.7901089360969342,3.366868079658902,1104,954,-3.6650866996777793,3332,3387,-10.8038439223122,299,311,-2.5416112321858657,585,561,-8.114685910520745,1375,1588,1104,954,-13.303284000972074,5.971877850404011,-3.581424318998173,-10.987327532061297,-1.3053006445890052
GSW,82,48,3.3048780487804876,0.5853658536585366,3.5570855699737565,7.05,20,2025,W,7.0,79,0.9634146341463414,3.375697720135837,-1.3123972470198588,1067,914,-2.0911069873602885,3235,3247,-0.28292639702158384,292,273,-2.3815161728961245,454,430,0.1898110867953069,1308,1499,1067,914,-3.3914446265605993,0.6643930172262413,-1.9252357731733682,0.19330284709722179,-1.972426335668974
HOU,82,52,4.512195121951219,0.6341463414634146,4.964833044623915,8.25,20,2025,W,2.0,81,0.9878048780487805,4.976409523902923,4.100271949566138,793,675,1.118458735556497,3635,3535,-4.445499440490571,305,291,-1.6672521193279346,482,447,-4.451589446792445,1554,1732,793,675,-8.411390194333556,5.56278669006635,1.7386130276045142,-4.011761601013827,-0.8781324044858385
IND,82,50,2.231707317073171,0.6097560975609756,1.6798741357970477,5.15,20,2025,E,4.0,81,0.9878048780487805,2.632399855978921,3.0171142040025094,1216,1032,1.090420719190134,3706,3686,8.549657089572701,333,336,5.3698840670986145,545,517,-10.464758733653905,976,1184,1216,1032,-13.003549822666974,4.553252795626657,0.7429350175049101,8.60339177259155,5.215557111773661
LAC,82,50,4.658536585365853,0.6097560975609756,4.840681439950215,12.75,20,2025,W,5.0,80,0.975609756097561,5.123477666637191,-2.949412696947824,954,821,-0.7530814608914778,3466,3449,-5.814888673063875,258,274,-4.19975624864417,399,385,3.4222863771846277,1395,1562,954,821,-1.513560278547946,-0.9881309726864309,0.06962577446985296,-5.500888927528131,-3.193232514059741
LAL,82,50,1.2195121951219512,0.6097560975609756,1.449391007528276,-0.55,20,2025,W,3.0,82,1.0,1.6287162343829418,-4.0961708997514625,1004,865,4.572427565198957,3307,3208,2.0343430375286933,235,218,-0.044315699550483645,309,293,-4.727031679368407,1492,1755,1004,865,-6.696833269377169,-2.923634190429916,4.622961579057427,2.077543733312706,1.25962111780266
MEM,82,48,4.853658536585366,0.5853658536585366,4.792562090123995,1.55,20,2025,W,8.0,81,0.9878048780487805,4.804790966763972,5.080607607971868,1006,829,-1.684080435513068,3391,3335,0.2391226641882982,259,258,-3.8303515186708923,491,454,-4.4155744669448005,1618,1821,1006,829,-11.124539819100804,8.625610222006529,-1.2804378925347493,0.23074508633435986,-2.3377900872612174
MIA,82,37,0.5609756097560976,0.45121951219512196,0.10926464612218852,3.5,20,2025,E,8.0,81,0.9878048780487805,0.3283224908574134,2.8938684367561978,975,825,0.9455949378971007,3564,3483,-8.919217292974114,357,364,-2.185492926835108,552,506,-6.689830265119438,1019,1242,975,825,-11.815355205390215,5.390181412748412,1.1423546074211648,-8.589335341555413,-0.7508265998276555
MIL,82,48,2.475609756097561,0.5853658536585366,2.120584454964429,2.9,20,2025,E,5.0,82,1.0,2.3316470333730934,1.542597352028782,999,856,-0.04309889957361257,3793,3757,4.142872979373543,328,309,3.4468249847678005,474,420,-3.576163056431753,1363,1533,999,856,-8.359992885627165,4.698857638090612,-0.12770059337870698,4.839168918886626,4.88316249588607
MIN,82,49,5.0,0.5975609756097561,5.147454644342224,11.05,20,2025,W,6.0,82,1.0,5.680555518919586,5.4086951655969715,937,797,-2.1616662471865133,3608,3573,-14.0230129283559,330,351,4.783580824851481,594,543,-7.75685449904117,1242,1431,937,797,-12.715047967768465,8.340198101410362,-2.0518944812445254,-13.120481558715575,5.917230944212969
NOP,82,21,-9.426829268292684,0.25609756097560976,-8.58959741510663,-13.95,20,2025,W,,82,1.0,-10.884843296828029,1.906678948114756,2273,2047,1.5675825013058606,3386,3501,11.255763267013634,253,253,7.66532167044525,571,592,-4.547611773244991,356,458,2273,2047,-9.091501662841884,3.03516287577415,1.2173349018789903,10.635188622996385,7.839610624944956
NYK,82,51,4.097560975609756,0.6219512195121951,3.5886592267031796,3.45,20,2025,E,3.0,81,0.9878048780487805,4.862251726425081,-3.323715637554522,844,726,-0.3693456709161502,3308,3272,-3.50821305304852,302,297,-11.025468614567657,476,446,4.419255755074797,1593,1795,844,726,-0.28514112013201665,0.0367291497436355,-0.5534339723029125,-3.497015890738873,-9.37341956382969
OKC,82,68,12.865853658536585,0.8292682926829268,12.701883251453944,13.3,20,2025,W,1.0,81,0.9878048780487805,13.847962289656081,-1.2190443651119462,446,360,2.0796554263565987,3099,2916,-10.279009019593195,126,116,-7.63482397399838,227,210,-2.8601111116354225,2595,2797,446,360,-5.568140204929346,-0.2556984775365052,3.3183088503986458,-8.726022614305611,-6.133758510515168
ORL,82,41,-0.12195121951219512,0.5,-0.6974484128446373,4.7,20,2025,E,7.0,80,0.975609756097561,0.03641863928570288,-2.967802482163224,1354,1212,1.6898037628712763,3347,3335,5.453977061268596,209,217,8.905828693006018,450,436,7.168301381055663,1065,1186,1354,1212,1.710152991708775,-0.12238503028311065,1.3663486006213637,5.940661870439685,9.919041704067192
PHI,82,24,-6.2317073170731705,0.2926829268292683,-6.290432075531303,-10.2,20,2025,E,,82,1.0,-7.105057413827346,6.540002429662785,1797,1550,-0.8693072149948655,3401,3506,-0.2221930001393444,264,275,-10.258998752411978,502,512,-11.356146653215445,592,700,1797,1550,-15.139629480969893,8.350810294737153,-0.9341026447578056,-0.6554429591034658,-9.908539860399465
PHX,82,36,-3.0,0.43902439024390244,-2.553988629964516,-5.75,20,2025,W,,82,1.0,-3.338458156824817,5.812745967410653,1565,1324,0.011935240289607574,3336,3399,-0.6793464533379905,262,269,0.3417792507231159,557,564,-15.022209704104837,867,1069,1565,1324,-20.903213418847418,8.784687297431391,-0.06104760851344171,-0.8420065877207095,-0.05063996540035598
POR,82,36,-2.975609756097561,0.43902439024390244,-2.6647781057599267,-1.1,20,2025,W,,80,0.975609756097561,-2.8959837148430085,1.3800861383852492,1597,1388,-0.48680763782269754,3205,3257,-0.7769695716029186,244,247,-1.7399317028496433,417,398,3.0504263258590374,917,1034,1597,1388,-1.1730243020574904,3.193044492263644,-0.6802592425788774,-1.109387238631776,-0.7491672640899045
SAC,82,40,0.47560975609756095,0.4878048780487805,0.5844821760720309,-4.2,20,2025,W,,81,0.9878048780487805,0.6456503827356732,-1.428388044691583,1206,1051,-0.5491991138134915,3765,3786,3.2068876886544553,349,350,5.8976190890270095,572,529,0.5391739745726911,909,1091,1206,1051,-3.9224558455821734,0.6789668427731195,-0.48816776416075136,3.3330826720816407,5.519416586048137
SAS,82,34,-2.7560975609756095,0.4146341463414634,-2.449851654708491,-3.8,20,2025,W,,80,0.975609756097561,-3.2178475273602913,3.761483288820681,1734,1516,-0.39436895856955223,3289,3256,-2.2777443754581626,255,242,1.9805293510618098,459,439,-4.5660205022775635,882,1036,1734,1516,-6.462121502474402,5.162330209010461,-0.8228527047894181,-2.8446001353047894,2.014996952423719
TOR,82,30,-4.2926829268292686,0.36585365853658536,-4.398472753326342,0.15,20,2025,E,,82,1.0,-4.568140374362548,-1.4680303347907264,1689,1509,2.3143751342269683,3543,3490,-4.847342476676371,240,252,-0.05904717157623551,468,455,-1.4469979139558857,837,1014,1689,1509,-8.140042776957172,1.5413374979240713,2.090651552667811,-4.168823706069893,0.5474179722384189
UTA,82,17,-9.341463414634147,0.2073170731707317,-8.51404157757084,-15.7,20,2025,W,,81,0.9878048780487805,-9.690502836965706,4.753448955659774,2020,1739,-3.030954171330924,3200,3355,-2.2131715057173142,244,274,1.114297595942391,649,665,-2.8707864159976886,591,705,2020,1739,-6.6155298070093895,6.657342120211657,-3.6226612957561173,-3.7895090422610203,0.14960926863910728
WAS,82,18,-12.439024390243903,0.21951219512195122,-12.134865366586062,-13.65,20,2025,E,,81,0.9878048780487805,-13.932225608233132,1.7306925823219892,2740,2531,2.024081721124375,3166,3253,5.94732708847313,158,169,-3.3648347568979275,434,449,-4.190451435384734,310,409,2740,2531,-8.158160388993533,2.8432398662181555,1.649158247471643,5.3017164174149265,-3.160492003089619
ATL,82,46,2.4146341463414633,0.5609756097560976,2.382670337118305,9.85,20,2026,E,6.0,82,1.0,2.4152518865632744,-2.356730059300661,1249,1110,-1.8663491774819554,3366,3391,-2.435913185783191,270,281,3.4026436111313,490,470,3.028427594189295,1608,1792,1249,1110,-1.869926047943927,0.08725568861052313,-1.4209006569055362,-1.9910531552760191,4.80458772011705
BKN,82,20,-9.987804878048781,0.24390243902439024,-9.697787548575993,-13.4,20,2026,E,,82,1.0,-10.481101529560812,2.194450801632268,2622,2393,-0.22846036027808125,2869,2941,-2.7648547539146726,202,221,2.420795269114987,501,484,2.0423323131727384,601,713,2622,2393,-4.113693759928175,3.9592771864975997,-0.5242731184312266,-3.0246925624656384,2.361147699755012
BOS,82,56,7.695121951219512,0.6829268292682927,7.366965135580997,8.85,20,2026,E,2.0,82,1.0,8.658949166888604,-2.152305987761343,648,549,0.7990505785171855,3349,3245,-10.29875889703186,229,217,-3.821734936415667,364,329,-1.1397143441578947,1880,2110,648,549,-5.268106340032772,0.10998920504266252,1.4018001484155924,-9.806943780957063,-2.783465941677033
CHA,82,44,4.829268292682927,0.5365853658536586,4.478851080031327,9.25,20,2026,E,,82,1.0,5.05037186178547,2.84462804875388,941,788,-1.6819644293219311,3327,3287,-9.857873930188447,214,215,-13.855650636482107,421,407,0.4897264068086109,1651,1850,941,788,-4.0760180326626845,5.869224969854621,-1.6012226708767625,-9.78105334622903,-12.767722249751177
CHI,82,31,-5.2073170731707314,0.3780487804878049,-5.090167004404353,-7.95,20,2026,E,,82,1.0,-5.341516195292622,4.321023212578246,1984,1765,-0.8163559849656492,3693,3792,4.622796287739878,341,341,1.5912430782342475,567,562,-5.201147150556383,636,746,1984,1765,-7.6733113740865,4.9770589730176615,-0.7009497109258138,4.634874501961687,1.3007868680361354
CLE,82,52,4.121951219512195,0.6341463414634146,3.7865013880193548,3.7,20,2026,E,4.0,81,0.9878048780487805,4.618728782198072,12.42641837844787,859,702,-1.2275774723515873,3446,3456,5.6546377403277,282,269,-0.5588001120166721,571,568,-18.99702016665242,1487,1699,859,702,-23.369498438911943,15.076928667454458,-1.1602744136621572,5.830298194261063,0.5553096044278476
DAL,82,26,-5.512195121951219,0.3170731707317073,-5.329968966873194,-9.9,20,2026,W,,79,0.9634146341463414,-5.608241589416321,12.618106024907831,1897,1605,-4.149388587099315,3347,3526,-0.4686351187365574,303,320,7.231371783551605,673,646,-18.250872032924775,596,716,1897,1605,-20.837201544937326,13.50222365636698,-4.086917663818698,-0.9219904180922285,7.170405784416737
DEN,82,54,5.146341463414634,0.6585365853658537,4.973975780974426,7.6,20,2026,W,3.0,82,1.0,5.440089296498629,6.104749863222885,705,578,1.619769512304936,3907,3775,-7.729177928346645,414,401,5.432670395425303,472,410,-14.555794165586986,1386,1641,705,578,-18.90636580643173,8.633839563677725,1.8515702404543646,-6.654017366001274,6.376857797807237
DET,82,60,8.158536585365853,0.7317073170731707,7.52882889676397,11.15,20,2026,E,1.0,80,0.975609756097561,8.823381356332527,1.311207572515075,696,598,2.687012544864059,3426,3274,-0.4022204764919124,314,286,0.24234606494537836,342,334,-9.13789196817655,1853,2103,696,598,-12.734364521030356,2.8233631509623525,3.6300146425997895,0.7638326688986705,0.9334701868694086
GSW,82,37,-0.5609756097560976,0.45121951219512196,-0.3436683225085512,-6.25,20,2026,W,,79,0.9634146341463414,0.09019475847329439,3.9418251219211644,1283,1094,-0.3391426153117045,3562,3593,0.03817214991673007,296,307,-0.7296354703409211,625,609,-9.019062455287195,943,1133,1283,1094,-14.512300434229367,7.180532063442658,-0.8295124888975657,-0.006713342942053169,-0.3071399158576229
HOU,82,52,5.219512195121951,0.6341463414634146,4.865621885414283,5.2,20,2026,W,5.0,82,1.0,5.538794511420113,0.9366244459943491,554,439,-2.028599508890018,3886,3888,-12.65673559613619,394,375,1.3641293842550173,498,432,-1.6569051138956548,1530,1733,554,439,-5.890355957253648,2.801305510702705,-1.4912284689039699,-11.885592123627678,2.4558500709955684
IND,82,19,-7.987804878048781,0.23170731707317074,-7.636462241542987,-6.7,20,2026,E,,82,1.0,-8.297932390159989,5.705450446792925,2265,2050,-0.5326489204862597,3507,3577,1.0508206288778217,238,263,0.8149794905035348,557,562,-3.0986286643112755,579,672,2265,2050,-7.0112228347357,7.2734294226081815,-0.7941311752225744,1.5074722160856897,-0.16788539513296552
LAC,82,42,1.1341463414634145,0.5121951219512195,0.9610613060178178,3.7,20,2026,W,,82,1.0,1.2397460367933468,1.0634741180169835,1275,1120,0.7603238264186913,3190,3176,-2.458468562014257,250,252,2.3922165661438757,443,417,-0.5384134967262844,1435,1597,1275,1120,-4.6091263098858555,3.0626153934123628,0.6110947734647533,-2.4372747844236526,3.5059540932137607
LAL,82,53,1.7560975609756098,0.6463414634146342,1.6841623290564407,5.7,20,2026,W,4.0,80,0.975609756097561,1.5560179812968191,-1.4127391797938516,1302,1127,2.328334380335235,3165,3128,11.065539093697225,186,170,9.72636565887396,342,313,0.7644056784463525,1414,1575,1302,1127,-6.464907695442317,2.3615473300493304,2.4087597217155916,11.829497625605569,11.127832846306344
MEM,82,25,-6.012195121951219,0.3048780487804878,-5.828230377391704,-17.95,20,2026,W,,81,0.9878048780487805,-6.540774413928208,1.296199247479783,1658,1471,-1.9629323212860523,3663,3755,-4.063069395744019,249,269,-13.9954644572122,535,561,-1.7772844969609407,766,883,1658,1471,-5.467243701982047,3.163800241648988,-2.2390776042702907,-4.971653647875321,-13.806486246461539
MIA,82,43,2.3292682926829267,0.524390243902439,2.3501607549383374,-0.45,20,2026,E,,81,0.9878048780487805,2.3313405345790956,-2.0379248945650765,1059,946,3.7596456523982207,3669,3490,-1.79405026991987,204,209,-7.4806213157997945,422,413,-0.8531077383682746,1529,1730,1059,946,-5.313076896471133,-0.19025325180933317,4.241107340486353,-1.0970786310196232,-6.0303733377975135
MIL,82,32,-6.2073170731707314,0.3902439024390244,-6.121849023380298,-12.6,20,2026,E,,82,1.0,-6.500087134471508,-2.0016814033663266,1963,1763,-0.8411470453785892,3328,3458,10.764674367980305,265,274,6.919300019363753,480,484,3.440560791126493,737,847,1963,1763,-3.239145033692399,0.34728130528353773,-0.8106542285779739,10.4864254027819,7.194896293822639
MIN,82,49,3.3536585365853657,0.5975609756097561,3.073511405225468,-0.5,20,2026,W,6.0,82,1.0,3.3101987487644946,-0.5051648564966698,945,798,-0.46645053415016413,3903,3846,-5.130937514338767,278,260,6.288215840508839,429,393,2.3365192733981828,1321,1476,945,798,-2.328899360177008,1.4453970824802163,0.0982105325672884,-4.471252909712743,7.984780742712077
NOP,82,26,-4.5,0.3170731707317073,-4.258593217694762,-2.1,20,2026,W,,81,0.9878048780487805,-4.80549821287653,6.5427109472416705,1646,1422,-5.056948513617781,3647,3824,-12.375246777586204,297,331,-0.027792454349507167,700,688,-7.197596901499529,647,767,1646,1422,-14.897925191207383,9.57067739430575,-5.289032021866792,-12.38672520827585,0.9347986030053139
NYK,82,53,6.329268292682927,0.6463414634146342,6.045475689433332,6.6,20,2026,E,3.0,82,1.0,6.720962929129197,3.7080896152565295,1000,846,-3.034019959853989,3392,3393,4.6620972385776955,244,249,-4.437929438419425,401,392,-1.760233638609824,1582,1772,1000,846,-4.925195473627913,4.945775322057507,-2.8397732674538942,4.927368381568929,-3.7966312775098094
OKC,82,64,11.146341463414634,0.7804878048780488,11.035866030318617,10.7,20,2026,W,1.0,80,0.975609756097561,11.15588775598769,-7.512904246553454,578,506,3.231964714163345,3398,3209,4.798458398108915,296,281,-4.783220990905995,319,289,7.792031207182946,2204,2408,578,506,4.864795422701309,-6.223146552170477,3.7743607632360447,5.482239569537585,-3.543647344447111
ORL,82,45,0.6341463414634146,0.5487804878048781,0.8073556414968178,-0.05,20,2026,E,8.0,81,0.9878048780487805,0.7337947453712556,1.816361447469733,1183,1042,2.479367265741625,3863,3759,2.1006888396713164,373,368,5.4579502289996835,534,503,-6.398024292605511,957,1169,1183,1042,-9.842394374776077,3.6632072126785253,2.133126516219188,1.0823541084197899,5.865960780670671
PHI,82,45,-0.18292682926829268,0.5487804878048781,-0.2725529541835011,-0.35,20,2026,E,7.0,80,0.975609756097561,-0.27677677259412015,-2.6491655650284756,1186,1064,1.1649908808594756,3713,3720,12.023561072784492,332,332,9.387994429037244,570,526,-1.439294289256789,1086,1253,1186,1064,-9.069728271240065,1.3428262762092342,1.1561160527660594,12.315727972979314,11.003112574437559
PHX,82,45,1.4634146341463414,0.5487804878048781,1.7448060065395585,3.25,20,2026,W,8.0,80,0.975609756097561,1.4550921451651964,-0.3924829537549164,1052,919,2.383348034577817,3524,3446,-6.697158793784972,306,302,-3.3513566609904943,370,337,-1.4901815945283987,1330,1484,1052,919,-6.713418424259719,2.4640410907755577,2.4481387280362235,-6.7500309407287435,-2.7589143530309643
POR,82,42,-0.2926829268292683,0.5121951219512195,-0.2846793988176715,8.45,20,2026,W,7.0,82,1.0,-0.46520562770178375,-2.7336531211871744,1251,1118,-0.3454863293975944,3688,3740,-2.158504997563429,314,329,4.706248784569771,547,521,-4.399894171085531,1159,1354,1251,1118,-11.393542988549891,0.6354474840948074,-0.2686796588498873,-2.0626322777588757,6.425564237531287
SAC,82,22,-10.0,0.2682926829268293,-9.579427125294766,-7.1,20,2026,W,,82,1.0,-10.493400373570532,4.21147977620429,2302,2022,-0.7917148986798104,3437,3591,11.566945882976386,267,269,-0.32017191474241,517,537,-6.893575589808882,453,546,2302,2022,-9.14001455797984,4.930264570372941,-1.0168086826080263,10.454887835413885,-0.3701691655053221
SAS,82,62,8.304878048780488,0.7560975609756098,8.276782517317795,12.75,20,2026,W,2.0,81,0.9878048780487805,9.065368089616895,4.783393432723297,511,409,6.085481984960243,3396,3141,0.6937579104545311,269,246,0.3347348534939787,357,336,-14.479454273597852,2164,2451,511,409,-18.39619252133551,7.266113685535178,6.3779020804565185,1.3234433739653166,0.7849800132895766
TOR,82,46,2.8292682926829267,0.5609756097560976,2.7528737661764016,6.9,20,2026,E,5.0,82,1.0,2.9318793402700845,4.479665200376266,1026,836,1.103131762638005,3333,3289,0.9089300943915286,233,223,-10.395000512331164,447,447,-5.867147645480255,1293,1503,1026,836,-11.832864551183174,7.6476531590469055,1.393238841180544,1.7996185147098753,-8.841131452447003
UTA,82,22,-8.426829268292684,0.2682926829268293,-8.044543058423963,-10.25,20,2026,W,,79,0.9634146341463414,-8.521910038630148,1.3649848072074793,2400,2155,-2.4551148433249885,3197,3327,4.875060889005842,255,250,0.39004787390085127,530,547,3.909303550729348,572,682,2400,2155,-0.6654302275384474,2.825724990247216,-2.774909891988571,5.031360068295242,-0.13205867280763073
WAS,82,17,-11.987804878048781,0.2073170731707317,-11.62754071133146,-15.55,20,2026,E,,81,0.9878048780487805,-12.887716080420942,3.196327275223984,2940,2687,-3.0589536032229603,2852,3006,6.0438453527661915,177,182,-0.09655231070306591,367,384,2.9264962454720944,523,575,2940,2687,-0.509096151291347,4.10959332014594,-3.2829341342924465,5.002332241923359,-0.7189226444304317
