season,team,off_n,def_n,off_pts,def_pts,off_expected,def_expected,off_resid,def_resid,off_schedule_resid,def_schedule_resid,off_benchmark_fallback,def_benchmark_fallback,games,off_rating,off_league_expected,off_relative,off_schedule_relative,off_shrunk_relative,def_rating,def_league_expected,def_relative,def_schedule_relative,def_shrunk_relative,net_rating,relative_net,schedule_adjusted_relative_net,shrunk_relative_net,eligible,profile,ci_low,ci_high,lift_vs_usual
2023,ATL,8113,8113,9474,9451,9342.835612475768,9365.210451708912,131.16438752423144,-85.78954829108791,148.78283542082863,-97.80278487892997,0,0,80,116.77554542092938,115.15882672840834,1.6167186925210335,1.8338818614671346,1.5778225372817447,116.49204979662271,115.43461668567622,-1.0574331109464798,-1.2055070242688273,-1.0319926415384086,0.2834956243066671,0.5592855815745537,0.6283748371983073,0.5458298957433361,True,Overall,-3.1512238929077276,4.030136939530374,0.0
2023,BKN,7441,7446,8635,8552,8576.440477915385,8596.363494809611,58.55952208461597,44.363494809611225,87.26205312115412,62.42981904228068,0,0,76,116.04623034538369,115.25924577228041,0.7869845731032922,1.1727194345001226,0.7663855789113463,114.8536126779479,115.44941572400766,0.5958030460597802,0.8384343142933209,0.5802183469737279,1.1926176674357976,1.3827876191630724,2.0111537487934434,1.3466039258850742,True,Overall,-2.852518683668375,5.94688297590999,0.0
2023,BOS,7972,7964,9434,8918,9127.665857325084,9240.977465969656,306.33414267491537,322.9774659696557,312.9536632414469,309.0976325919492,0,0,80,118.33918715504265,114.49656118069599,3.8426259743466558,3.925660602627282,3.748582264744437,111.97890507282773,116.0343730031348,4.055467930307079,3.881185743243963,3.956117907516606,6.360282082214923,7.898093904653734,7.806846345871245,7.7047001722610435,True,Overall,4.307127221518307,11.770840664674363,0.0
2023,CHA,8001,8007,8802,9302,9300.029042838918,9164.74616184254,-498.0290428389189,-137.25383815745917,-484.93865264287444,-129.8902343242002,0,0,79,110.01124859392576,116.23583355629194,-6.22458496236619,-6.060975536093919,-6.072784329214961,116.1733483202198,114.45917524469264,-1.7141730755271534,-1.622208496617962,-1.6723996363769853,-6.162099726294045,-7.9387580378933436,-7.68318403271188,-7.745183965591946,True,Overall,-11.350231177166357,-4.539280876985029,0.0
2023,CHI,7621,7634,8685,8590,8790.590336899091,8817.670724867123,-105.5903368990909,227.67072486712271,-103.89125601660379,234.96872596886436,0,0,77,113.96142238551371,115.34694051829277,-1.3855181327790436,-1.3632234092193123,-1.3500874171984516,112.52292376211685,115.50524921230183,2.982325450184997,3.0779241022905994,2.906187450435572,1.4384986233968675,1.5968073174059536,1.7147006930712871,1.5561000332371204,True,Overall,-2.1592504004895354,5.623770416546069,0.0
2023,CLE,7596,7598,8901,8436,8720.285871387141,8812.142307432767,180.71412861285842,376.14230743276767,187.29793155653613,360.5843856134838,0,0,79,117.18009478672985,114.80102516307453,2.3790696236553237,2.4657442279691435,2.318036539415834,111.02921821531982,115.97976187724093,4.950543661921134,4.745780279198259,4.823574088647957,6.150876571410038,7.329613285576457,7.211524507167402,7.141610628063791,True,Overall,3.81016768398564,10.636862149394457,0.0
2023,DAL,7784,7791,9142,9135,8972.309686867839,8985.558602821655,169.69031313216166,-149.44139717834454,153.63694508283777,-159.56964902718195,0,0,80,117.44604316546763,115.26605455893933,2.1799886065282843,1.97375314854622,2.1253796734990185,117.25067385444744,115.33254528072975,-1.9181285737176812,-2.0481279556819656,-1.8701213512494623,0.19536931102018684,0.2618600328106031,-0.07437480713574551,0.25525832224955614,True,Overall,-2.8705203395914958,3.8646864650572272,0.0
2023,DEN,7841,7838,9242,8972,9002.121101368552,9078.093015250122,239.87889863144824,106.09301525012289,221.39378713520958,94.40452464703152,0,0,80,117.86761892615738,114.8083293121866,3.059289613970772,2.823540200678607,2.98319734649233,114.46797652462362,115.82154905907275,1.353572534449131,1.2044466017738138,1.3198931979363384,3.399642401533754,4.412862148419903,4.027986802452421,4.3030905444286685,True,Overall,0.6598925680462444,7.88680005462599,0.0
2023,DET,7641,7655,8474,9102,8900.642128534164,8749.989246099252,-426.6421285341639,-352.0107539007472,-405.32540825369307,-346.8914237415921,0,0,77,110.90171443528334,116.4853046529795,-5.583590217696163,-5.3046120698036,-5.441169857596784,118.90267798824298,114.30423574264209,-4.598442245600878,-4.5315666066831115,-4.481359056661327,-8.000963552959647,-10.182032463297041,-9.83617867648671,-9.92252891425811,True,Overall,-13.596511024124721,-6.62058839436016,0.0
2023,GSW,8172,8167,9504,9364,9402.465502259936,9436.29863079502,101.53449774006295,72.29863079502032,91.92071927061767,70.70080129700494,0,0,80,116.29955947136564,115.0570913149772,1.2424681563884354,1.1248252480496532,1.2127866428578946,114.65654463083139,115.54179785472046,0.8852532238890697,0.8656887632791104,0.8640926352936574,1.6430148405342493,2.1277213802775052,1.9905140113287636,2.076879278151552,True,Overall,-2.0732669525667196,5.775275770818204,0.0
2023,HOU,7843,7828,8743,9335,9122.523352474796,8960.872078298584,-379.5233524747969,-374.1279217014157,-378.74768325168844,-359.49939764481655,0,0,79,111.47520081601428,116.3142082426979,-4.839007426683628,-4.82911747101477,-4.7186790062762265,119.25140521205927,114.47205005491293,-4.779355157146343,-4.592480807930717,-4.660288013221421,-7.776204396044989,-9.61836258382997,-9.421598278945488,-9.378967019497647,True,Overall,-13.013510620898142,-6.464068033834418,0.0
2023,IND,7740,7751,8935,9160,8969.446604254505,8903.760808517955,-34.44660425450374,-256.2391914820448,-12.518785250235583,-265.361995417815,0,0,77,115.43927648578811,115.88432305238378,-0.44504656659565556,-0.16174141150175173,-0.4338363256234728,118.17829957424848,114.87241399197465,-3.305885582273833,-3.4235839945531548,-3.222729109320146,-2.739023088460371,-3.750932148869489,-3.5853254060549067,-3.656565434943619,True,Overall,-6.5283340881682825,-0.7656806661472516,0.0
2023,LAC,7882,7873,9091,9051,9096.884107673288,9080.081758611652,-5.884107673287536,29.081758611652603,-28.213690574019154,31.0591801356436,0,0,80,115.33874651103781,115.41339898088414,-0.07465246984632753,-0.35795090806926105,-0.07280509370561168,114.96253016639146,115.33191615155152,0.3693859851600737,0.3945024785424057,0.36023483973309306,0.3762163446463518,0.29473351531374614,0.03655157047314467,0.2874297460274814,True,Overall,-3.0775238196274026,3.8803498170676556,0.0
2023,LAL,8150,8142,9358,9313,9414.207504258484,9394.960308619351,-56.20750425848375,81.96030861935093,-72.74839610228024,96.70135822373821,0,0,80,114.82208588957056,115.51174851850901,-0.6896626289384509,-0.8926183570831931,-0.6731437635746557,114.38221567182511,115.3888517393681,1.0066360675429984,1.1876855591223066,0.9825019014546982,0.439870217745451,0.3169734386045475,0.2950672020391134,0.3093581378800425,True,Overall,-2.5532560040927152,2.908334446189605,0.0
2023,MEM,7982,7978,9246,8928,9154.975616664942,9251.485091559716,91.02438333505758,323.485091559717,59.90149508968766,315.6520591977863,0,0,79,115.83563016787772,114.69525954228192,1.1403706255958102,0.7504572173601561,1.1124955186391783,111.90774630233142,115.96246041062567,4.054714108294271,3.9565312007744584,3.9555525991650398,3.927883865546306,5.195084733890081,4.706988418134615,5.068048117804218,True,Overall,1.272753951432154,8.987707372524957,0.0
2023,MIA,7894,7892,8977,9003,9128.87519562954,9120.527737189193,-151.87519562953955,117.52773718919268,-139.82318830278118,119.43758250512484,0,0,82,113.71928046617684,115.64321251114188,-1.923932044965031,-1.7712590360119227,-1.8763923354279657,114.0775468829194,115.56674781030402,1.4892009273846007,1.513400690637669,1.4523941817745019,-0.3582664167425662,-0.43473111758043026,-0.2578583453742538,-0.4239981536534638,True,Overall,-3.446567771772248,2.4370229031841038,0.0
2023,MIL,8075,8070,9327,9037,9271.845142171831,9354.374299918853,55.15485782816955,317.3742999188522,55.46524098987204,313.7199097090567,0,0,80,115.50464396284829,114.82161166776261,0.683032295085691,0.6868760494101801,0.6665239616697226,111.98265179677819,115.91541883418653,3.93276703740833,3.8874833916859566,3.8376577982932556,3.521992166070106,4.615799332494021,4.574359441096137,4.504181759962978,True,Overall,0.5693343503255515,8.68172335848385,0.0
2023,MIN,7669,7673,8806,8799,8830.903369379876,8860.298965949329,-24.903369379876228,61.298965949328135,-50.453106359841506,65.19013531575276,0,0,76,114.8259225453123,115.15065027226335,-0.3247277269510526,-0.6578837705025623,-0.3164743853078692,114.67483383292063,115.4737256086189,0.7988917756982685,0.8496042658119739,0.7785973066090199,0.15108871239166888,0.4741640487472159,0.1917204953094116,0.46212292130115074,True,Overall,-2.8831752273057853,3.699651123128702,0.0
2023,NOP,7845,7853,9060,8908,9024.787097664981,9070.090711494344,35.21290233501926,162.09071149434405,17.652227706483647,166.29388156836757,0,0,79,115.48757170172084,115.03871380070083,0.4488579010200033,0.22501246279775203,0.4376992210692263,113.43435629695658,115.49841731178333,2.064061014826742,2.1175841279557823,2.012799099644158,2.0532154047642592,2.5129189158467455,2.3425965907535344,2.4504983207133844,True,Overall,-1.3837082814893877,6.579428835746033,0.0
2023,NYK,7942,7939,9396,9165,9115.575041014265,9187.012132935817,280.42495898573605,22.012132935816478,291.48811044832337,16.142308272497633,0,0,81,118.30773105011332,114.77681995736923,3.530911092744095,3.670210406047889,3.4441778308245645,115.44275097619348,115.72001678971932,0.27726581352584045,0.2033292388524705,0.2704525486646575,2.8649800739198383,3.8081769062699355,3.8735396449003594,3.714630379489222,True,Overall,0.4574857004707838,7.246181947119884,0.0
2023,OKC,7939,7924,9147,9080,9159.369559810097,9145.310790005671,-12.369559810097465,65.31079000567108,-20.920029110329715,74.36430195387781,0,0,78,115.21602216903892,115.3718296990817,-0.1558075300427946,-0.2635096247679773,-0.15197886484945897,114.58859162039374,115.41280653717403,0.8242149167803013,0.9384692321286953,0.8039240522608454,0.6274305486451794,0.6684073867375068,0.674959607360718,0.6519451874113864,True,Overall,-2.6836155987209174,4.097318590436392,0.0
2023,ORL,7930,7938,8901,9116,9187.482582780962,9132.39105075458,-286.48258278096165,16.391050754581094,-276.4884417462984,20.805268197946745,0,0,80,112.24464060529634,115.85728351552285,-3.6126429102265023,-3.4866133889823256,-3.5237710059158873,114.84001007810532,115.04649849779013,0.20648841968482104,0.26209710503838174,0.20141374729148556,-2.595369472808983,-3.4061544905416814,-3.224516283943944,-3.3223572586244017,True,Overall,-6.609258409752792,0.12328098612060064,0.0
2023,PHI,7865,7863,9322,8975,9022.609451847715,9107.92496365842,299.3905481522856,132.92496365842018,307.02267504456205,120.34410765092174,0,0,81,118.52511125238398,114.71849271262192,3.8066185397620544,3.903657661087884,3.712220063884508,114.14218491669845,115.83269698153912,1.6905120648406484,1.530511352548922,1.648579482307084,4.382926335685525,5.497130604602702,5.434169013636806,5.3607995461915925,True,Overall,2.123979488225697,8.95292465325241,0.0
2023,PHX,7871,7858,9105,8960,9055.327578799915,9086.7184163649,49.67242120008505,126.71841636490063,49.61955302938601,136.5478500982631,0,0,80,115.67780459916148,115.04672314572375,0.6310814534377467,0.6304097704152715,0.615443206542994,114.02392466276406,115.63652858698015,1.6126039242160937,1.7376921621056642,1.5725790067622318,1.6538799363974164,2.2436853776538404,2.368101932520936,2.188022213305226,True,Overall,-2.0292954288735414,6.280977483246876,0.0
2023,POR,7883,7895,9111,9431,9118.458538227977,9072.23600084463,-7.458538227975972,-358.7639991553697,-13.80483437881251,-352.5539066704557,0,0,80,115.5778257008753,115.67244118010879,-0.09461547923348944,-0.17512158288484725,-0.09227438114531698,119.45535148828372,114.91115897206625,-4.544192516217476,-4.465533966693549,-4.431920928417167,-3.8775257874084303,-4.638807995450965,-4.640655549578396,-4.524195309562484,True,Overall,-8.656435900899451,-0.6232645223413665,0.0
2023,SAC,7853,7845,9395,9224,9034.697377898592,9057.807350317988,360.3026221014071,-166.1926496820128,353.2219627866101,-182.70936651026145,0,0,78,119.63580797147587,115.04771906148723,4.58808890998863,4.4979238862423285,4.4741415882454625,117.5780752071383,115.45962205631596,-2.118453150822343,-2.3289912875750347,-2.0657880631698298,2.0577327643375725,2.469635759166287,2.168932598667294,2.4083535250756327,True,Overall,-0.8494388039143624,5.865959023843708,0.0
2023,SAS,8153,8160,9073,9892,9487.213065054515,9304.680102831246,-414.2130650545156,-587.3198971687539,-413.17940204173624,-571.1733908463547,0,0,80,111.28418986875997,116.36468864288624,-5.08049877412628,-5.067820459238762,-4.958853885484444,121.22549019607843,114.02794243665741,-7.1975477594210036,-6.999673907430817,-7.025357621635812,-9.941300327318459,-12.278046533547283,-12.067494366669578,-11.984211507120257,True,Overall,-16.24774092910872,-8.179754162655215,0.0
2023,TOR,7706,7695,8935,8815,8882.323002614674,8898.644416004776,52.676997385326324,83.64441600477588,68.59279518893901,84.31691067401877,0,0,79,115.94861147158059,115.2650272854227,0.6835841861578812,0.8901219204378278,0.6662913911627413,114.55490578297596,115.64190274210235,1.0869969591263922,1.0957363310463777,1.059460620706471,1.3937056886046264,1.7705811452842735,1.9858582514842054,1.7257520118692122,True,Overall,-1.6805328113461664,5.149727991455858,0.0
2023,UTA,7851,7856,9086,9203,9073.622594674387,9051.009907408536,12.377405325613255,-151.990092591464,-1.4043426070746852,-149.34140705671263,0,0,78,115.73048019360591,115.57282632370891,0.15765386989699728,-0.017887436085526495,0.15373749007096332,117.14613034623218,115.2114295749559,-1.934700771276273,-1.9009853240416577,-1.8866694710956307,-1.4156501526262701,-1.7770469013792756,-1.9188727601271842,-1.7329319810246673,True,Overall,-4.6579288208034715,1.1523756105201806,0.0
2023,WAS,7966,7975,9170,9260,9198.203111832596,9196.961882834563,-28.203111832595138,-63.03811716543793,-11.470291074026882,-70.7683108285345,0,0,81,115.11423550087873,115.46827908401451,-0.3540435831357662,-0.14399059846882853,-0.34537242018852726,116.1128526645768,115.32240605435189,-0.7904466102249271,-0.8873769382888338,-0.7711084668555099,-0.9986171636980714,-1.1444901933606935,-1.0313675367576622,-1.1164808870440373,True,Overall,-4.703285289189232,2.344436330066304,0.0
2024,ATL,8052,8046,9470,9668,9325.196192324122,9301.317282853743,144.80380767587855,-366.6827171462566,149.2268651071047,-374.1912414575689,0,0,80,117.61053154495778,115.81217327774617,1.7983582672116063,1.8532894325273805,1.7547722694604768,120.1590852597564,115.6017559390224,-4.557329320733987,-4.650649284831828,-4.446795017538887,-2.548553714798615,-2.758971053522381,-2.7973598523044476,-2.6920227480784096,True,Overall,-5.9750034530789975,0.5787674117225855,0.0
2024,BKN,7754,7771,8813,9042,8979.789422525377,8984.638705345556,-166.78942252537618,-57.361294654443014,-177.19892131019247,-58.13480322566012,0,0,80,113.65746711374774,115.80847849529762,-2.1510113815498606,-2.285258206218629,-2.096925100897362,116.35568137948783,115.6175357784784,-0.7381456010094327,-0.7480993852227529,-0.719624823164509,-2.6982142657400914,-2.8891569825592933,-3.0333575914413817,-2.816549924061871,True,Overall,-6.323829224478394,0.8671019783371091,0.0
2024,BOS,7920,7902,9775,8835,9102.827783569828,9181.075982995908,672.172216430171,346.0759829959071,640.6571270898131,329.04724748878954,0,0,81,123.42171717171718,114.93469423699278,8.487022934724383,8.089105140022893,8.277982960962698,111.80713743356112,116.18673731961411,4.379599886052988,4.164100828762206,4.2714883114775,11.614579738156053,12.866622820777371,12.2532059687851,12.549471272440197,True,Overall,9.304867815463806,16.511777113780372,0.0
2024,CHA,7951,7973,8740,9580,9248.692216070265,9175.1370049761,-508.6922160702645,-404.8629950238985,-511.14981711287305,-385.3759093046296,0,0,82,109.92328009055464,116.32111955817211,-6.397839467617464,-6.428748800312829,-6.24085653380278,120.15552489652578,115.07759946038004,-5.077925436145724,-4.833511969203934,-4.953664444193057,-10.232244805971135,-11.475764903763189,-11.262260769516763,-11.194520977995836,True,Overall,-15.13449955600884,-8.19418285023794,0.0
2024,CHI,7789,7777,8986,9094,9025.404804750184,8993.298450920207,-39.4048047501834,-100.70154907979219,-49.14916223731636,-113.538096464241,0,0,80,115.36782642187701,115.87372967967883,-0.5059032578018154,-0.6310073467366332,-0.4932382619875254,116.93455059791694,115.63968690909357,-1.2948636888233533,-1.4599215181206249,-1.2623987599322075,-1.5667241760399264,-1.8007669466251688,-2.090928864857258,-1.7556370219197328,True,Overall,-4.764270351601023,1.4026934665720063,0.0
2024,CLE,7673,7669,8888,8699,8879.481474532868,8893.80740013865,8.51852546713226,194.80740013865105,-15.480681313839092,191.5370096795356,0,0,79,115.8347452104783,115.7237257204857,0.11101948999260082,-0.2017552627895099,0.10819923113339591,113.43069500586778,115.97088799241949,2.5401929865517157,2.4975486983900845,2.4756309586815486,2.4040502046105274,2.6512124765443166,2.2957934356005745,2.5838301898149445,True,Overall,-0.9748402926407997,6.341958323510635,0.0
2024,DAL,7979,7970,9434,9251,9215.569483643336,9233.072635684275,218.4305163566648,-17.927364315725264,240.7020608506668,-34.78642415192751,0,0,80,118.23536784058153,115.49780027125374,2.7375675693277954,3.0166945839161152,2.6706261933814015,116.07277289836888,115.84783733606368,-0.22493556230521033,-0.43646705334915326,-0.2194291837910069,2.1625949422126496,2.512632007022585,2.5802275305669617,2.4511970095903948,True,Overall,-1.839805988773233,6.745194615766696,0.0
2024,DEN,7716,7720,9163,8772,8912.714341371473,8958.297098602789,250.2856586285272,186.2970986027893,262.82773176833683,175.3791057431596,0,0,80,118.75324002073613,115.50951712508389,3.243722895652245,3.4062692038405498,3.1617693106180798,113.62694300518135,116.04011785754908,2.413174852367737,2.271750074393259,2.352236093469562,5.126297015554783,5.656897748019982,5.678019278233808,5.514005404087642,True,Overall,2.3506918946514865,8.90864420858826,0.0
2024,DET,7868,7895,8677,9396,9142.709007054336,9093.026813820625,-465.7090070543363,-302.97318617937435,-468.97107052095015,-299.85535181420056,0,0,79,110.28215556685308,116.2011820927089,-5.919026525855825,-5.960486407231191,-5.772298054714134,119.0120329322356,115.17450049171153,-3.8375324405240576,-3.798041188273598,-3.742720026922475,-8.72987736538252,-9.756558966379883,-9.75852759550479,-9.515018081636608,True,Overall,-12.374936527038859,-7.027401616649287,0.0
2024,GSW,8071,8054,9547,9325,9332.875012619113,9341.730378372818,214.1249873808861,16.73037837281891,221.99308267884922,19.714261747725114,0,0,81,118.28769669185975,115.63467987385843,2.6530168180013143,2.7505028209496865,2.5888645554453644,115.78097839582816,115.98870596440052,0.20772756857237287,0.2447760336196314,0.2026941891545785,2.5067182960315932,2.8607443865736872,2.995278854569318,2.791558744599943,True,Overall,-0.2231268425942768,5.840002598338122,0.0
2024,HOU,7845,7865,8988,8962,9081.501579355323,9120.163709122544,-93.50157935532273,158.16370912254402,-80.16903884804492,154.4612829503405,0,0,79,114.5697896749522,115.76165174449105,-1.1918620695388493,-1.0219125410840653,-1.16223218589587,113.94787031150668,115.95885199138645,2.0109816798797713,1.963906966946478,1.961112326379963,0.621919363445528,0.819119610340922,0.9419944258624127,0.7988801404840931,True,Overall,-2.425927648644783,4.349497006982663,0.0
2024,IND,8114,8102,9844,9619,9358.751208830654,9381.459068652252,485.24879116934557,-237.5409313477494,469.35303646536636,-251.46798560350194,0,0,80,121.32117328074932,115.34078393924888,5.980389341500438,5.784484057990712,5.836526234897108,118.72377190817082,115.79189173848744,-2.931880169683404,-3.103776667532732,-2.8612494741959695,2.597401372578503,3.0485091718170345,2.6807073904579797,2.9752767607011386,True,Overall,-0.6949100209066921,6.8319796122946945,0.0
2024,LAC,7964,7956,9481,9212,9194.790184238662,9214.456578847898,286.20981576133875,2.456578847898436,302.49512054428965,-7.968636194355097,0,0,82,119.04821697639377,115.4544222028963,3.593794773497473,3.7982812725300055,3.505754725151136,115.78682755153343,115.817704610959,0.03087705942557109,-0.10015882597228629,0.030119897595615938,3.26138942486034,3.624671832923044,3.6981224465577194,3.535874622746752,True,Overall,0.4101709229262427,7.029629028329625,0.0
2024,LAL,7999,8005,9338,9274,9258.21037894497,9268.965551861182,79.78962105503048,-5.034448138819226,99.9370309091684,7.799086188151492,0,0,79,116.73959244905613,115.7420974989995,0.9974949500566381,1.2493690574967922,0.9731628376025184,115.8525921299188,115.78970083524274,-0.06289129467606779,0.09742768504873818,-0.06135829541522518,0.8870003191373286,0.9346036553805703,1.3467967425455303,0.9118045421872932,True,Overall,-2.578683561408622,4.6300443349570655,0.0
2024,MEM,7841,7850,8455,9020,9108.443645645157,9063.604265017517,-653.4436456451568,43.60426501751611,-640.3147972751134,61.677032630772764,0,0,80,107.8306338477235,116.16431125679323,-8.333677409069722,-8.16623896537576,-8.12639778193206,114.90445859872611,115.45992694289829,0.5554683441721797,0.7856946831945575,0.5416678884163492,-7.073824751002604,-7.778209064897542,-7.380544282181202,-7.584729893515711,True,Overall,-11.255511924602596,-4.3424979677359925,0.0
2024,MIA,7494,7491,8570,8421,8674.989367780983,8686.7676203169,-104.98936778098282,265.7676203169002,-137.42789839961938,249.90675055007742,0,0,78,114.35815318921804,115.75913220951406,-1.4009790202960075,-1.833839049901513,-1.3645615776057034,112.41489787745294,115.96272353913896,3.547825661686026,3.3360933193175466,3.4555665104264754,1.9432553117650997,2.1468466413900185,1.5022542694160337,2.091004932820772,True,Overall,-1.2441422154640365,5.7422636370349505,0.0
2024,MIL,7922,7907,9431,9199,9147.563930279757,9157.12101147256,283.43606972024327,-41.878988527440306,271.7142559407008,-33.106717471295994,0,0,79,119.04822014642767,115.47038538601056,3.5778347604171072,3.429869426163858,3.489732451615898,116.33995194131782,115.81030746771923,-0.5296444735985874,-0.4187013718388263,-0.5165781241820686,2.708268205109846,3.04819028681852,3.0111680543250317,2.9731543274338295,True,Overall,-0.7172663502654668,6.439416159697318,0.0
2024,MIN,7689,7681,8909,8406,8860.767455914001,8922.76432871511,48.2325440859995,516.7643287151097,34.23451204337937,510.64556844339234,0,0,79,115.86682273377552,115.23952992474966,0.6272928090258746,0.4452401098111506,0.6113898350361199,109.4388751464653,116.16670132424306,6.72782617777776,6.648165192597218,6.55709083511115,6.427947587310214,7.355118986803634,7.093405302408368,7.16848067014727,True,Overall,3.983967037347827,11.038901607794523,0.0
2024,NOP,7718,7721,9107,8707,8904.409693389929,8952.827888373022,202.59030661007176,245.82788837302127,195.61342293040687,235.376927999217,0,0,79,117.9968903861104,115.37198358888222,2.6249067972281908,2.534509237242898,2.5586045290486457,112.77036653283254,115.9542531844712,3.183886651638664,3.0485290506309677,3.103495623949265,5.226523853277854,5.8087934488668544,5.583038287873865,5.66210015299791,True,Overall,2.231635555553834,9.953026263077351,0.0
2024,NYK,7702,7701,9123,8768,8900.2583525231,8926.729124039171,222.7416474769004,158.72912403917053,209.91576624125446,164.61354881395184,0,0,81,118.44975331082836,115.5577558104791,2.891997500349265,2.725470867842826,2.8188009045418934,113.85534346188807,115.91649297544697,2.0611495135588953,2.137560691000543,2.008975117569555,4.594409848940288,4.95314701390816,4.863031558843369,4.827776022111449,True,Overall,1.067874301382893,8.801743897693173,0.0
2024,OKC,8133,8128,9719,9119,9383.569653275015,9442.476852701584,335.43034672498476,323.47685270158314,333.86407000104236,309.7381362273843,0,0,81,119.5007992130825,115.37648657660169,4.124312636480816,4.105054346502427,4.025325173706766,112.19242125984252,116.17220537280491,3.979784112962391,3.8107546287817953,3.884208125619394,7.308377953239983,8.104096749443208,7.915808975284222,7.90953329932616,True,Overall,3.8664521298201566,12.126562417648913,0.0
2024,ORL,7841,7848,8946,8795,9069.435960362413,9094.758404619884,-123.43596036241334,299.7584046198849,-153.90140424797653,290.53255169180295,0,0,81,114.0925902308379,115.66682770517042,-1.5742374743325256,-1.962777761101601,-1.5350822082130746,112.06676860346585,115.88632014041647,3.819551536950623,3.7019947972961638,3.7246322641635796,2.0258216273720535,2.245314062618098,1.7392170361945627,2.1895500559505052,True,Overall,-1.2872063359996557,5.783801006529999,0.0
2024,PHI,7912,7904,9276,9011,9135.23783579425,9159.380809577135,140.76216420574968,148.38080957713498,116.95428485408974,133.4397545824909,0,0,81,117.23963599595551,115.46053887505373,1.7790971209017907,1.4781886356684748,1.7352337796566777,114.00556680161944,115.88285437218035,1.8772875705609184,1.688256004333134,1.8309576700041337,3.2340691943360724,3.6563846914627094,3.166444640001609,3.5661914496608116,True,Overall,0.01184389012397504,7.240788753307366,0.0
2024,PHX,7969,7975,9416,9166,9204.345440627043,9252.003741870558,211.6545593729569,86.00374187055861,213.97649595528748,78.02165969967204,0,0,81,118.1578617141423,115.50188782315276,2.6559738909895456,2.6851110045838555,2.5909482112003537,114.93416927899686,116.01258610495996,1.0784168259631173,0.9783280213125022,1.0520335397010228,3.2236924351454377,3.734390716952663,3.663439025896358,3.6429817509013764,True,Overall,0.7634928302610022,6.6018019584230005,0.0
2024,POR,8030,8025,8722,9462,9336.618338578106,9249.728803804628,-614.6183385781053,-212.27119619537177,-587.8150859547709,-183.31545215493682,1,0,82,108.61768368617683,116.27171031853183,-7.654026632354985,-7.320237683122925,-7.4680235550195055,117.90654205607477,115.26141811594553,-2.6451239401292432,-2.284304699749992,-2.5808048169650064,-9.288858369897937,-10.299150572484228,-9.604542382872918,-10.048828371984513,True,Overall,-14.086932042347263,-6.9102876387264685,0.0
2024,SAC,8158,8131,9558,9415,9438.539333927232,9420.045626357785,119.4606660727674,5.045626357785123,142.83288533919244,26.552163130042572,0,0,82,117.16106888943368,115.6967312322534,1.464337657180282,1.7508321321303313,1.4292972729452906,115.79141557004058,115.85346976211764,0.0620541920770523,0.32655470581776624,0.06056447434623842,1.3696533193930946,1.5263918492573343,2.0773868379480973,1.489861747291529,True,Overall,-2.2053575498136886,5.420834218140631,0.0
2024,SAS,8217,8237,9087,9598,9556.635768219337,9507.414498395632,-469.6357682193371,-90.58550160436785,-441.4619070326686,-66.45682804201621,0,0,81,110.58780576852865,116.30322220055174,-5.715416432023088,-5.3725435929496,-5.579609934885792,116.52300594876776,115.42326694665087,-1.0997390021168854,-0.8068086444338499,-1.073669569804052,-5.935200180239107,-6.815155434139973,-6.1793522373834495,-6.653279504689844,True,Overall,-10.20551170487492,-3.404623898738089,0.0
2024,TOR,8053,8061,9086,9625,9355.03051262858,9286.901141061051,-269.03051262858094,-338.09885893894943,-274.40676596841433,-328.63276539255304,0,1,81,112.82751769526884,116.16826664135824,-3.3407489460894193,-3.4075098220342026,-3.2597905322740934,119.40205929785387,115.2078047520289,-4.194254545824952,-4.0768237860383705,-4.092711039086665,-6.574541602585029,-7.535003491914372,-7.484333608072573,-7.352501571360758,True,Overall,-11.289256566498727,-3.998816119901938,0.0
2024,UTA,7992,8002,9268,9614,9259.513246339568,9230.140396414214,8.486753660432717,-383.8596035857861,49.711521613921946,-372.97029461091006,0,0,80,115.96596596596596,115.8597753545992,0.10619061136677574,0.6220160362102345,0.10359806714395406,120.14496375906023,115.34791797568376,-4.797045783376482,-4.660963441775932,-4.6800731966079745,-4.178997793094268,-4.690855172009706,-4.038947405565698,-4.57647512946402,True,Overall,-8.451141358137086,-1.1347924271467025,0.0
2024,WAS,8389,8388,9327,10089,9746.73007023767,9651.585893198951,-419.73007023766985,-437.4141068010494,-415.1644154637569,-427.9445135484407,0,0,82,111.18130885683634,116.18464739823186,-5.003338541395516,-4.948914238452222,-4.886832812174524,120.27896995708154,115.0642095040409,-5.214760453040647,-5.101865922132101,-5.093317498847804,-9.097661100245205,-10.218098994436163,-10.050780160584324,-9.980150311022328,True,Overall,-12.874682652305857,-7.482042319448415,0.0
2025,ATL,8113,8126,9339,9424,9325.754431896086,9330.619604710393,13.245568103913982,-93.38039528960707,13.776434063992085,-114.87796652242012,0,0,79,115.11154936521632,114.94828586091565,0.16326350430067768,0.16980690329091686,0.15933559610145534,115.97341865616539,114.82426291792262,-1.1491557382427646,-1.4137086699780965,-1.1215517089791864,-0.8618692909490733,-0.9858922339420869,-1.2439017666871797,-0.9622161128777311,True,Overall,-3.85977461277836,2.169280931070004,0.0
2025,BKN,7688,7691,8420,8963,8855.445614394344,8806.251888664674,-435.4456143943453,-156.7481113353269,-423.519942258626,-143.18514009003664,0,0,80,109.5213319458897,115.18529675330832,-5.663964807418644,-5.508844202115322,-5.52035515205813,116.53881159797166,114.5007396783861,-2.038071919585579,-1.8617233141338791,-1.9864163139694195,-7.01747965208196,-7.702036727004224,-7.370567516249201,-7.5067714660275495,True,Overall,-10.942367315250584,-4.60710907504552,0.0
2025,BOS,7915,7891,9534,8787,9047.756362139511,9097.01852701498,486.2436378604889,310.0185270149799,468.1163876775425,263.91911866867457,0,0,82,120.45483259633608,114.31151436689213,6.1433182294439534,5.914294222078869,5.991911741965359,111.35470789507033,115.28346885077912,3.9287609557087806,3.344558594204468,3.831646607526633,9.100124701265742,10.072079185152734,9.258852816283337,9.823558349491993,True,Overall,6.584932796867536,13.81728847236258,0.0
2025,CHA,7807,7809,8413,9135,9020.404342034017,8941.60488107259,-607.4043420340171,-193.39511892740973,-608.3988359054214,-192.28502742589643,0,0,80,107.76226463430255,115.54251751036271,-7.780252876060165,-7.792991365510713,-7.585916598401612,116.98040722243564,114.50384019813791,-2.47656702429773,-2.462351484516538,-2.4147224238657725,-9.218142588133091,-10.256819900357895,-10.255342850027251,-10.000639022267384,True,Overall,-13.619217261770004,-6.941603804570304,0.0
2025,CHI,8435,8457,9660,9788,9686.11592045684,9692.637585869552,-26.115920456839547,-95.36241413044829,-26.33545615318665,-115.03287925440841,0,0,82,114.52282157676349,114.83243533440236,-0.30961375763888027,-0.3122164333513533,-0.30244262254591253,115.73844152772851,114.61082636714617,-1.1276151605823375,-1.3602090487691665,-1.1015642154377763,-1.2156199509650207,-1.4372289182212177,-1.6724254821205198,-1.4040068379836887,True,Overall,-5.063434591643408,2.1095978727704887,0.0
2025,CLE,8103,8079,9877,9106,9259.381197463052,9315.591139048516,617.6188025369478,209.59113904851617,609.5662116200705,167.16972183206587,0,0,81,121.89312600271505,114.27102551478528,7.622100487929751,7.52272259188042,7.43850177691133,112.71196930313158,115.30624011695156,2.5942708138199797,2.069188288551379,2.531599698617178,9.181156699583468,10.216371301749732,9.591910880431799,9.970101475528509,True,Overall,7.01240442965345,13.548666846287981,0.0
2025,DAL,8045,8048,9251,9334,9243.041353403147,9241.071474507306,7.958646596852942,-92.92852549269429,15.679532823758475,-76.72074457199872,0,0,81,114.99067743940336,114.89175081918144,0.09892662022191351,0.19489785983540678,0.09652694477687013,115.97912524850895,114.8244467508363,-1.154678497672643,-0.9532895697315944,-1.126679504033636,-0.9884478091055939,-1.0557518774507295,-0.7583917098961876,-1.0301525592567657,True,Overall,-4.397941062319323,2.297687764906227,0.0
2025,DEN,8221,8255,9902,9583,9414.364050474092,9491.065174814477,487.63594952590677,-91.9348251855224,488.221553663339,-95.96460948421733,1,0,82,120.44763410777277,114.51604489081733,5.93158921695544,5.938712488302384,5.790713092576971,116.08721986674743,114.97353331089616,-1.1136865558512707,-1.1625028405114153,-1.0873426988234465,4.360414241025339,4.817902661104169,4.776209647790969,4.7033703937535245,True,Overall,1.6910650085188215,8.043364661041025,0.0
2025,DET,8090,8095,9349,9219,9296.513361480718,9310.906242078398,52.48663851928115,91.90624207839753,56.54917148742835,82.79091475918496,0,0,81,115.56242274412855,114.9136385844341,0.6487841596944518,0.699000883651772,0.6331319483628607,113.8851142680667,115.02046006273498,1.135345794668283,1.0227413805952434,1.1079715741820075,1.677308476061853,1.7841299543627347,1.7217422642470155,1.741103522544868,True,Overall,-1.3565246743670094,4.974822671621673,0.0
2025,GSW,7783,7783,8986,8743,8937.98461172177,8957.553541590265,48.015388278229956,214.55354159026413,43.9433963269797,244.7917885606437,0,0,79,115.45676474367211,114.8398382593058,0.6169264843663106,0.5646074306434499,0.6014704782441432,112.33457535654632,115.09126996775363,2.7566946112073,3.145211211109389,2.6876304846582,3.122189387125786,3.3736210955736103,3.7098186417528387,3.2891009629023436,True,Overall,-0.6046097720144218,7.007609330005297,0.0
2025,HOU,7987,7976,9251,8888,9151.699892877776,9185.629307445191,99.30010712222409,297.62930744519076,108.30576132571902,318.49475855423645,0,0,81,115.8257167897834,114.58244513431546,1.2432716554679366,1.3560255581034057,1.2128998060611225,111.43430290872618,115.16586393486949,3.7315610261433143,3.993163973849504,3.640280179124153,4.391413881057218,4.974832681611251,5.34918953195291,4.8531799851852755,True,Overall,1.8058005470286247,8.353042941018613,0.0
2025,IND,8043,8069,9369,9222,9223.825610196855,9272.74280445578,145.17438980314472,50.742804455779975,138.9352775860386,16.076059630408725,0,0,80,116.4863856769862,114.68140756181592,1.8049781151702686,1.7274061617063112,1.7611839112355296,114.28925517412318,114.91811630258744,0.6288611284642456,0.19923236622144905,0.6136510394942554,2.1971305028630184,2.433839243634514,1.9266385279277602,2.374834950729785,True,Overall,-0.7484594531182976,5.733235008810685,0.0
2025,LAC,7830,7825,9013,8645,8978.973232995306,9011.887335143449,34.02676700469445,366.8873351434492,19.69276050585608,396.0731541621926,0,0,80,115.10855683269476,114.6739876500039,0.4345691826908614,0.25150396559203164,0.4237455417770168,110.47923322683707,115.16788926700893,4.6886560401718755,5.061637752871472,4.571804799295317,4.629323605857692,5.123225222862737,5.313141718463504,4.995550341072334,True,Overall,1.214515361875922,9.12675124946176,0.0
2025,LAL,7995,8004,9298,9198,9172.232250189543,9202.426023176651,125.76774981045587,4.426023176650343,121.28974394890261,22.469012532556555,0,0,82,116.29768605378362,114.72460600612312,1.573080047660486,1.5170699680913398,1.5346888323423533,114.91754122938531,114.97283887027301,0.05529764088768545,0.2807222955092023,0.053949575532061714,1.3801448243983145,1.6283776885481716,1.7977922636005421,1.5886384078744151,True,Overall,-2.086356693894205,5.223961404076534,0.0
2025,MEM,8326,8331,9840,9479,9549.042890298708,9587.775722158724,290.9571097012917,108.77572215872414,286.1925884017259,111.6545809881337,0,0,81,118.18400192169109,114.68944139200946,3.4945605296816202,3.437335916427167,3.412586320681348,113.7798583603409,115.0855326150369,1.3056742546960045,1.340230236323775,1.2750641443995325,4.404143561350196,4.800234784377625,4.777566152750942,4.68765046508088,True,Overall,0.8942471160156477,8.565989844067811,0.0
2025,MIA,7889,7887,8957,8937,9060.012837056152,9066.00257309597,-103.01283705615305,129.00257309596924,-111.9922493537378,98.53155595542461,0,0,81,113.53783749524655,114.84361563006911,-1.3057781348225763,-1.4196000678633263,-1.273492855187947,113.31304678585013,114.94868230120413,1.6356355153539905,1.2492906803020745,1.5951845319150395,0.22479070939641588,0.3298573805314142,-0.1703093875612518,0.32169167672709253,True,Overall,-3.2638527668647783,3.9424887398908712,0.0
2025,MIL,8149,8120,9472,9269,9342.448988283953,9329.243550154288,129.55101171604636,60.24355015428694,129.8459219536747,38.60115709520064,0,0,82,116.23512087372684,114.64534284309673,1.589778030630094,1.5933970051991004,1.551694954078888,114.15024630541872,114.89216194771289,0.7419156422941742,0.47538370806897345,0.7240811316621026,2.0848745683081233,2.331693672924268,2.068780713268074,2.2757760857409908,True,Overall,-1.1016677002752668,5.497622458648574,0.0
2025,MIN,8021,8024,9372,8962,9190.827002245635,9236.68624183678,181.1729977543653,274.68624183678025,171.65810412144967,292.36552830821785,0,0,82,116.84328637327016,114.58455307624529,2.258733297024876,2.140108516661883,2.2037829674536593,111.68993020937188,115.11323830803563,3.4233080986637616,3.6436381892848684,3.340056442567853,5.15335616389828,5.682041395688637,5.7837467059467516,5.543839410021512,True,Overall,2.8057394755400167,8.68877143650886,0.0
2025,NOP,8141,8118,9006,9779,9392.78881403812,9281.259824326135,-386.78881403812073,-497.7401756738663,-364.2802317706523,-456.77252005732043,0,0,82,110.62523031568604,115.37635197197052,-4.751121656284496,-4.474637412733721,-4.637199544876163,120.46070460704607,114.32938931172869,-6.131315295317397,-5.626663218247357,-5.9838924702316225,-9.835474291360029,-10.882436951601893,-10.101300630981079,-10.621092015107784,True,Overall,-14.56533261219593,-7.650578297086335,0.0
2025,NYK,7892,7910,9366,9045,9031.424902709241,9094.292266230348,334.57509729075986,49.292266230348595,332.2962846738502,13.442184852553572,0,0,81,118.6771414090218,114.43772051076078,4.239420898261022,4.210545928457302,4.134640352085515,114.34892541087231,114.97208933287419,0.6231639220018785,0.16993912582242188,0.607796131077048,4.3282159981494885,4.8625848202629,4.380485054279724,4.742436483162563,True,Overall,0.8762187405052624,8.804530884129392,0.0
2025,OKC,8112,8079,9760,8721,9261.51715318033,9343.05086535025,498.48284681967044,622.0508653502495,482.20725701897027,618.5534803991181,0,0,81,120.31558185404339,114.17057634591137,6.145005508132032,5.944369539188489,5.997146857791993,107.94652803564797,115.64613028035957,7.699602244711592,7.656312419843027,7.513599050009053,12.369053818395415,13.844607752843624,13.600681959031515,13.510745907801045,True,Overall,10.929464793411533,16.944624992722066,0.0
2025,ORL,7653,7669,8428,8439,8794.572422192616,8809.129560311752,-366.5724221926161,370.12956031175196,-384.23722331106126,358.7559358033034,0,0,80,110.12674768064811,114.91666564997539,-4.789917969327271,-5.020739883850271,-4.667928462913741,110.04042248011474,114.8667304773993,4.826307997284548,4.678001510018299,4.703641635681179,0.08632520053336634,0.036390027957277304,-0.34273837383197225,0.03571317276743802,True,Overall,-3.6270425761426894,3.308137354738976,0.0
2025,PHI,7922,7921,8879,9396,9122.65649493862,9063.87282687966,-243.6564949386193,-332.12717312033976,-222.0734731305507,-341.0585186555328,0,0,81,112.08028275687957,115.15597696211334,-3.0756942052337704,-2.803250102632551,-2.9999568448487968,118.62138618861255,114.42839069409999,-4.192995494512559,-4.305750772068335,-4.089732460538601,-6.541103431732978,-7.268689699746329,-7.109000874700886,-7.089689305387397,True,Overall,-10.035559475747942,-4.3540253697160605,0.0
2025,PHX,7946,7945,9209,9437,9138.338508487586,9117.098410102772,70.66149151241302,-319.9015898972275,84.63754007994048,-304.47467216789335,0,0,81,115.89478983136169,115.00551860668998,0.8892712246716967,1.0651590747538444,0.8674379021901918,118.77910635619887,114.7526546268442,-4.026451729354657,-3.8322803293630376,-3.927582441954911,-2.8843165248371747,-3.1371805046829606,-2.7671212546091932,-3.0601445397647193,True,Overall,-6.459631344974905,0.04236529658498564,0.0
2025,POR,7927,7919,8878,9075,9114.703175451441,9082.258067685681,-236.70317545144167,7.258067685682313,-254.91169527702687,29.43695469788051,0,0,80,111.99697237290273,114.98300965625636,-2.986037283353623,-3.2157398167910545,-2.912552915607748,114.59780275287284,114.68945659408614,0.09165384121331371,0.3717256559904093,0.08939607939010116,-2.6008303799701054,-2.894383442140309,-2.8440141608006453,-2.823156836217647,True,Overall,-7.0293330121620246,1.1302679733318284,0.0
2025,SAC,8007,8003,9385,9330,9184.356946213258,9181.328765111846,200.64305378674217,-148.67123488815434,190.21499796998887,-148.62145583878967,0,0,81,117.20994130136131,114.70409574388982,2.5058455574714897,2.3756088169100646,2.4447795027018664,116.58128201924278,114.72358821831621,-1.8576938009265818,-1.857071796061348,-1.8124007666482305,0.6286592821185337,0.648151756544908,0.5185370208487166,0.6323787360536359,True,Overall,-2.8970556711278457,4.18786543145101,0.0
2025,SAS,7955,7942,9113,9320,9145.329200781918,9096.723073063731,-32.32920078191859,-223.27692693626966,-28.73123215530207,-211.66770066572744,0,1,80,114.55688246385921,114.9632834793453,-0.40640101548609164,-0.36117199440983117,-0.39643409910384536,117.35079325107026,114.53944942160327,-2.8113438294670066,-2.6651687316258803,-2.7422860100254196,-2.793910787211047,-3.2177448449530983,-3.0263407260357114,-3.138720109129265,True,Overall,-6.57603065504438,0.32893670626858806,0.0
2025,TOR,8218,8224,9091,9443,9459.372389108872,9436.248337839079,-368.3723891088725,-6.751662160921814,-369.91218487161854,-13.50460897090845,0,0,82,110.6230226332441,115.10552919334232,-4.482506560098229,-4.501243427495966,-4.376008423721459,114.82247081712062,114.74037375777091,-0.08209705934973023,-0.16420973943225256,-0.08014793638321242,-4.1994481838765125,-4.56460361944796,-4.665453166928219,-4.456156360104671,True,Overall,-8.11987484700248,-0.9350796282703258,0.0
2025,UTA,8137,8151,9072,9801,9379.58336987961,9319.260106840233,-307.58336987961025,-481.7398931597675,-285.65341835086326,-447.651602094949,0,0,81,111.49072139609193,115.27078001572583,-3.780058619633898,-3.5105495680332215,-3.6893771126257677,120.24291497975709,114.33272122242956,-5.910193757327537,-5.491983831369758,-5.7686491816521075,-8.75219358366516,-9.690252376961435,-9.00253339940298,-9.458026294277875,True,Overall,-13.318432406722227,-6.15998457577384,0.0
2025,WAS,8095,8094,8646,9668,9356.194528983682,9245.096282127583,-710.1945289836815,-422.90371787241685,-681.7448382839772,-400.97645829265684,0,0,80,106.80667078443484,115.57992006156495,-8.773249277130098,-8.421801584731034,-8.561718251762285,119.44650358290092,114.22159972976998,-5.224903853130922,-4.953996272456842,-5.098911476638737,-12.639832798466074,-13.99815313026102,-13.375797857187877,-13.660629728401021,True,Overall,-16.992640915123825,-10.828071058294222,0.0
2026,ATL,8450,8436,9714,9516,9679.550265564103,9685.35799119767,34.44973443589614,169.35799119767074,36.75387441709261,168.9570560957291,0,0,82,114.9585798816568,114.55089071673495,0.4076891649218478,0.4349570936934037,0.3982628258485103,112.8022759601707,114.80983868181212,2.0075627216414267,2.0028100532921895,1.9610698378609397,2.1563039214860993,2.4152518865632744,2.437767146985593,2.35933266370945,True,Overall,-1.07357620772747,5.80674396135804,0.0
2026,BKN,8040,8053,8686,9505,9229.950533792105,9205.78694962395,-543.9505337921053,-299.21305037605157,-529.9823432526208,-285.42367466163034,0,0,82,108.03482587064677,114.80037977353365,-6.765553902886881,-6.591820189709214,-6.60134142951584,118.03054762200422,114.3149999953303,-3.71554762667393,-3.5443148474063126,-3.625506487047759,-9.99572175135745,-10.481101529560812,-10.136135037115526,-10.2268479165636,True,Overall,-14.382006988740851,-6.768289116971255,0.0
2026,BOS,7860,7875,9418,8787,8985.160540396215,9035.226757785633,432.8394596037846,248.22675778563237,430.04239306946175,222.631440612281,0,0,82,119.82188295165395,114.31501959791622,5.506863353737717,5.4712772655147806,5.370216620394349,111.58095238095238,114.73303819410327,3.152085813150887,2.8270659125369018,3.074015576292661,8.240930570701565,8.658949166888604,8.298343178051683,8.444232196687011,True,Overall,5.029826995557445,12.16891330700328,0.0
2026,CHA,8057,8056,9513,9117,9230.35004062033,9241.243079096494,282.6499593796703,124.24307909649316,272.4441923083625,102.40748288092789,0,0,82,118.07124239791486,114.56311332531128,3.508129072603578,3.3814595048822453,3.42315561801708,113.17030784508441,114.71255063426631,1.5422427891818913,1.2711951698228388,1.5048822564982214,4.900934552830449,5.05037186178547,4.652654674705084,4.928037874515302,True,Overall,1.3807391144737933,9.071581011251627,0.0
2026,CHI,8515,8505,9537,9964,9766.982972118434,9739.416928138487,-229.98297211843348,-224.5830718615134,-222.20972966021083,-220.85163642792216,0,0,82,112.00234879624193,114.70326449933569,-2.7009157030937576,-2.6096268897264925,-2.6389325544283815,117.1546149323927,114.51401444019385,-2.640600492198864,-2.59672705970514,-2.5799318996153175,-5.152266136150772,-5.341516195292622,-5.206353949431632,-5.218864454043699,True,Overall,-8.857254427998859,-2.0346594641088256,0.0
2026,CLE,8197,8215,9688,9337,9388.49918491804,9416.270072946862,299.5008150819591,79.27007294686105,291.48318980456446,58.13274298282157,0,0,81,118.18958155422716,114.53579583894157,3.6537857152855815,3.5559740124992616,3.5667597365959165,113.65794278758369,114.62288585449619,0.9649430669124899,0.70764142401487,0.9420091853459424,4.531638766643468,4.618728782198072,4.263615436514131,4.508768921941859,True,Overall,1.6262922182093251,7.725064292144931,0.0
2026,DAL,8152,8164,8982,9418,9374.05576457123,9352.77603960859,-392.0557645712304,-65.22396039141003,-401.3970997084752,-43.87155396011256,0,0,79,110.18155053974485,114.99087051731146,-4.809319977566615,-4.9239094664925815,-4.694154269291552,115.36011758941696,114.56119597756725,-0.7989216118497063,-0.537378171975901,-0.7798177952105455,-5.178567049672111,-5.608241589416321,-5.461287638468482,-5.473972064502098,True,Overall,-8.206876174638646,-2.9505613248331826,0.0
2026,DEN,8270,8276,10010,9588,9458.340191999396,9486.161745315712,551.6598080006034,-101.83825468428795,560.820808965565,-121.76633629522375,0,0,82,121.03990326481258,114.36928889962994,6.6706143651826295,6.781388258350242,6.513102809924479,115.85306911551474,114.62254404683074,-1.2305250686840012,-1.4713187082554828,-1.201489555029353,5.186834149297837,5.440089296498629,5.3100695500947594,5.311613254895127,True,Overall,2.306360811389737,8.567145413740993,0.0
2026,DET,8029,8044,9428,8771,9188.956743175431,9241.262952250974,239.04325682456835,470.2629522509751,210.4877436213013,449.24740691759223,0,0,80,117.42433677917549,114.44708859354131,2.9772481856341804,2.6215935187607586,2.9048882832004903,109.03779214321233,114.88392531391067,5.846133170698347,5.584875769736353,5.704305582859959,8.386544635963162,8.823381356332527,8.20646928849711,8.60919386606045,True,Overall,5.81430234813901,11.734912202605738,0.0
2026,GSW,7959,7960,9096,9098,9128.587557169587,9137.771154372653,-32.58755716958609,39.77115437265306,-41.67833616342792,43.10109393986282,0,0,79,114.28571428571429,114.6951571449879,-0.40944285927360335,-0.5236629747886408,-0.39940626510094485,114.2964824120603,114.7961200298072,0.49963761774689774,0.5414710293952616,0.4873915977040816,-0.010768126346007989,0.09019475847329439,0.017808054606620827,0.08798533260313673,True,Overall,-3.252115250774788,3.3092673866690676,0.0
2026,HOU,8056,8054,9449,9021,9220.016872169585,9238.16822996639,228.98312783041504,217.16822996638928,208.86583213505088,206.83306999971893,0,0,82,117.2914597815293,114.44906743010905,2.842392351420246,2.5926741824112574,2.7735359475583214,112.0064564191706,114.70285857917047,2.6964021599998667,2.5680788428075356,2.631066512798513,5.285003362358694,5.538794511420113,5.160753025218793,5.404602460356834,True,Overall,2.131518850008383,8.657265661034474,0.0
2026,IND,8388,8387,9219,9874,9636.013434251836,9595.016129210546,-417.01343425183506,-278.983870789454,-399.68552698833287,-257.71579355458334,0,0,82,109.90701001430615,114.87855787138574,-4.971547857079579,-4.764968132908117,-4.855768913039532,117.72981995946107,114.40343542638065,-3.32638453308041,-3.072800686235643,-3.2489096400309068,-7.822809945154916,-8.297932390159989,-7.83776881914376,-8.104678553070439,True,Overall,-11.078515168317962,-5.4206232735277595,0.0
2026,LAC,8025,8026,9329,9236,9188.97097107716,9195.455538890017,140.02902892283905,-40.54446110998232,135.8155442444054,-53.82212793116916,0,0,82,116.24922118380063,114.50431116607054,1.7449100177300816,1.6924055357558307,1.7024805948065538,115.07600299028158,114.57083900934484,-0.5051639809367346,-0.6705971583748961,-0.4928818515679835,1.1732181935190482,1.2397460367933468,1.0218083773809346,1.2095987432385704,True,Overall,-2.041554363206509,4.696657856215727,0.0
2026,LAL,7963,7952,9292,9162,9116.750013906547,9110.72665216895,175.24998609345366,-51.27334783104981,181.14650888871455,-59.08444901146109,0,0,80,116.6896898153962,114.48888627284374,2.200803542552476,2.2748525541719773,2.146882103313165,115.21629778672032,114.57151222546467,-0.6447855612556567,-0.7430136948121365,-0.6289664846792176,1.4733920286758888,1.5560179812968191,1.5318388593598407,1.5179156186339473,True,Overall,-2.3652453124532324,5.397379961043359,0.0
2026,MEM,8271,8258,9291,9780,9495.35684331721,9443.898492969083,-204.35684331720876,-336.10150703091705,-194.28177891119438,-319.8400711024915,0,0,81,112.33224519405151,114.8030086243164,-2.4707634302648867,-2.3489515041856412,-2.4124287960950155,118.43061273916203,114.3606017554987,-4.070010983663321,-3.8730936195506356,-3.973770478019828,-6.09836754511052,-6.540774413928208,-6.222045123736277,-6.386199274114844,True,Overall,-9.7434933017812,-3.3255955981709167,0.0
2026,MIA,8466,8459,9794,9596,9699.877481206133,9699.163400984547,94.12251879386761,103.1634009845477,94.2409168861126,104.27722097378596,0,0,81,115.68627450980392,114.57450367595243,1.1117708338514956,1.1131693466349233,1.086112610130021,113.44130511880837,114.66087481953596,1.2195697007276,1.2327369780563417,1.191400865972372,2.24496939099555,2.3313405345790956,2.3459063246912653,2.277513476102393,True,Overall,-1.124382007837179,5.839311097505676,0.0
2026,MIL,8098,8111,9072,9581,9295.949059012597,9278.086504719999,-223.94905901259622,-302.9134952800011,-217.13375547430866,-304.40953919065043,0,0,82,112.02766115090145,114.79314718464556,-2.7654860337440876,-2.6813257035602454,-2.6988317547914704,118.12353593884848,114.38893483812106,-3.7346011007274207,-3.7530457303741884,-3.6447298192756716,-6.095874787947025,-6.500087134471508,-6.434371433934434,-6.343561574067142,True,Overall,-10.049373671652933,-2.927944328834181,0.0
2026,MIN,8385,8364,9676,9401,9599.694124208196,9601.750253504963,76.3058757918051,200.75025350496193,55.52901476422014,194.19043131868742,0,0,82,115.39654144305307,114.48651310922116,0.9100283338319033,0.6622422750652373,0.8888279067187547,112.39837398373983,114.79854439867243,2.4001704149325915,2.3217411683248135,2.3441178597029655,2.998167459313237,3.3101987487644946,2.9839834433900507,3.2329457664217203,True,Overall,0.09649120903480313,6.539832832232553,0.0
2026,NOP,8276,8280,9369,9747,9494.577961824356,9474.743404801478,-125.57796182435628,-272.256595198522,-118.83698038243132,-270.73606929885415,0,0,81,113.20686321894635,114.72423830140595,-1.5173750824595973,-1.4359229142391412,-1.4815710455917448,117.71739130434783,114.42926817393091,-3.2881231304169325,-3.2697592910489632,-3.2105730565863446,-4.510528085401475,-4.80549821287653,-4.705682205288104,-4.692144102178089,True,Overall,-7.925292258804959,-1.8564905286991302,0.0
2026,NYK,8056,8053,9549,9030,9217.091474235127,9239.454219411607,331.9085257648725,209.4542194116077,327.07125544153166,189.9014272562517,0,0,82,118.53277060575968,114.41275414889681,4.120016456862865,4.059970896741952,4.020209856648164,112.13212467403451,114.73307114630084,2.600946472266332,2.3581451292220503,2.537916144572976,6.400645931725165,6.720962929129197,6.418116025964002,6.55812600122114,True,Overall,2.693308301254865,10.77364239163987,0.0
2026,OKC,8106,8104,9490,8632,9268.716142879653,9314.84388417168,221.28385712034688,682.8438841716807,209.19877265327784,692.3806064521133,0,0,80,117.07377251418703,114.34389517492788,2.729877339259152,2.5807892012494182,2.6641446799945445,106.51530108588351,114.94131150261204,8.426010416728538,8.543689615647992,8.223071822876694,10.55847142830352,11.15588775598769,11.12447881689741,10.887216502871238,True,Overall,7.854951134906857,14.794135276669921,0.0
2026,ORL,8210,8213,9353,9312,9412.759407247318,9432.047806252473,-59.759407247318975,120.04780625247285,-53.97103145739479,137.27305654298735,0,0,81,113.92204628501827,114.64993187877367,-0.7278855937554077,-0.6573816255468304,-0.7105755915257904,113.38122488737368,114.84290522650033,1.4616803391266633,1.67141186585885,1.4269322031673939,0.5408213976445921,0.7337947453712556,1.0140302403120196,0.7163566116416035,True,Overall,-2.5868991244025596,4.151860559028226,0.0
2026,PHI,8121,8121,9269,9297,9300.290886478899,9305.81384477653,-31.290886478899154,8.81384477653066,-35.16704169300093,2.8723880150243914,0,0,80,114.13619012436892,114.52149841742272,-0.3853082930538007,-0.43303831662358,-0.3760471875844148,114.48097524935353,114.58950676981321,0.10853152045968059,0.03536988074158837,0.1059229032151263,-0.344785124984611,-0.27677677259412015,-0.39766843588199163,-0.2701242843692885,True,Overall,-3.92956679946335,3.1101147974956054,0.0
2026,PHX,7894,7886,9003,8890,9057.63387550033,9059.327074573252,-54.633875500331044,169.3270745732519,-49.303751515879576,180.80977370486124,0,0,80,114.04864454015708,114.74073822523854,-0.6920936850814675,-0.6245724792992092,-0.6749922844122935,112.73142277453715,114.87860860478382,2.1471858302466638,2.2927944928336452,2.094077103305119,1.3172217656199336,1.4550921451651964,1.6682220135344359,1.4190848188928256,True,Overall,-2.3508122151214246,4.876404281093386,0.0
2026,POR,8384,8375,9469,9493,9622.032031273307,9606.906784156352,-153.03203127330656,113.90678415635236,-164.44637087751494,124.16102084249465,0,0,82,112.94131679389314,114.76660342644689,-1.825286632553752,-1.9614309503520388,-1.7827589850105612,113.34925373134328,114.70933473619525,1.3600810048519683,1.4825196518506825,1.3283589989078992,-0.40793693745014536,-0.46520562770178375,-0.4789112985013564,-0.45439998610266197,True,Overall,-4.1827678963901,3.1557710841360076,0.0
2026,SAC,8250,8256,9102,9922,9480.40841497002,9434.348486248015,-378.40841497001963,-487.65151375198525,-363.87676913227534,-465.0803909639106,0,0,82,110.32727272727273,114.91404139357599,-4.586768666303269,-4.4106275046336405,-4.478206094319759,120.17926356589147,114.27263185862421,-5.906631707267263,-5.6332411696210105,-5.766928970576931,-9.851990838618747,-10.493400373570532,-10.04386867425465,-10.24513506489669,True,Overall,-13.61397684391522,-7.314351545730855,0.0
2026,SAS,8189,8203,9731,9041,9370.020061838193,9423.035071153845,360.97993816180673,382.03507115384554,361.3976706521974,381.745508330673,0,0,81,118.83013798998657,114.42203030697513,4.408107683011439,4.413208824669647,4.303015116960385,110.21577471656711,114.87303512317256,4.657260406605456,4.653730444114019,4.546412842482989,8.614363273419457,9.065368089616895,9.066939268783667,8.849427959443375,True,Overall,6.544218109394817,11.929492275735734,0.0
2026,TOR,8192,8190,9400,9168,9387.590996519644,9395.71494402963,12.409003480354981,227.71494402963023,6.403128662869045,225.7397107388161,0,0,82,114.74609375,114.59461665673393,0.15147709326605202,0.07816319168541315,0.1478670576782052,111.94139194139194,114.72179418839598,2.7804022470040324,2.756284624405569,2.714123289983674,2.8047018086080584,2.9318793402700845,2.8344478160909823,2.861990347661879,True,Overall,-0.7624456635237546,6.942039798169064,0.0
2026,UTA,8248,8247,9255,9913,9461.292631952178,9416.465699835511,-206.2926319521771,-496.53430016448925,-191.55911504057443,-484.3411375259006,0,0,79,112.2090203685742,114.71014345237847,-2.501123083804281,-2.3224916954482837,-2.44191088958543,120.20128531587244,114.18049836104659,-6.020786954825867,-5.872937280537172,-5.878232510530238,-7.9922649472982386,-8.521910038630148,-8.195428975985456,-8.320143400115668,True,Overall,-12.484685010017007,-5.056614000328287,0.0
2026,WAS,8344,8328,9141,10128,9586.15834842219,9499.015741838362,-445.1583484221895,-628.9842581616371,-414.80604287242386,-617.4628236804722,0,0,81,109.55177372962608,114.8868450194414,-5.33507128981531,-4.971309238643623,-5.210186662244727,121.61383285302594,114.0611880624203,-7.552644790605632,-7.414299035548417,-7.375518974690866,-12.062059123399862,-12.887716080420942,-12.385608274192041,-12.585705636935593,True,Overall,-16.273491140126,-9.584029289623336,0.0
2023,ATL,1105,1351,1252,1681,1225.6953405056574,1590.4845072764922,26.304659494342623,-90.51549272350772,24.13437193555665,-100.25294264769734,0,0,49,113.30316742081448,110.92265524938075,2.3805121714337214,2.184106057516439,2.015682719872998,124.42635085122131,117.72646241868927,-6.69988843253203,-7.420647124181891,-5.835944082753561,-11.12318343040684,-4.319376261098309,-5.236541066665453,-3.820261362880563,True,Ahead 11+,-15.478262352011914,5.288991216667349,-4.878661842672863
2023,BKN,1159,1318,1252,1446,1287.9782172533353,1559.454586447048,-35.978217253335345,113.45458644704814,-40.46121582959374,102.78015682198763,0,0,39,108.02415875754961,111.12840528501599,-3.1042465274663797,-3.4910453692488126,-2.6474037714006875,109.71168437025797,118.31977135410077,8.608086983842803,7.798190957662188,7.473951676353633,-1.687525612708356,5.503840456376423,4.307145588413375,4.826547904952946,True,Ahead 11+,-5.099626205457583,14.397436404809808,4.121052837213351
2023,BOS,1789,2044,2034,2391,1982.771786230051,2414.301885962801,51.2282137699489,23.301885962801045,42.4296499822608,17.347267722771033,0,0,60,113.69480156512017,110.83129045444667,2.863511110673499,2.371696477488027,2.5755763584690246,116.97651663405088,118.11653062440317,1.1400139903523014,0.8486921586482893,1.0384084653654655,-3.2817150689307084,4.003525101025801,3.2203886361363163,3.61398482383449,True,Ahead 11+,-4.685848757727385,11.68857032953735,-3.8945688036279336
2023,CHA,617,759,636,924,693.674860797674,891.9191176463803,-57.674860797674,-32.08088235361969,-63.67595481927313,-38.22263968978335,0,0,29,103.07941653160454,112.42704388941233,-9.347627357807779,-10.320251996640701,-7.059346486863403,121.73913043478261,117.5124002169144,-4.226730217868207,-5.035920907744842,-3.345243206842512,-18.659713903178073,-13.574357575675986,-15.356172904385543,-10.404589693705915,True,Ahead 11+,-35.01548969107438,-0.678702392127491,-5.635599537782642
2023,CHI,1135,1316,1281,1515,1254.474350548099,1553.9154788565265,26.52564945190105,38.91547885652662,21.965208259109286,33.836535672977185,0,0,42,112.86343612334802,110.52637449762987,2.337061625718154,1.9352606395691,1.9869400338502659,115.12158054711246,118.07868380368743,2.957103256574971,2.5711653246943147,2.5669840934384314,-2.258144423764435,5.294164882293125,4.506425964263415,4.553924127288697,True,Ahead 11+,-4.067093465281834,14.570507026400689,3.6973575648871715
2023,CLE,1439,1624,1620,1785,1592.6618731757706,1928.7822440392065,27.33812682422934,143.7822440392064,18.117102860935955,123.40080636951507,0,0,49,112.57817929117442,110.67837895592568,1.8998003352487383,1.2590064531574672,1.6679760112403503,109.91379310344827,118.76737955906444,8.853586455616158,7.598571820782947,7.882798467061754,2.6643861877261514,10.753386790864896,8.857578273940414,9.550774478302104,True,Ahead 11+,3.938127596587777,16.45258719015485,3.4237735052884393
2023,DAL,1124,1251,1303,1493,1252.6048427242745,1477.5305977361006,50.395157275725495,-15.469402263899353,50.38724872334456,-15.39204778037899,0,0,39,115.92526690391459,111.44171198614542,4.4835549177691725,4.4828513099061,3.8062807610064575,119.3445243804956,118.10796144972826,-1.2365629307673345,-1.2303795188152669,-1.0661200733218024,-3.4192574765810093,3.246991987001838,3.252471791090833,2.7401606876846554,True,Ahead 11+,-6.56405623425119,10.934945632390917,2.985131954191235
2023,DEN,1565,1767,1758,2028,1732.819337357423,2089.752864729801,25.180662642577193,61.752864729801,17.927831468241102,56.55837409047755,0,0,50,112.33226837060703,110.72328034232734,1.608988028279693,1.1455483366288244,1.4266664386729289,114.77079796264856,118.26558374249014,3.4947857798415956,3.2008134742771674,3.1394440635384337,-2.438529592041533,5.1037738081212884,4.346361810905992,4.566110502211362,True,Ahead 11+,-2.7445786733257056,11.790047612007392,0.6909116597013858
2023,DET,290,360,334,443,321.3390379030951,424.43973866876297,12.660962096904866,-18.56026133123705,10.200279429729683,-20.227037814543976,0,0,20,115.17241379310344,110.80656479417073,4.365848998932712,3.517337734389546,2.5838698156948707,123.05555555555556,117.89992740798971,-5.155628147565848,-5.618621615151104,-3.3143323805780445,-7.883141762452112,-0.7897791486331354,-2.1012838807615584,-0.7304625648831737,False,Ahead 11+,-24.59301861744859,12.943797010428861,9.392253314663906
2023,GSW,1422,1602,1600,1819,1580.7606464501987,1894.1107854408667,19.239353549801418,75.11078544086672,3.380826460318133,70.69281028604223,0,0,46,112.51758087201125,111.16460242265815,1.3529784493531236,0.23775150916442567,1.1861500338965116,113.54556803995007,118.23413142577195,4.688563385821893,4.412784662050077,4.1681900910580865,-1.027987167938818,6.041541835175017,4.650536171214503,5.354340124954598,True,Ahead 11+,-2.8088568263150195,14.311371895043111,3.9138204548975115
2023,HOU,470,571,507,718,523.9828260050132,669.9305053948324,-16.982826005013173,-48.069494605167655,-19.369784434285677,-53.53801124930096,0,0,23,107.87234042553192,111.48570766064111,-3.6133672351091857,-4.1212307306990805,-2.5347501500019662,125.74430823117338,117.32583281870971,-8.418475412463687,-9.376184106707699,-6.234694501318762,-17.87196780564146,-12.031842647572873,-13.49741483740678,-8.769444651320729,True,Ahead 11+,-33.55135670415243,1.7819728460060065,-2.4134800637429024
2023,IND,512,684,513,891,574.7792933879654,804.7404233323284,-61.77929338796535,-86.25957666767161,-59.030383134218496,-88.01904325516236,0,0,35,100.1953125,112.26158073983699,-12.066268239836983,-11.52937170590205,-8.676867048871538,130.26315789473685,117.652108674317,-12.611049220419826,-12.868281177655316,-9.757870663763757,-30.06784539473685,-24.67731746025681,-24.397652883557367,-18.434737712635297,True,Ahead 11+,-40.33261597642187,-11.692361635709151,-20.92638531138732
2023,LAC,957,1140,1020,1362,1059.8844615738228,1341.395884225985,-39.88446157382284,-20.604115774015177,-50.116788727816896,-33.26464825943106,0,0,46,106.58307210031347,110.75072743718107,-4.167655336867591,-5.236864025895182,-3.447230905256944,119.47368421052632,117.66630563385833,-1.807378576667998,-2.9179516017044795,-1.5376205801503864,-12.890612110212842,-5.975033913535588,-8.15481562759966,-4.98485148540733,True,Ahead 11+,-16.293287617415675,2.97072586493893,-6.269767428849335
2023,LAL,852,1051,930,1330,946.2217155071133,1236.4033187328114,-16.221715507113377,-93.59668126718867,-24.018816163521883,-103.49417294529704,0,0,43,109.15492957746478,111.05888679660956,-1.9039572191447625,-2.8191098783476387,-1.541988166075416,126.54614652711703,117.64065829998205,-8.905488227134983,-9.84720960469049,-7.481749102093419,-17.391216949652247,-10.809445446279746,-12.666319483038128,-9.023737268168835,True,Ahead 11+,-23.35385442895121,-2.911399119373241,-11.126418884884293
2023,MEM,1751,1990,1982,2296,1947.521967728106,2354.470923315877,34.47803227189407,58.47092331587686,29.088790675983475,41.66143889025099,0,0,55,113.19246145059965,111.22341334826419,1.9690481023354696,1.6612673144479424,1.767197963705488,115.37688442211055,118.31512177466718,2.938237352556626,2.0935396427261805,2.6699051742409527,-2.184422971510898,4.9072854548920954,3.754806957174123,4.4371031379464405,True,Ahead 11+,-4.2709838025379305,12.272034035914215,-0.2877992789979853
2023,MIA,666,778,733,939,744.4974908701851,923.2251712796332,-11.49749087018507,-15.774828720366836,-10.762697174545405,-17.134322019234997,0,0,38,110.06006006006007,111.78641004056831,-1.7263499805082687,-1.6160205967785894,-1.32765483489435,120.69408740359897,118.66647445753641,-2.0276129460625754,-2.202355015325835,-1.61296817181665,-10.634027343538904,-3.753962926570844,-3.8183756121044246,-2.940623006711,True,Ahead 11+,-19.107541635207756,6.810809464753907,-3.3192318089904136
2023,MIL,1675,1954,1774,2275,1865.9775614571197,2301.28870388218,-91.97756145711966,26.288703882179824,-105.5049008065059,11.25219319966442,0,0,56,105.91044776119404,111.40164546012655,-5.491197698932517,-6.298800048149606,-4.905469944379716,116.42784032753326,117.77321923654964,1.3453789090163677,0.5758543090923449,1.2204597902590448,-10.517392566339225,-4.145818789916149,-5.722945739057261,-3.685010154120671,True,Ahead 11+,-12.923265890335806,2.7515785947111637,-8.76161812241017
2023,MIN,1097,1315,1238,1635,1219.875165396555,1549.0216034409564,18.12483460344489,-85.9783965590437,13.211963803884922,-86.20264612295638,0,0,45,112.85323609845032,111.2010178119011,1.652218286549215,1.204372270180941,1.3974429146834917,124.33460076045627,117.79631965330466,-6.5382811071516125,-6.555334305928241,-5.675141687065591,-11.481364662005944,-4.8860628206023975,-5.3509620357473,-4.2776987723821,True,Ahead 11+,-15.268637653243928,2.3736654471419345,-5.360226869349614
2023,NOP,1530,1726,1740,2021,1698.2626145050494,2043.4504292807585,41.73738549495055,22.450429280758538,12.456974225212793,8.365381196977863,0,0,49,113.72549019607843,110.997556503598,2.7279336924804283,0.8141813219093329,2.4125656355462746,117.09154113557358,118.39226125612738,1.3007201205537973,0.4846686672640708,1.1656505337880863,-3.366050939495153,4.028653813034225,1.2988499891734038,3.578216169334361,True,Ahead 11+,-5.077285373411461,12.668523250473338,1.5157348971874796
2023,NYK,1346,1549,1492,1786,1489.181743097406,1827.2159991975634,2.818256902593961,41.21599919756342,-4.046006403931976,34.71412498615714,0,0,50,110.84695393759287,110.63757378138232,0.2093801562105469,-0.30059482941545146,0.18229346071112298,115.30019367333763,117.9610070495522,2.660813376214553,2.2410668164078205,2.3565465521762965,-4.453239735744759,2.8701935324251,1.940471986992369,2.5388400128874196,True,Ahead 11+,-6.190773546357752,9.880605193720532,-0.9379833738448355
2023,OKC,1039,1134,1220,1302,1150.0453619730565,1343.7313030532084,69.95463802694339,41.73130305320846,63.10140533909522,40.39413981471163,0,0,29,117.42059672762271,110.68771530058292,6.7328814270397865,6.073282515793573,5.646056337929248,114.81481481481481,118.49482390239933,3.68000908758452,3.5620934580874453,3.1282835871970356,2.605781912807899,10.412890514624307,9.635375973881018,8.774339925126284,True,Ahead 11+,0.39799640691949734,17.738740369750087,9.7444831278868
2023,ORL,745,897,798,1111,829.0599583899861,1056.0507884255946,-31.059958389986093,-54.94921157440528,-35.30395103624264,-60.80912990261492,0,0,35,107.11409395973155,111.2832158912733,-4.169121931541758,-4.7387853739923,-3.2867680835964124,123.85730211817169,117.73141454020008,-6.1258875779716035,-6.779167213223515,-5.009043899216525,-16.74320815844014,-10.295009509513362,-11.517952587215815,-8.295811982812937,True,Ahead 11+,-20.21721808007643,-0.21939936594167228,-6.888855018971681
2023,PHI,1532,1748,1704,1997,1700.1075755300133,2065.3872087512655,3.8924244699868193,68.38720875126543,-6.316378860009035,50.792620425570455,0,0,46,111.22715404699738,110.97307934269016,0.25407470430723367,-0.4122962702355767,0.2247358239022413,114.24485125858124,118.15716297204035,3.912311713459121,2.9057563172523144,3.510636999551614,-3.017697211583851,4.166386417766355,2.493460047016738,3.7353728234538552,True,Ahead 11+,-3.628705095976086,11.740308155214128,-1.3307441868363474
2023,PHX,1390,1607,1540,1862,1541.502582730976,1902.8829178227847,-1.5025827309760025,40.88291782278478,-3.696359700418785,28.052115715037004,0,0,44,110.79136690647482,110.89946638352345,-0.10809947704863326,-0.2659251583035097,-0.09450205855194983,115.86807716241444,118.41212929824424,2.544052135829794,1.7456201440595522,2.262474699656048,-5.0767102559396164,2.4359526587811606,1.4796949857560424,2.167972641104098,True,Ahead 11+,-6.676804530447112,10.120696529355712,0.19226728112732028
2023,POR,869,990,989,1209,964.4554969852284,1168.1985628985622,24.544503014771628,-40.80143710143779,9.878874644821876,-50.257407260040935,0,0,38,113.80897583429228,110.98452209266149,2.824453741630797,1.1368095103362341,2.2960246038139966,122.12121212121212,117.9998548382386,-4.121357282973515,-5.076505783842519,-3.428692193398134,-8.312236286919841,-1.2969035413427177,-3.939696273506285,-1.1326675895841372,True,Ahead 11+,-11.802469359014095,7.986207763346009,3.3419044541082474
2023,SAC,863,1053,975,1269,952.3263410571176,1243.6725264628492,22.673658942882398,-25.327473537150922,20.579402815571108,-28.136419907565795,0,0,37,112.97798377752028,110.35067683164745,2.6273069458728155,2.3846353204601516,2.1329876710143365,120.51282051282051,118.10755237064095,-2.4052681421795747,-2.6720246825798477,-2.0213466510096505,-7.534836735300232,0.2220388036932408,-0.2873893621196961,0.11164102000468601,True,Ahead 11+,-16.163083405785034,12.55162511745197,-2.247596955473046
2023,SAS,603,733,652,902,677.6936474650911,862.5046141803274,-25.69364746509105,-39.495385819672556,-27.4856819393792,-39.55354784084072,0,0,23,108.12603648424545,112.38700621311627,-4.260969728870821,-4.558156208852272,-3.199707031767254,123.05593451568895,117.66775091136799,-5.388183604320949,-5.396118395749075,-4.233160323651935,-14.9298980314435,-9.64915333319177,-9.954274604601347,-7.432867355419189,True,Ahead 11+,-18.847087432890895,-1.9380434990186508,2.628893200355513
2023,TOR,1171,1395,1307,1672,1305.321416011208,1644.0700649422697,1.6785839887920895,-27.929935057730326,-7.309373794332464,-42.31296504933691,0,0,42,111.61400512382579,111.47065892495371,0.1433461988720828,-0.6241992992598175,0.12243501012342009,119.85663082437276,117.8544849420982,-2.0021458822745752,-3.0331874587338286,-1.751093107067732,-8.242625700546967,-1.8587996834024925,-3.6573867579936463,-1.6286580969443119,True,Ahead 11+,-11.748967178865948,6.544033741642958,-3.6293808286867657
2023,UTA,667,822,698,988,738.6463228811316,969.2390763375694,-40.64632288113154,-18.760923662430642,-44.32027616692592,-23.332110156042912,0,0,31,104.64767616191904,110.74157764334807,-6.0939014814290156,-6.644719065506136,-4.688157195055541,120.19464720194647,117.91229639143181,-2.2823508105146764,-2.838456223362885,-1.8357068162847985,-15.54697104002743,-8.376252291943691,-9.48317528886902,-6.52386401134034,True,Ahead 11+,-20.20615138336837,0.20311748685911307,-6.599205390564416
2023,WAS,1170,1358,1283,1624,1304.110247232127,1602.4988894418361,-21.110247232126966,-21.501110558163795,-27.786884612152775,-27.704098175194957,0,0,38,109.65811965811966,111.46241429334418,-1.804294635224527,-2.3749474027481003,-1.5408939585494137,119.58762886597938,118.00433648319854,-1.5832923827808392,-2.0400661395578026,-1.380045607070847,-9.929509207859724,-3.387587018005366,-4.415013542305903,-2.9209395656202606,True,Ahead 11+,-12.343315563052903,3.043746718403488,-2.2430968246446725
2024,ATL,1033,1219,1162,1509,1183.833460006258,1425.759207184339,-21.833460006257983,-83.24079281566108,-29.17490322661059,-96.8232828130358,0,0,43,112.48789932236205,114.60149661241608,-2.113597290054016,-2.824288792508286,-1.7707591245951324,123.78999179655456,116.96137876819843,-6.828613028356118,-7.942845185646908,-5.866158760793593,-11.302092474192506,-8.942210318410133,-10.767133978155194,-7.636917885388725,True,Ahead 11+,-19.545835428761453,1.89363735041836,-6.183239264887752
2024,BKN,868,995,1005,1155,983.384379184255,1162.3612929543187,21.615620815745032,7.361292954318832,18.08545608244994,-6.754535082604757,0,0,29,115.78341013824885,113.29313124242569,2.4902788958231605,2.083577889683173,2.02393453330946,116.08040201005025,116.82023044767023,0.7398284376199831,-0.6788477469954529,0.6160077786040863,-0.29699187180139575,3.2301073334431436,1.4047301426877201,2.639942311913546,True,Ahead 11+,-5.043391745625966,11.680513526011291,6.119264316002437
2024,BOS,2415,2729,2879,3124,2743.8059519058215,3195.359521270399,135.19404809417853,71.35952127039918,105.17277980167538,48.8214344891187,0,0,66,119.21325051759834,113.61515328802574,5.59809722957261,4.354980530090077,5.169944477788854,114.47416636130451,117.0890260634078,2.6148597021033044,1.7889862399823635,2.4363100467872716,4.739084156293828,8.212956931675915,6.14396677007244,7.6062545245761255,True,Ahead 11+,0.4522653346466486,15.356911188791821,-4.653665889101456
2024,CHA,238,316,224,385,270.8200012834323,370.7293962254101,-46.820001283432305,-14.270603774589912,-49.28592349431321,-23.95087558454644,0,0,15,94.11764705882354,113.78991650564383,-19.672269446820295,-20.708371216097987,-10.68949800991605,121.83544303797468,117.31942918525635,-4.516013852718326,-7.579391007767862,-2.765620886548432,-27.71779597915115,-24.18828329953862,-28.287762223865847,-13.455118896464484,False,Ahead 11+,-56.330757053751924,-9.606329774816528,-12.712518395775433
2024,CHI,690,827,778,1016,784.5115675322808,960.8068216764807,-6.511567532280708,-55.19317832351926,-15.755534674423558,-69.6762390325302,0,0,38,112.7536231884058,113.69732862786678,-0.9437054394609722,-2.2834108223802256,-0.7316368013798548,122.85368802902056,116.17978496692633,-6.673903062094228,-8.425180052301112,-5.374214052923005,-10.100064840614763,-7.6176085015552,-10.708590874681338,-6.10585085430286,True,Ahead 11+,-21.649657172532148,4.347931597225953,-5.816841554930031
2024,CLE,1444,1650,1608,1892,1653.3473217681096,1932.2339756028293,-45.34732176810952,40.233975602829354,-63.02260866737534,25.044538698066887,0,0,46,111.3573407202216,114.49773696455053,-3.1403962443289144,-4.36444658361325,-2.758352905602769,114.66666666666667,117.10508943047451,2.4384227638078397,1.5178508301858717,2.17480949204483,-3.309325946445071,-0.7019734805210747,-2.8465957534273785,-0.5835434135579392,True,Ahead 11+,-9.649019643098255,7.057354371580985,-3.3531859570653912
2024,DAL,1638,1855,1910,2160,1856.0483985516819,2168.44303286083,53.95160144831801,8.44303286083011,43.592501329134755,-17.954114051053104,0,0,48,116.6056166056166,113.31186804344823,3.2937485621683766,2.6613248674685446,2.9353428426723616,116.44204851752022,116.89719853697197,0.455150019451758,-0.9678767682508412,0.41085318057567444,0.16356808809638324,3.748898581620135,1.6934480992177035,3.346196023248036,True,Ahead 11+,-5.564561981361435,11.750106446431182,1.2362665745975496
2024,DEN,1564,1825,1825,2218,1778.8196189915564,2132.5763421914203,46.18038100844363,-85.42365780857953,33.668552297069,-115.07001796945495,0,0,54,116.68797953964194,113.73526975649337,2.9527097831485696,2.1527207351067137,2.617935431317666,121.53424657534246,116.8534982022696,-4.680748373072851,-6.305206464079723,-4.218452237460718,-4.846267035700521,-1.7280385899242816,-4.1524857289730095,-1.6005168061430517,True,Ahead 11+,-9.439238934202548,5.604626675543157,-7.384936337944263
2024,DET,333,432,336,526,375.60630961120864,506.69639046373936,-39.606309611208616,-19.303609536260634,-42.96617245138295,-25.15159489505597,0,0,24,100.90090090090091,112.79468757093352,-11.893786670032618,-12.90275448990479,-7.4308273191761005,121.75925925925925,117.2908311258656,-4.468428133393665,-5.8221284479296225,-3.054368597509594,-20.858358358358345,-16.362214803426284,-18.724882937834412,-10.485195916685694,True,Ahead 11+,-28.500891702369568,-7.25892734086732,-6.605655837046401
2024,GSW,1205,1459,1336,1790,1375.841789847575,1709.5260833872178,-39.841789847574994,-80.47391661278212,-51.0980278478473,-90.1580724156605,0,0,54,110.87136929460581,114.17774189606432,-3.3063726014585053,-4.240500236335875,-2.835714579898576,122.68677176148047,117.17108179487441,-5.51568996660604,-6.1794429345894795,-4.850748439589037,-11.815402466874659,-8.822062568064545,-10.419943170925354,-7.686463019487613,True,Ahead 11+,-17.25812897241545,-1.5308720935928632,-11.682806954638233
2024,HOU,1119,1274,1225,1452,1267.4499909855842,1494.4978927334969,-42.44999098558413,42.49789273349697,-51.369380730525165,28.280106140983214,0,0,41,109.4727435210009,113.26630839906919,-3.7935648780682865,-4.590650646159532,-3.218346549324043,113.97174254317112,117.3075269021583,3.335784358987203,2.219788551097584,2.883167756682291,-4.498999022170224,-0.4577805190810835,-2.3708620950619483,-0.3351787926417522,True,Ahead 11+,-10.666849270900602,8.235799043527402,-1.2769001294220055
2024,IND,1335,1526,1587,1812,1505.8205373948622,1785.3891189816525,81.17946260513791,-26.610881018347495,63.537184064007334,-37.466036518588105,0,0,49,118.87640449438203,112.7955458722743,6.0808586221077086,4.759339630262722,5.288564339096933,118.74180865006554,116.99797634217906,-1.7438323078864675,-2.4551793262508586,-1.5417659917930182,0.13459584431649319,4.337026314221241,2.3041603040118632,3.7467983473039146,True,Ahead 11+,-4.90269463541745,11.807229464118903,1.2885171424042063
2024,LAC,1695,1904,1978,2275,1926.6483425162676,2219.9388178951035,51.35165748373248,-55.06118210489633,38.20746160855718,-75.84999131144303,0,0,49,116.69616519174042,113.66656888001577,3.02959631172463,2.254127528528447,2.7098499991415554,119.48529411764706,116.59342530961678,-2.8918688080302695,-3.9837180310631846,-2.616976335784046,-2.7891289259066383,0.13772750369436038,-1.7295905025347373,0.09287366335750935,True,Ahead 11+,-7.143252765100378,6.3455828684183935,-3.4869443292286837
2024,LAL,1328,1489,1504,1701,1512.1438998037165,1744.1974959372762,-8.143899803716586,43.19749593727626,-24.039473716984183,11.801807077282959,0,0,38,113.25301204819277,113.86625751534011,-0.6132454671473333,-1.810201334110255,-0.5329777358453263,114.23774345198119,117.13885130539127,2.9011078534100916,0.7925995350760885,2.5575782082460785,-0.9847314037884161,2.2878623862627583,-1.0176017990341664,2.0246004724007522,True,Ahead 11+,-6.617077895639807,9.753369952065235,1.353258730882188
2024,MEM,512,606,511,711,583.3670098080877,711.6478777156273,-72.36700980808769,0.6478777156272606,-82.11232734677617,-4.944103653256677,0,0,27,99.8046875,113.93886910314212,-14.134181603142126,-16.03756393491722,-10.163905871922427,117.32673267326733,117.43364318739724,0.106910514129911,-0.8158586886562174,0.08038185057410181,-17.52204517326733,-14.027271089012215,-16.853422623573437,-10.083524021348326,True,Ahead 11+,-30.338015970339736,-2.9055709642984873,-6.249062024114673
2024,MIA,1162,1352,1277,1567,1328.5495334225977,1582.5681692458645,-51.54953342259769,15.568169245864546,-62.653106472510636,-6.558143506603975,0,0,51,109.89672977624785,114.33300631864009,-4.4362765423922275,-5.391833603486285,-3.784840926769287,115.90236686390533,117.0538586720314,1.1514918081260759,-0.48506978599141826,1.0031036885222002,-6.005637087657476,-3.2847847342661516,-5.876903389477703,-2.7817372382470866,True,Ahead 11+,-15.13771235015871,7.552405357454587,-5.4316313756561705
2024,MIL,1529,1724,1770,2038,1737.8126371216295,2012.994128414535,32.187362878370614,-25.005871585465023,28.44444977671421,-28.94865690944822,0,0,49,115.76193590582079,113.65681079932173,2.105125106499059,1.860330266626175,1.8616172861984162,118.21345707656613,116.76300048808208,-1.4504565884840501,-1.6791564332626578,-1.29968147533602,-2.4515211707453375,0.6546685180150089,0.1811738333635171,0.5619358108623962,True,Ahead 11+,-7.884832464839803,7.640159283525743,-2.3935217688035113
2024,MIN,1581,1786,1708,1949,1786.0676368042816,2094.3254571088864,-78.0676368042816,145.32545710888633,-85.9491918552057,123.19552940391952,0,0,53,108.03289057558507,112.97075501608359,-4.93786444049852,-5.4363815215183875,-4.383359730728894,109.12653975363942,117.2634634439466,8.136923690307185,6.897845991260891,7.317495322703239,-1.0936491780543491,3.1990592498086654,1.4614644697425039,2.9341355919743455,True,Ahead 11+,-6.270305226091387,11.6934076918082,-4.156059736994969
2024,NOP,2059,2314,2420,2724,2342.5043389999964,2703.3249211723514,77.4956610000037,-20.675078827648424,64.98853078209856,-36.149581127426,0,0,57,117.53278290432249,113.76903054880994,3.763752355512564,3.1563152395385417,3.4305294820718766,117.71823681936041,116.82475890978182,-0.8934779095785835,-1.5622118032595507,-0.8223977258412261,-0.1854539150379253,2.8702744459339806,1.594103436278991,2.6081317562306507,True,Ahead 11+,-4.394778327544357,9.398357538847671,-2.938519002932874
2024,NYK,1413,1610,1603,1804,1601.1948219169988,1885.2172067740842,1.805178083001169,81.2172067740842,-11.133116737811951,47.80465016697321,0,0,45,113.44656758669498,113.31881259143657,0.12775499525839837,-0.7879063508713342,0.1119143262864953,112.04968944099379,117.09423644559529,5.044547004601504,2.9692329296256657,4.487138495805757,1.3968781457011943,5.1723019998599025,2.1813265787543314,4.599052822092252,True,Ahead 11+,-4.383486068731013,13.260592625670979,0.2191549859517421
2024,OKC,1813,2060,2120,2278,2058.145263705071,2416.4070831287727,61.85473629492882,138.4070831287727,49.49518915162231,103.46415038916159,0,0,54,116.93325979040264,113.52152585245842,3.4117339379442257,2.7300159487932882,3.07276384972324,110.58252427184466,117.30131471498898,6.718790443144306,5.022531572289397,6.124207218087289,6.350735518557983,10.130524381088533,7.752547521082685,9.196971067810528,True,Ahead 11+,0.3202726555536837,18.848286415330037,2.0264276316453245
2024,ORL,1332,1484,1499,1661,1517.0233995723934,1740.0011486842182,-18.023399572393433,79.00114868421821,-33.22009444489433,59.342439647034084,0,0,45,112.53753753753753,113.89064561354304,-1.3531080760055132,-2.494001084451526,-1.1764621130805113,111.92722371967655,117.25075125904435,5.323527539367803,3.998816687805531,4.69127961307709,0.6103138178609839,3.97041946336229,1.5048156033540048,3.514817499996579,True,Ahead 11+,-2.452676083284258,10.046753240913102,1.7251054007441922
2024,PHI,1392,1585,1610,1830,1573.6302144792198,1853.4349328356573,36.36978552078028,23.43493283565723,16.898450048881372,-16.902434345657294,0,0,47,115.66091954022988,113.04814759189797,2.612771948331917,1.2139691127069951,2.284534266380671,115.45741324921136,116.93595790761245,1.4785446584010868,-1.0663996432591352,1.3128813913533461,0.20350629101852746,4.091316606733004,0.14756946944785998,3.5974156577340173,True,Ahead 11+,-5.418004819834777,13.671488233500666,0.43493191527029484
2024,PHX,1863,2117,2093,2537,2124.5318581047163,2474.796994002328,-31.531858104716527,-62.203005997671916,-26.507244431271367,-92.54989575717264,0,0,54,112.34567901234568,114.03821031157896,-1.692531299233308,-1.4228257880446251,-1.5284468300880527,119.83939537080775,116.90113339642551,-2.938261974382235,-4.371747555841882,-2.6846355631278342,-7.493716358462066,-4.630793273615543,-5.794573343886507,-4.2130823932158865,True,Ahead 11+,-10.578889004687023,0.4015989311798207,-8.365183990568205
2024,POR,423,496,468,593,485.03409571977926,580.3060729624166,-17.03409571977925,-12.69392703758337,-23.36995504002769,-20.182272186908783,1,0,20,110.63829787234043,114.66527085573979,-4.026972983399349,-5.5248120662004,-2.734204770430056,119.55645161290323,116.99719212951948,-2.5592594833837436,-4.069006489296125,-1.8238400916068058,-8.9181537405628,-6.586232466783093,-9.593818555496526,-4.558044862036862,True,Ahead 11+,-24.2784967593548,7.678571787851522,3.712918105701135
2024,SAC,1657,1884,1853,2212,1899.8636996825587,2208.2085304473903,-46.86369968255876,-3.7914695526098368,-59.639343179299495,-5.879682669425087,0,0,53,111.82860591430295,114.65683160425822,-2.8282256899552665,-3.599236160488805,-2.5236241078383825,117.40976645435244,117.20852072438377,-0.201245729968675,-0.3120850673792509,-0.1819323201828137,-5.581160540049481,-3.0294714199239414,-3.9113212278680556,-2.7055564280211963,True,Ahead 11+,-11.27375806758432,4.042985005915905,-4.555863269181276
2024,SAS,866,989,991,1175,988.2205455720481,1151.2159799790245,2.7794544279519693,-23.784020020975394,-11.748975378673165,-47.96740538153038,0,0,32,114.43418013856812,114.11322697136815,0.32095316719999645,-1.3566946164749614,0.26073681312870256,118.80687563195147,116.40202022032604,-2.404855411625419,-4.850091545149684,-2.000338101007182,-4.372695493383347,-2.0839022444254227,-6.206786161624645,-1.7396012878784792,True,Ahead 11+,-13.102686975963845,6.906167042960875,4.7312531897145504
2024,TOR,811,916,955,1132,930.8228351994264,1065.4871501838302,24.177164800573614,-66.51284981616986,17.099222451756663,-75.3433498746099,0,0,32,117.75585696670777,114.77470224407232,2.981154722635464,2.1084121395507602,2.39141095950283,123.58078602620087,116.3195578803308,-7.2612281458700725,-8.225256536529466,-5.9599327792266905,-5.824929059493101,-4.280073423234608,-6.116844396978706,-3.5685218197238604,True,Ahead 11+,-16.6017029773242,4.23659846690814,3.254930068679764
2024,UTA,799,931,907,1100,907.9771667060314,1088.8666935558153,-0.9771667060314169,-11.133306444184601,-10.636601105188493,-33.83532885027786,0,0,30,113.5168961201502,113.63919483179367,-0.12229871164348147,-1.3312391871324771,-0.09781448508822993,118.15252416756177,116.95668029600594,-1.1958438715558113,-3.6342995542725953,-0.9843772276025289,-4.635628047411572,-1.3181425831992928,-4.965538741405073,-1.0821917126907588,True,Ahead 11+,-13.38692314120865,7.877867324324263,3.3727125888104132
2024,WAS,557,661,599,810,642.431319949194,773.9415033107476,-43.43131994919397,-36.05849668925236,-53.445496144086455,-47.58584669384553,0,0,25,107.54039497307002,115.33775941637234,-7.797364443302328,-9.59524167757387,-5.737294577172254,122.54160363086233,117.08646041009798,-5.45514322076435,-7.1990690913533335,-4.18797870955312,-15.001208657792304,-13.252507664066679,-16.794310768927204,-9.925273286725375,True,Ahead 11+,-24.69770520964032,-3.845165439321179,-3.0344086696305155
2025,ATL,973,1150,1090,1418,1111.7962270496832,1336.3127061112596,-21.79622704968329,-81.68729388874053,-32.540758582578306,-111.0872815084036,0,0,40,112.02466598150052,114.26477153645254,-2.240105554952034,-3.344373955044019,-1.858160873800792,123.30434782608695,116.20110487923995,-7.103242946847002,-9.6597636094264,-6.050910658425224,-11.279681844586435,-9.343348501799037,-13.004137564470419,-7.909071532226015,True,Ahead 11+,-19.18552301154331,-1.4669179265701342,-8.35745626785695
2025,BKN,606,735,612,904,696.4987361835456,855.9557629187307,-84.49873618354557,-48.04423708126929,-83.11193459809984,-53.32734786408449,0,0,32,100.99009900990099,114.93378484876989,-13.943685838868905,-13.714840692755748,-10.483714166692998,122.99319727891157,116.45656638350076,-6.536630895410787,-7.255421478106733,-5.1384210782106186,-22.00309826901058,-20.480316734279693,-20.970262170862483,-15.622135244903617,True,Ahead 11+,-30.067654968713825,-11.872682939618258,-12.77828000727547
2025,BOS,2221,2450,2614,2784,2529.3205019736665,2851.776582852639,84.67949802633333,67.77658285263877,70.29134826019566,47.33294653781668,0,0,59,117.69473210265646,113.8820577205613,3.8126743820951523,3.164851339945775,3.4977074773371886,113.63265306122449,116.3990441980669,2.766391136842399,1.9319570015435379,2.557606900099576,4.062079041431971,6.579065518937551,5.096808341489313,6.055314377436765,True,Ahead 11+,-0.18690707814599816,12.934345710348712,-3.493013666215184
2025,CHA,332,415,382,549,378.701498476648,481.6111014269272,3.298501523351988,-67.38889857307282,-4.740006135953824,-71.87946226500375,0,0,19,115.06024096385542,114.0667164086289,0.9935245552265024,-1.4277126915523568,0.6200190833368399,132.289156626506,116.0508678137174,-16.238288812788632,-17.32035235301295,-10.957544483426474,-17.228915662650593,-15.24476425756213,-18.74806504456531,-10.337525400089634,False,Ahead 11+,-47.89345235717732,3.245173221915327,-4.987944357204235
2025,CHI,992,1138,1195,1365,1124.7695095440781,1321.9431589016303,70.23049045592185,-43.05684109836966,54.861089787735146,-71.38152964886932,0,0,39,120.46370967741936,113.384023139524,7.079686537895348,5.530351793118462,5.891819669120961,119.94727592267135,116.16372222334186,-3.7835536993294956,-6.272542148406794,-3.218000082090408,0.5164337547480073,3.296132838565853,-0.742190355288332,2.673819587030553,True,Ahead 11+,-7.321777337775714,11.463209015528921,4.733361756787071
2025,CLE,2319,2558,2771,2959,2638.514860434271,2982.031643736818,132.48513956572876,23.031643736817685,125.13282459427508,-9.49692411057021,0,0,60,119.49115998275118,113.77813110971417,5.713028873037031,5.395982086859641,5.259433885102372,115.67630961688819,116.57668661989123,0.900377003003037,-0.3712636477939879,0.8350849795800467,3.814850365862995,6.613405876040067,5.024718439065653,6.094518864682419,True,Ahead 11+,0.5810010799875133,12.044512618365887,-3.602965425709664
2025,DAL,1138,1314,1297,1535,1302.2296611149209,1528.036859448296,-5.229661114920983,-6.963140551704103,-13.715778999438307,-26.48548726107761,0,0,43,113.97188049209139,114.43142892046757,-0.4595484283761848,-1.2052529876483573,-0.3908565855695802,116.81887366818874,116.28895429591294,-0.5299193722758069,-2.015638299929803,-0.45991681319049554,-2.8469931760973566,-0.9894678006519917,-3.2208912875781603,-0.8507733987600757,True,Ahead 11+,-12.349414348388148,7.3405436516929345,0.06628407679873782
2025,DEN,1581,1825,1869,2164,1804.9678157794385,2126.063664556363,64.03218422056142,-37.936335443636786,54.38013040298632,-54.51397070992463,1,0,47,118.21631878557875,114.16621225676398,4.050106528814764,3.439603441049103,3.595293892226919,118.57534246575342,116.49663915377332,-2.0787033119800977,-2.9870668882150477,-1.8733992811672486,-0.3590236801746727,1.9714032168346662,0.45253655283405525,1.7218946110596702,True,Ahead 11+,-5.011325523223661,8.330637219588077,-2.8464994442695026
2025,DET,1459,1678,1592,1923,1673.1633242681455,1956.2756188837334,-81.1633242681456,33.27561888373327,-101.58389877337963,6.394879886451156,0,0,44,109.11583276216587,114.6787747956234,-5.562942033457546,-6.9625701695256765,-4.892304054740542,114.60071513706794,116.58376751392929,1.9830523768613393,0.38110130431770894,1.7718646902946364,-5.484882374902071,-3.5798896565962064,-6.581468865207968,-3.1204393644459056,True,Ahead 11+,-13.307436200364638,4.998804036556587,-5.364019610958941
2025,GSW,1392,1591,1614,1835,1587.2477458095618,1851.061919413068,26.752254190438183,16.06191941306788,12.364715820612789,7.927591159528308,0,0,46,115.94827586206897,114.02641852080185,1.921857341267111,0.8882698146991946,1.680417976786318,115.3362664990572,116.34581517366863,1.009548674611432,0.498277257041377,0.8968129208859789,0.6120093630117651,2.931406015878543,1.3865470717405717,2.577230897672297,True,Ahead 11+,-7.528124209507535,11.59319972758899,-0.44221507969506746
2025,HOU,1661,1840,1955,2137,1892.7153716219987,2144.544791341883,62.28462837800129,7.544791341882799,39.12340111545407,-10.860948197776477,0,0,51,117.7001806140879,113.95035349921727,3.7498271148706377,2.355412469322942,3.3468365598066248,116.1413043478261,116.55134735553712,0.4100430077110217,-0.5902689237921999,0.3698427128373921,1.5588762662618052,4.159870122581659,1.7651435455307423,3.7166792726440168,True,Ahead 11+,-4.445912352228727,10.864003949351929,-0.8149625590295919
2025,IND,1047,1251,1188,1500,1191.4880157854552,1456.2820239266957,-3.488015785455111,-43.71797607330416,-11.032098331514094,-57.26914311770719,0,0,47,113.46704871060172,113.80019252965188,-0.3331438190501539,-1.0536865646145266,-0.2797125730116368,119.9040767386091,116.40943436664234,-3.4946423719667594,-4.5778691540933005,-3.0129549326880882,-6.43702802800739,-3.827786191016913,-5.631555718707827,-3.292667505699725,True,Ahead 11+,-15.368077905987978,8.032681911751688,-6.261625434651427
2025,LAC,1502,1684,1726,1864,1709.8839650789794,1964.9229203682585,16.116034921020663,100.92292036825839,-8.233113000718701,75.05706715905164,0,0,51,114.91344873501997,113.8404770358841,1.072971699135863,-0.5481433422582357,0.9468880682150802,110.68883610451306,116.68188363231938,5.9930475278063176,4.457070496380739,5.356842907020084,4.224612630506911,7.06601922694218,3.9089271541225035,6.3037309752351645,True,Ahead 11+,-0.978454248291516,15.50755213164544,1.9427940040794436
2025,LAL,1572,1844,1709,2171,1805.5331366877763,2142.0450201153308,-96.53313668777638,-28.9549798846691,-103.96351760404399,-33.938252430240645,0,0,51,108.7150127226463,114.85579749922242,-6.140784776576105,-6.6134553183234095,-5.447693944005438,117.73318872017353,116.16296204529993,-1.5702266748735956,-1.8404692207288853,-1.4165841430855726,-9.018175997527223,-7.7110114514497,-8.453924539052295,-6.8642780870910105,True,Ahead 11+,-15.135339634402275,-0.26740087198097157,-9.339389139997872
2025,MEM,1733,1939,2018,2199,1975.4285691854145,2261.9820628237944,42.5714308145855,62.98206282379431,19.260192777992298,20.02166007921767,0,0,50,116.44547028274668,113.98895379027205,2.4565164924746394,1.111378694633139,2.2023502749397568,113.40897369778236,116.65714609715289,3.2481723993705165,1.0325765899544956,2.9444629651142735,3.0364965849643255,5.704688891845156,2.1439552845876344,5.14681324005403,True,Ahead 11+,-2.9702331832298983,12.966537585597333,0.9044541074675312
2025,MIA,1096,1321,1206,1543,1250.7284620860557,1536.354492572466,-44.728462086055735,-6.645507427534169,-59.43603611048009,-38.0647517007545,0,0,52,110.03649635036497,114.11756040931166,-4.081064058946691,-5.42299599548176,-3.4512702226894856,116.80545041635125,116.30238399488766,-0.503066421463601,-2.8815103482781605,-0.43691699063341016,-6.768954065986279,-4.584130480410292,-8.304506343759922,-3.8881872133228956,True,Ahead 11+,-15.735488918633648,5.432902207405432,-4.913987860941706
2025,MIL,1459,1636,1617,1861,1668.131607871857,1905.9733649088873,-51.13160787185707,44.97336490888731,-63.53556992845416,22.454846214959456,0,0,43,110.82933516106922,114.33390047099775,-3.5045653099285174,-4.354734059523931,-3.0820740127701667,113.75305623471883,116.50203941985863,2.7489831851398114,1.372545612161336,2.449529679133296,-2.9237210736496024,-0.755582124788706,-2.9821884473625953,-0.6325443336368708,True,Ahead 11+,-8.383825076995311,6.056422346276323,-3.087275797712974
2025,MIN,1372,1563,1580,1783,1553.4548993434942,1820.9494295438938,26.54510065650593,37.949429543893814,10.74900234487789,21.494918439051247,0,0,51,115.1603498542274,113.22557575389898,1.9347741003284205,0.7834549814050941,1.6886196346377818,114.07549584133078,116.50348237644874,2.427986535117966,1.375234704993682,2.1525484710092915,1.0848540128966278,4.362760635446387,2.158689686398776,3.841168105647073,True,Ahead 11+,-2.9610118836933976,11.205934664844788,-1.3192807602422505
2025,NOP,379,486,399,625,431.8401580315907,564.7019459142422,-32.84015803159073,-60.29805408575786,-42.62616183979341,-68.20993181519344,0,0,27,105.27704485488127,113.94199420358593,-8.664949348704678,-11.247008401000901,-5.6718753077013355,128.6008230452675,116.19381603173707,-12.407007013530423,-14.034965394072724,-8.78980380258861,-23.323778190386236,-21.0719563622351,-25.281973795073625,-14.461679110289946,True,Ahead 11+,-41.15072152364421,-9.534830399869255,-10.189519410633206
2025,NYK,1710,1922,2029,2226,1942.1962673999315,2240.5558892519543,86.8037326000686,14.55588925195418,68.89306581657293,-5.134167096483884,0,0,51,118.65497076023392,113.57872908771529,5.0762416725186315,4.028834258279119,4.544698041888409,115.81685744016649,116.57418778626193,0.7573303460954309,-0.2671262797338129,0.6859514256340331,2.8381133200674356,5.8335720186140625,3.761707978545306,5.230649467522442,True,Ahead 11+,-1.6049935226844443,11.943577399391932,0.9709871983511622
2025,OKC,2788,2996,3306,3313,3170.0088327592184,3501.464492763247,135.9911672407816,188.4644927632471,106.02723730610123,157.3042906363195,0,0,67,118.57962697274031,113.70189500571085,4.87773196702947,3.802985556172928,4.551243883560295,110.5807743658211,116.87131150745151,6.290537141630411,5.250476990531359,5.8968865069852034,7.998852606919215,11.168269108659882,9.053462546704287,10.448130390545497,True,Ahead 11+,6.3634391319662855,15.87614616060507,-2.6763386441837422
2025,ORL,1151,1289,1272,1442,1309.2922265835598,1499.1153304009474,-37.29222658355969,57.1153304009475,-55.41745789631006,31.614194920671885,0,0,42,110.5125977410947,113.75258267450563,-3.2399849334109203,-4.814722666925288,-2.760342456222035,111.86966640806827,116.30064626849864,4.430979860430372,2.452614035738703,3.8358180255841168,-1.357068666973575,1.1909949270194518,-2.362108631186585,1.0754755693620819,True,Ahead 11+,-6.847683478331481,8.261831818024914,1.1546048990621745
2025,PHI,601,710,647,847,688.5625250634411,825.861018373799,-41.56252506344108,-21.13898162620098,-42.60716850212799,-35.61755817156706,0,0,29,107.65391014975042,114.56947172436622,-6.91556157461582,-7.0893791184905135,-5.188829595935216,119.29577464788733,116.31845329208437,-2.977321355802955,-5.016557488953107,-2.3229650138682394,-11.641864498136911,-9.892882930418775,-12.10593660744362,-7.511794609803456,True,Ahead 11+,-22.29753226315269,0.3272937960967728,-2.6241932306724465
2025,PHX,914,1124,995,1413,1048.4133049855511,1307.927030290297,-53.41330498555109,-105.07296970970302,-66.74043752359832,-122.6374901490008,0,0,40,108.86214442013129,114.70605087369267,-5.843906453561389,-7.302017234529357,-4.794731147715538,125.71174377224199,116.3636147945104,-9.348128977731585,-10.91080873211751,-7.936024902545545,-16.8495993521107,-15.192035431292975,-18.212825966646868,-12.730756050261082,True,Ahead 11+,-29.325011538545308,-3.8147802902451535,-12.054854926610014
2025,POR,995,1120,1108,1242,1134.6849702899028,1303.964142663709,-26.684970289902832,61.964142663708934,-40.36757884704301,45.38748950910665,0,0,36,111.35678391959799,114.03869048139727,-2.6819065617992797,-4.057043100205328,-2.2330519071048394,110.89285714285714,116.42536988068831,5.532512737831155,4.052454420455951,4.694253232099162,0.46392677674084837,2.8506061760318753,-0.004588679749376823,2.4612013249943225,True,Ahead 11+,-8.288657261752908,13.893056864770527,5.744989618172184
2025,SAC,992,1172,1174,1410,1126.806967127438,1362.3662517814437,47.19303287256215,-47.633748218556306,32.609269923995555,-65.81096867494674,0,0,44,118.34677419354838,113.5894120088143,4.757362184734088,3.2872247907253582,3.9591470530672948,120.30716723549489,116.24285424756346,-4.064312987931425,-5.615270364756547,-3.471847537795649,-1.960393041946503,0.6930491968026633,-2.328045574031189,0.48729951527164594,True,Ahead 11+,-12.460270392145729,11.212740795318762,0.04489744025775533
2025,SAS,937,1095,1049,1289,1071.5543642153905,1272.8473669800458,-22.554364215390425,-16.152633019954283,-22.44365683946796,-20.494216690511365,0,0,41,111.95304162219851,114.36012424924125,-2.4070826270427346,-2.3952675388973272,-1.9836731939657364,117.71689497716895,116.24176867397678,-1.475126303192172,-1.8716179626037777,-1.2473075691084388,-5.763853354970436,-3.8822089302349063,-4.266885501501105,-3.230980763074175,True,Ahead 11+,-15.35637531295242,6.13513897251375,-0.664464085281808
2025,TOR,905,1091,936,1261,1034.4012548249373,1269.4205735438823,-98.40125482493715,8.420573543882297,-114.89775236424786,-22.66197998124274,0,0,36,103.42541436464089,114.29848119612566,-10.873066831484769,-12.69588423914341,-8.905090934383452,115.5820348304308,116.35385642015419,0.7718215897234002,-2.077175067024999,0.6522520173417735,-12.156620465789914,-10.101245241761369,-14.77305930616841,-8.252838917041679,True,Ahead 11+,-21.952117091005658,0.9950614840014658,-5.536641622313409
2025,UTA,630,746,685,897,720.174763929255,868.5900227087743,-35.17476392925501,-28.409977291225665,-34.76589413376589,-40.043512720351806,0,0,30,108.73015873015873,114.31345459194523,-5.583295861786509,-5.518395894248554,-4.237923364970483,120.24128686327077,116.4329789153853,-3.8083079478854778,-5.367763099242869,-3.003168846852607,-11.511128133112038,-9.391603809671988,-10.886158993491424,-7.24109221182309,True,Ahead 11+,-27.82228723858169,5.236302763255165,0.29864856728944744
2025,WAS,325,423,330,551,372.9296970780346,492.5591954486604,-42.92969707803463,-58.440804551339646,-47.94118491021665,-67.38774944896564,0,0,24,101.53846153846153,114.74759910093371,-13.209137562472195,-14.751133818528201,-8.177085157720882,130.26004728132386,116.44425424318213,-13.81579303814176,-15.930910035216462,-9.380546476940552,-28.72158574286233,-27.024930600613956,-30.682043853744663,-17.557631634661433,True,Ahead 11+,-40.049395851638764,-16.36055970461354,-13.026777470352936
2026,ATL,1728,1912,1968,2141,1962.0168120322464,2186.3651123232717,5.9831879677536435,45.36511232327161,-19.067509651751404,20.07918894683707,0,0,46,113.88888888888889,113.54263958519944,0.34624930368944695,-1.1034438455874656,0.310331326128301,111.97698744769875,114.3496397658615,2.3726523181627415,1.050166785922441,2.1479693334882395,1.911901441190139,2.718901621852188,-0.053277059665024495,2.4583006596165404,True,Ahead 11+,-3.868713975726147,9.44506247091996,0.3036497352889138
2026,BKN,651,768,700,887,738.6700429669801,872.0372936083486,-38.67004296698007,-14.962706391651414,-59.413441902620505,-30.111674196446867,0,0,28,107.52688172043011,113.46698048647927,-5.940098766049165,-9.126488771523887,-4.544070853934203,115.49479166666667,113.54652260525371,-1.9482690614129445,-3.9207909109956858,-1.5457341313689477,-7.96790994623656,-7.88836782746211,-13.047279682519573,-6.08980498530315,True,Ahead 11+,-24.074801706616213,5.619628357060537,2.592733702098702
2026,BOS,2015,2258,2385,2578,2286.774370587097,2569.4340342368255,98.22562941290278,-8.565965763174576,70.93990955050856,-33.966822070341685,0,0,57,118.3622828784119,113.48756181573683,4.874721062675076,3.5205910446902515,4.434565661982067,114.1718334809566,113.79247272970883,-0.3793607512477669,-1.504287957056762,-0.34849331827398605,4.1904493974553105,4.495360311427309,2.0163030876334895,4.08607234370808,True,Ahead 11+,-2.3204728938736876,10.570882976730319,-4.163588855461295
2026,CHA,1764,1974,2069,2160,2003.398442171161,2254.725747899657,65.60155782883913,94.72574789965702,46.186090098916885,73.0723962283191,0,0,49,117.29024943310658,113.57134025913611,3.7189091739704723,2.618259075902318,3.3402015187799967,109.4224924012158,114.22116250758141,4.798670106365604,3.701742463440684,4.357210114979623,7.8677570318907755,8.517579280336076,6.320001539343002,7.69741163375962,True,Ahead 11+,0.22697630033463015,15.526466887828995,3.467207418550606
2026,CHI,681,797,737,915,774.7733071247926,907.8736680898198,-37.77330712479263,-7.126331910180135,-46.87864981379889,-15.208426687633601,0,0,29,108.22320117474302,113.76994230907381,-5.546741134330783,-6.883795861057105,-4.2875490493521715,114.80552070263488,113.91137617187199,-0.8941445307628778,-1.9082091201547804,-0.7147775235887799,-6.582319527891855,-6.440885665093661,-8.792004981211885,-5.002326572940952,True,Ahead 11+,-21.155621115048277,4.326158639633909,-1.0993694698010392
2026,CLE,1600,1826,1821,2137,1815.4409667776988,2067.993821323028,5.55903322230114,-69.00617867697196,-10.407611821629118,-92.38275995272778,0,0,50,113.8125,113.46506042360618,0.3474395763938212,-0.6504757388518199,0.30883517901672997,117.03176341730558,113.25267367595991,-3.7790897413456714,-5.059296821069429,-3.406030536869297,-3.2192634173055836,-3.4316501649518503,-5.709772559921249,-3.097195357852567,True,Ahead 11+,-11.22283739190861,3.3354353742859253,-8.050378947149921
2026,DAL,624,752,706,957,715.9168573623173,852.1003544495924,-9.91685736231729,-104.8996455504076,-20.821592880245813,-107.17926357698151,0,0,27,113.14102564102564,114.73026560293546,-1.589239961909822,-3.3367937308086235,-1.2035021070773408,127.26063829787235,113.31121734702027,-13.949420950852074,-14.252561645875202,-11.018870330925168,-14.119612656846712,-15.538660912761896,-17.589355376683827,-12.222372438002509,True,Ahead 11+,-29.731024165910963,-6.423679682950624,-9.930419323345575
2026,DEN,1487,1748,1706,2033,1693.724598104418,1991.0710514936943,12.275401895581947,-41.92894850630579,-1.831733781715529,-62.699939564177896,0,0,58,114.72763954270343,113.90212495658493,0.82551458611849,-0.12318317294657223,0.7276468225004118,116.30434782608695,113.90566656142416,-2.3986812646628026,-3.5869530643122367,-2.1524100875926995,-1.5767082833835246,-1.5731666785443126,-3.710136237258809,-1.4247632650922877,True,Ahead 11+,-12.001523781459756,7.7927059648113834,-7.0132559750429415
2026,DET,1982,2242,2246,2527,2256.335187027123,2559.081509941478,-10.33518702712303,32.08150994147819,-38.641480541915925,-2.284186507828404,0,0,57,113.31987891019172,113.84133133335637,-0.5214524231646332,-1.9496206126092799,-0.4736566006930812,112.71186440677967,114.14279705358958,1.4309326468099104,-0.10188164620108849,1.3137391458426777,0.6080145034120505,0.9094802236452771,-2.0515022588103684,0.8400825451495966,True,Ahead 11+,-7.187143734855698,8.204695105232238,-7.913901132687251
2026,GSW,1020,1215,1139,1419,1155.6597090401985,1384.1545542570077,-16.65970904019856,-34.84544574299226,-34.51140333414483,-47.131669311724124,0,0,42,111.66666666666667,113.29997147452927,-1.633304807862604,-3.383470915112238,-1.3655499213277509,116.79012345679013,113.9221855355562,-2.867937921233931,-3.879149737590463,-2.4625756708828455,-5.123456790123456,-4.501242729096535,-7.262620652702701,-3.828125592210596,True,Ahead 11+,-14.929112562165116,5.3523474121353685,-4.591437487569829
2026,HOU,1628,1841,1926,2101,1851.468562693669,2100.8035508215003,74.5314373063311,-0.19644917849979016,42.46196403383958,-20.272560871290434,0,0,50,118.30466830466831,113.72657019002881,4.578098114639502,2.608228749007345,4.0772121064732545,114.12275936990766,114.11208858346009,-0.010670786447571438,-1.1011711499886168,-0.009625143483576196,4.181908934760656,4.567427328191931,1.5070575990187283,4.067586962989679,True,Ahead 11+,-3.967534278808009,11.326945752297624,-0.9713671832281818
2026,IND,601,699,628,767,689.4255271020719,797.7083493834477,-61.42552710207189,30.70834938344775,-70.04554374572363,22.77755337637008,0,0,26,104.49251247920134,114.71306607355606,-10.220553594354724,-11.654832570003933,-7.668605131344806,109.72818311874106,114.12136614927722,4.393183030536159,3.2585913270915707,3.4158341917072024,-5.23567063953972,-5.827370563818565,-8.396241242912362,-4.252770939637603,True,Ahead 11+,-23.245977174237055,5.439842161151295,2.4705618263414237
2026,LAC,1535,1702,1750,1910,1743.4660704876285,1935.3493485537738,6.533929512371627,25.349348553773876,-10.82161820426912,0.8381927454368194,0,0,44,114.00651465798046,113.58085149756538,0.42566316041508967,-0.7049914139589004,0.37659536094360957,112.22091656874265,113.71030250022173,1.489385931479076,0.049247517358215004,1.3327733203876906,1.7855980892378085,1.9150490918941658,-0.6557438966006854,1.7093686813313003,True,Ahead 11+,-6.042756548448106,8.063270353173955,0.675303055100819
2026,LAL,1522,1700,1763,1970,1726.9316701459054,1930.8204006648075,36.068329854094685,-39.179599335192606,3.4300253804431664,-69.53683514959073,0,0,49,115.83442838370566,113.46463010157066,2.369798282134999,0.22536303419468898,2.0945603864166484,115.88235294117646,113.57767062734162,-2.304682313834859,-4.090402067622985,-2.062084175536453,-0.04792455747080737,0.0651159683001401,-3.8650390334282956,0.03247621088019548,True,Ahead 11+,-6.167773350667312,5.185971813855243,-1.490902012996679
2026,MEM,805,927,878,1102,918.2036671425615,1052.1884318626974,-40.20366714256144,-49.811568137302594,-42.06198743609822,-65.96816081881755,0,0,33,109.06832298136646,114.06256734690204,-4.994244365535583,-5.225091606968723,-4.000364889807109,118.87810140237325,113.50468520633197,-5.373416196041272,-7.116306452946877,-4.419837456726051,-9.809778421006783,-10.367660561576855,-12.341398059915601,-8.42020234653316,True,Ahead 11+,-23.81440417806268,-0.7442630221060836,-3.826886147648647
2026,MIA,1648,1857,1896,2108,1868.6957373084488,2113.2168130783175,27.304262691551138,5.216813078317369,-3.9222442260434445,-14.24367706685782,0,0,51,115.04854368932038,113.39173163279423,1.6568120565261613,-0.23800025643467504,1.4775033923999534,113.51642434033387,113.79735126969938,0.2809269293655018,-0.7670262286945514,0.25361269218849625,1.5321193489865124,1.937738985891663,-1.0050264851292265,1.7311160845884497,True,Ahead 11+,-7.2868200413533115,8.678178990202072,-0.3936015486874327
2026,MIL,796,913,857,1043,906.1025373251522,1041.620522623073,-49.10253732515217,-1.379477376926988,-66.91707423549867,-29.013665935059333,0,0,35,107.66331658291458,113.83197705089852,-6.168660467983941,-8.40666761752496,-4.92997362702331,114.23877327491785,114.08768046254906,-0.1510928123687829,-3.17783854710398,-0.12394226207789648,-6.5754566920032715,-6.3197532803527245,-11.58450616462894,-5.053915889101207,True,Ahead 11+,-14.262561129360675,0.39778815246272997,0.18033385411878378
2026,MIN,1453,1620,1668,1809,1639.6743339247596,1849.4873053196477,28.325666075240317,40.487305319647774,4.971080729482575,11.037690813994448,0,0,47,114.79697178251892,112.84751093769853,1.9494608448203934,0.3421253082919873,1.7135914141101218,111.66666666666667,114.1658830444227,2.4992163777560354,0.6813389391354597,2.2245772153652625,3.130305115852252,4.448677222576428,1.0234642474274471,3.9381686294753844,True,Ahead 11+,-3.9608662333884324,11.046690397915732,1.1384784738119338
2026,NOP,705,832,799,1005,799.1394238034658,948.280283053849,-0.13942380346573202,-56.719716946151024,-22.710007172956036,-78.88371412527941,0,0,31,113.33333333333333,113.35310975935684,-0.019776426023508088,-3.221277613185253,-0.01540594513433503,120.79326923076923,113.97599555935685,-6.817273671412382,-9.481215640057622,-5.496096603309208,-7.459935897435898,-6.83705009743589,-12.702493253242874,-5.511502548443542,True,Ahead 11+,-19.44819396932182,2.385502318254272,-2.0315518845593603
2026,NYK,1715,1914,2039,2092,1939.4919937320567,2182.179368885543,99.50800626794332,90.1793688855433,74.98558244309625,70.07743327562096,0,0,50,118.89212827988338,113.0899121709654,5.802216108917977,4.372337168693659,5.196240536185029,109.29989550679205,114.01146127928648,4.711565772494425,3.661307903637459,4.265816882002994,9.592232773091325,10.513781881412402,8.033645072331119,9.462057418188024,True,Ahead 11+,0.6180006772789076,18.102750624907404,3.7928189522832056
2026,OKC,2366,2575,2727,2718,2682.479213068592,2941.8315622303717,44.52078693140806,223.83156223037184,20.199843522771744,203.58625838400832,0,0,64,115.25781910397295,113.37612903924733,1.8816900647256156,0.8537550094155428,1.7350267705147338,105.55339805825243,114.24588591185909,8.692487853606673,7.906262461514887,8.066002242535923,9.704421045720522,10.574177918332289,8.76001747093043,9.801029013050657,True,Ahead 11+,4.822666238473384,15.954613511583768,-0.5817098376554011
2026,ORL,1021,1244,1164,1455,1162.5581869127288,1422.3986358757502,1.441813087271074,-32.601364124249784,-7.596055272683724,-41.1093078104055,0,0,43,114.00587659157688,113.86466081417521,0.14121577740167227,-0.7439819072168192,0.11808460993211088,116.96141479099678,114.34072635657157,-2.6206884344252237,-3.30460673717086,-2.2577121969702065,-2.9555381994199053,-2.4794726570235515,-4.04858864438768,-2.139627587038096,True,Ahead 11+,-16.87627007339316,9.281771192586861,-3.213267402394807
2026,PHI,1171,1350,1263,1549,1330.7043196873246,1536.2440163302704,-67.7043196873246,-12.755983669729682,-91.70190013517912,-45.51338125278932,0,0,42,107.85653287788215,113.63828519960074,-5.781752321718582,-7.831076014959788,-4.9383165344511015,114.74074074074075,113.7958530615015,-0.9448876792392358,-3.3713615742806904,-0.8229666883696569,-6.884207862858602,-6.726640000957818,-11.202437589240478,-5.761283222820758,True,Ahead 11+,-15.34190182359798,-0.2673498374083195,-6.449863228363698
2026,PHX,1414,1581,1597,1795,1612.5473615693304,1804.6613230425967,-15.547361569330493,9.661323042596665,-31.89248258276623,-11.670987654945645,0,0,51,112.94200848656294,114.041539007732,-1.099530521169059,-2.255479673462958,-0.9632813859560404,113.53573687539532,114.14682625190365,0.611089376508328,-0.7382028877258473,0.5424662011564663,-0.5937283888323748,-0.48844114466073096,-2.9936825611888054,-0.42081518479957414,True,Ahead 11+,-8.339077426140442,5.970362212120272,-1.9435332898259272
2026,POR,1236,1441,1338,1675,1411.7360678633268,1642.2698844450183,-73.73606786332665,-32.73011555498167,-103.21405628360215,-59.13199336216292,0,0,45,108.25242718446601,114.2181284679067,-5.9657012834406675,-8.350651802880433,-5.13482366736258,116.23872310895212,113.96737574219419,-2.271347366757923,-4.103538748241702,-1.9945225810470244,-7.9862959244861,-8.237048650198592,-12.454190551122135,-7.129346248409605,True,Ahead 11+,-18.725576133380514,1.1586587972485975,-7.771843022496808
2026,SAC,475,572,493,694,545.4944749611193,652.0933955826089,-52.49447496111933,-41.906604417391115,-55.18334084294046,-47.16431659549967,0,0,22,103.78947368421052,114.84094209707774,-11.051468412867228,-11.617545440619045,-7.77695925349916,121.32867132867133,114.00234188507147,-7.326329443599846,-8.245509894318124,-5.4283166343770874,-17.539197644460813,-18.377797856467076,-19.86305533493717,-13.205275887876248,True,Ahead 11+,-33.4775259456277,-10.433537768511085,-7.884397482896544
2026,SAS,2311,2621,2613,2987,2632.7138063088273,2987.912296850486,-19.713806308827277,0.9122968504863727,-35.23261266895477,-22.118986587679604,0,0,63,113.06793595845954,113.92097820462257,-0.853042246163015,-1.5245613443944082,-0.7850978219365702,113.96413582602061,113.99894303130432,0.03480720528372273,-0.843914024711164,0.03233948424269311,-0.8961998675610658,-0.8182350408792923,-2.368475369105572,-0.7527583376938771,True,Ahead 11+,-6.92244817899159,5.1352476353791,-9.883603130496187
2026,TOR,1400,1628,1603,1834,1588.3485629820211,1855.9202495625143,14.651437017978987,21.920249562514243,-7.345719482184993,-6.576989459765682,0,0,51,114.5,113.45346878443009,1.0465312155699278,-0.5246942487274995,0.9157148136236867,112.65356265356266,114.00001532939278,1.3464526758301134,-0.4039919815580886,1.1991383786933394,1.846437346437341,2.392983891400041,-0.928686230285588,2.114853192317026,True,Ahead 11+,-8.323589618372502,11.032234464329962,-0.5388954488700435
2026,UTA,606,726,704,865,689.1129274051838,824.3092005076959,14.887072594816242,-40.690799492304166,0.45962844985877394,-50.74308948441215,0,0,31,116.17161716171617,113.71500452230755,2.456612639408621,0.07584627885458316,1.8470313393072262,119.14600550964187,113.54121219114269,-5.604793318499197,-6.989406265070544,-4.394254804784468,-2.9743883479256965,-3.1481806790905758,-6.913559986215961,-2.5472234654772414,True,Ahead 11+,-25.137382166925537,11.128397950024764,5.373729359539572
2026,WAS,543,603,595,701,623.2155969564661,686.8866499797565,-28.215596956466104,-14.113350020243448,-33.84069575599216,-24.92576630072339,0,0,20,109.57642725598527,114.77266978940445,-5.196242533419173,-6.232172330753619,-3.797523143535142,116.25207296849088,113.91155057707404,-2.3405223914168243,-4.133626252192934,-1.7575778356467557,-6.675645712505613,-7.536764924835997,-10.365798582946553,-5.555100979181898,True,Ahead 11+,-23.853548082238344,1.9208634162922194,5.350951155584945
2023,ATL,1209,1039,1461,1161,1424.0886740320698,1155.8196720180729,36.91132596793028,-5.180327981927174,48.587158727157124,-1.5320690044296816,0,0,35,120.84367245657569,117.79062647080808,3.0530459857675996,4.0187889766052205,2.6196824675607013,111.74205967276227,111.24347180154696,-0.49858787121531994,-0.14745611207215414,-0.4181055675486017,9.101612783813422,2.5544581145522796,3.8713328645330662,2.2015769000120997,True,Behind 11+,-5.410639301104992,13.231735366412307,1.995172532977726
2023,BKN,1217,1027,1480,1190,1431.6843163571587,1141.2264259822562,48.31568364284131,-48.77357401774373,61.828326695963156,-37.09171680338326,0,0,43,121.61051766639277,117.64045327503356,3.970064391359187,5.080388389150629,3.4097165591278267,115.87147030185005,111.12233943352057,-4.749130868329476,-3.6116569428805505,-3.975026407314077,5.739047364542714,-0.7790664769702889,1.4687314462700787,-0.5653098481862502,True,Behind 11+,-10.42437144827969,12.087637172686478,-2.161854096133361
2023,BOS,655,556,780,593,775.5996822918097,615.7475638234021,4.400317708190283,22.747563823402082,7.328303676826769,22.97198271810644,0,0,25,119.08396946564885,118.4121652353908,0.6718042302580585,1.1188249888285142,0.5146570418936003,106.65467625899281,110.74596471643922,4.091288457446418,4.131651568004755,3.0089370136775244,12.429293206656041,4.763092687704477,5.250476556833269,3.5235940555711247,True,Behind 11+,-8.769241591294271,22.578603392153457,-3.1350012169492576
2023,CHA,2148,1859,2445,2015,2542.82558396532,2068.3024949606634,-97.8255839653204,53.302494960663175,-70.70080755539685,64.77589243253992,0,0,56,113.8268156424581,118.38107932799443,-4.554263685536331,-3.2914714876814175,-4.16633662543954,108.39160839160839,111.25887546856715,2.8672670769587505,3.484448221223234,2.588756433252218,5.4352072508497145,-1.686996608577581,0.19297673354181644,-1.5775801921873223,True,Behind 11+,-9.199509008712559,7.417734036719982,6.251761429315763
2023,CHI,1141,952,1349,1040,1345.641631705891,1055.1493986359912,3.358368294108847,15.149398635991199,14.032940141176038,23.33157605150365,0,0,41,118.2296231375986,117.93528761664251,0.29433552095607773,1.2298808186832637,0.25043760582467167,109.24369747899159,110.83502086512513,1.5913233861335294,2.450795803729375,1.3150519649297916,8.985925658607002,1.8856589070896073,3.680676622412639,1.5654895707544632,True,Behind 11+,-6.634667036346583,12.447195722320105,0.28885158968365365
2023,CLE,865,714,1098,756,1020.7832056659599,799.0599479265293,77.2167943340401,43.05994792652925,82.54697122000653,49.18276484595931,0,0,35,126.9364161849711,118.0096191521341,8.926797032837007,9.543002453179945,7.250403223853531,105.88235294117646,111.91315797290326,6.030805031726786,6.888342415400463,4.711154040101668,21.05406324379463,14.957602064563792,16.431344868580407,11.9615572639552,True,Behind 11+,6.325065916009997,26.916265369032377,7.627988778987335
2023,DAL,1254,1069,1560,1208,1475.6104559580215,1195.6659248121014,84.38954404197861,-12.334075187898684,88.26410998008156,-14.387072435609998,0,0,38,124.40191387559808,117.67228516411653,6.729628711481547,7.0386052615695025,5.803957636999904,113.00280636108512,111.84901074014044,-1.1537956209446851,-1.3458440070729651,-0.9719523394719215,11.399107514512963,5.575833090536863,5.692761254496538,4.832005297527982,True,Behind 11+,-1.9457662188196803,15.153187822479001,5.31397305772626
2023,DEN,908,771,1033,836,1068.5153434394435,852.9370988614303,-35.515343439443434,16.9370988614303,-33.53050631494453,18.600118324412104,0,0,36,113.76651982378854,117.67790125985061,-3.9113814360620522,-3.6927870390908075,-3.2053559060869525,108.43060959792477,110.62737987826593,2.196770280341154,2.4124667087434637,1.7442944244521421,5.3359102258637705,-1.714611155720898,-1.2803203303473438,-1.4610614816348104,True,Behind 11+,-11.487428817163515,10.891138273585378,-6.127473304140801
2023,DET,2080,1840,2333,2052,2465.6774977037794,2042.636155752404,-132.67749770377924,-9.363844247596006,-113.11439630172632,2.021561201204822,0,0,57,112.16346153846153,118.54218738960478,-6.3787258511432325,-5.438192129890688,-5.819188495779791,111.52173913043478,111.01283455176109,-0.508904578673696,0.10986745658721857,-0.45901197292137286,0.6417224080267516,-6.887630429816928,-5.32832467330347,-6.278200468701164,True,Behind 11+,-13.92019183915802,0.36741505869679425,3.2944020334801127
2023,GSW,1075,894,1270,978,1264.8314673425446,993.7429509600418,5.168532657455538,15.74295096004172,14.118450681165648,17.92039907035763,0,0,40,118.13953488372093,117.65874114814368,0.48079373557725935,1.313344249410758,0.40537511038866963,109.39597315436242,111.15692963758856,1.760956483226143,2.0045189116731126,1.4390265959818755,8.743561729358504,2.2417502188034026,3.3178631610838707,1.8444017063705451,True,Behind 11+,-9.73036011275631,16.709347170206758,0.1140288385258974
2023,HOU,2013,1755,2365,2049,2383.8745007513744,1941.8758682547855,-18.87450075137417,-107.1241317452145,-9.76037621084089,-93.8375677457069,0,0,52,117.48633879781421,118.4239692375248,-0.9376304397105897,-0.48486717391161904,-0.8528920357602428,116.75213675213675,110.64819762135531,-6.103939130781453,-5.346869957020337,-5.479495229934245,0.7342020456774634,-7.041569570492042,-5.8317371309319554,-6.3323872656944875,True,Behind 11+,-13.517853749719466,1.0724200406600555,2.5767930133379284
2023,IND,1743,1553,2092,1745,2051.970135195803,1727.9032587078289,40.02986480419717,-17.09674129217112,45.055679252792736,-18.077211492066812,0,0,50,120.02294893861159,117.72634166355726,2.2966072750543414,2.5849500431894854,2.060209202480554,112.36316806181584,111.26228323939658,-1.1008848224192609,-1.164018769611514,-0.9752847285893395,7.65978087679575,1.1957224526350805,1.4209312735779713,1.0849244738912147,True,Behind 11+,-4.681245823967756,8.180425542459632,4.946654601504569
2023,LAC,1162,1059,1331,1201,1372.5380593520551,1166.7592778108562,-41.53805935205516,-34.2407221891438,-34.540947846086866,-22.71867256225183,0,0,40,114.54388984509467,118.1185937480254,-3.574703902930737,-2.9725428438973207,-3.0497840933961204,113.40887629839472,110.17556919838114,-3.233307100013579,-2.145294859513865,-2.7196761071599527,1.1350135466999518,-6.8080110029443155,-5.117837703411185,-5.769460200556074,True,Behind 11+,-13.487468059994383,1.4632801756649159,-7.102744518258062
2023,LAL,1237,1068,1504,1157,1460.4245543846537,1193.4692527946327,43.57544561534642,36.46925279463258,42.315357856233085,43.66995217622694,0,0,41,121.58447857720292,118.06180714508115,3.52267143212178,3.4208050005038872,3.0323900915341975,108.33333333333333,111.74805737777459,3.414724044441253,4.088946832980051,2.8761240374315915,13.251145243869587,6.937395476563033,7.509751833483938,5.908514128965789,True,Behind 11+,0.11895581230277404,14.55147527477782,6.620422037958486
2023,MEM,904,801,1026,884,1066.0430594233142,886.6217601036875,-40.043059423314254,2.6217601036875138,-42.02326697483821,6.548502333282941,0,0,30,113.49557522123894,117.92511719284448,-4.429541971605559,-4.648591479517501,-3.627088715879914,110.36204744069913,110.68935831506711,0.32731087436797923,0.8175408655783946,0.26191409627247886,3.133527780539808,-4.1022310972375795,-3.8310506139391065,-3.3651746196074352,True,Behind 11+,-13.482160605844472,6.991731194338961,-9.29731583112766
2023,MIA,829,689,958,726,980.4924014470091,764.4400910378554,-22.49240144700916,38.4400910378554,-14.220196480765113,42.80472566295613,0,0,41,115.56091676718938,118.27411356417481,-2.7131967969854234,-1.7153433631803512,-2.1858504807589076,105.37010159651669,110.94921495469598,5.579113358179304,6.212587178948641,4.32396974554054,10.190815170672693,2.865916561193881,4.4972438157682895,2.1381192647816327,True,Behind 11+,-8.323167478525466,18.95190981557231,3.300647678774311
2023,MIL,951,837,1066,980,1125.6887509594758,929.8650986009498,-59.68875095947567,-50.13490139905024,-51.48902851547326,-48.912144113776115,0,0,30,112.09253417455311,118.36895383380397,-6.27641965925086,-5.414198582068692,-5.185816764507009,117.08482676224612,111.09499385913378,-5.989832903112335,-5.843744816460706,-4.834609585250746,-4.992292587693015,-12.266252562363196,-11.257943398529399,-10.020426349757756,True,Behind 11+,-22.587683702044114,2.403270346890975,-16.882051894857216
2023,MIN,1054,916,1265,1006,1244.9039847450088,1014.834532555903,20.096015254991237,8.834532555903007,18.314934498300378,9.528125949182373,0,0,34,120.01897533206831,118.11233251850179,1.906642813566531,1.737659819573091,1.6025530506372596,109.82532751091703,110.7897961305571,0.9644686196400661,1.0401884223998223,0.791624780994893,10.193647821151274,2.8711114332065972,2.7778482419729134,2.3941778316321525,True,Behind 11+,-6.563440393734636,16.29697768935851,2.396947384459381
2023,NOP,1331,1162,1609,1310,1569.1585592408642,1290.2390890237157,39.84144075913586,-19.760910976284276,51.93624611192028,-7.7930713583367295,0,0,40,120.88655146506386,117.89320505190564,2.9933464131582164,3.902047040715273,2.6023148764948307,112.73666092943202,111.03606618104266,-1.7005947483893524,-0.6706601857432641,-1.4508745210194036,8.14989053563184,1.292751664768864,3.231386854972009,1.1514403554754271,True,Behind 11+,-5.636333457272986,10.575791805609546,-1.2201672510778816
2023,NYK,849,691,1046,726,997.3518345025404,773.6959301429071,48.64816549745952,47.695930142907045,48.47196434363864,50.63453891972454,0,0,35,123.2037691401649,117.47371431125329,5.730054828911604,5.709300864975105,4.637575357241136,105.06512301013025,111.96757310317034,6.902450093040094,7.32771909113235,5.353078579450847,18.138646130034644,12.632504921951698,13.037019956107454,9.990653936691984,True,Behind 11+,2.0011984663209716,23.897874114459835,8.824328015681763
2023,OKC,1235,989,1505,1029,1454.5679564208501,1106.1612039455015,50.43204357914988,77.16120394550146,54.326280069415375,81.47474427274844,0,0,47,121.86234817813765,117.77878189642512,4.083566281712541,4.39888907444659,3.5144281239825697,104.04448938321536,111.84643113705778,7.801941753842412,8.238093455282957,6.489588220815934,17.817858794922287,11.885508035554952,12.636982529729547,10.004016344798504,True,Behind 11+,2.4392507029386286,24.304954075639632,11.217100648817446
2023,ORL,1523,1310,1810,1464,1800.0756237328774,1453.8557887204647,9.92437626712271,-10.144211279535373,16.32400627069535,-7.629455589533534,0,0,44,118.84438608010505,118.19275270734586,0.6516333727592062,1.0718323224356763,0.5759939795196002,111.7557251908397,110.98135791759272,-0.7743672732469751,-0.5824011900407278,-0.6718020714924088,7.0886608892653555,-0.12273390048776889,0.4894311323949485,-0.0958080919728086,True,Behind 11+,-5.96104406694976,7.014425475982435,3.2834205900539124
2023,PHI,848,671,1083,725,994.7171765557151,751.3869453077124,88.28282344428486,26.386945307712352,96.80081168177695,30.40451808072563,0,0,36,127.7122641509434,117.30155383911735,10.410710311826044,11.41519005681332,8.423933534760005,108.04769001490313,111.98017068669336,3.9324806717902168,4.531224751225876,3.0295000353286285,19.664574136040272,14.34319098361626,15.946414808039195,11.453433570088634,True,Behind 11+,2.1670782560099124,29.49442261691213,8.846060379013558
2023,PHX,1178,1045,1368,1196,1391.9146857050637,1159.6199307275915,-23.914685705063576,-36.380069272408576,-18.687592333648997,-26.487790058183606,0,0,32,116.12903225806451,118.15914140110898,-2.030109143044446,-1.5863830503946517,-1.7354634038507675,114.44976076555024,110.96841442369298,-3.48134634185728,-2.534716751979292,-2.9220939174625364,1.6792714925142747,-5.511455484901726,-4.121099802373944,-4.657557321313304,True,Behind 11+,-13.847300116791214,5.546929499249905,-7.755140862555566
2023,POR,1576,1389,1795,1603,1858.9852298954809,1532.3652883574944,-63.98522989548091,-70.63471164250574,-49.21679034217711,-55.814862746015805,0,0,50,113.89593908629442,117.95591560250513,-4.059976516210718,-3.1228927882092075,-3.602771953574376,115.40676745860331,110.32147504373609,-5.085292414867223,-4.018348649821152,-4.445230436910367,-1.510828372308893,-9.145268931077942,-7.1412414380303595,-8.048002390484744,True,Behind 11+,-17.904456215502478,-0.13846075725319826,-4.5064609356269765
2023,SAC,972,816,1181,879,1145.755193363698,907.901611058998,35.24480663630201,28.901611058998025,40.93967084417424,39.35691962075939,0,0,39,121.50205761316873,117.87604869996893,3.6260089131997955,4.211900292610518,3.007236061117919,107.72058823529412,111.26245233566151,3.541864100367405,4.823151914308749,2.844646757775396,13.781469377874615,7.167873013567201,9.035052206919268,5.851882818893316,True,Behind 11+,-1.2111064767270623,18.035462816008646,4.698237254400913
2023,SAS,2262,1967,2533,2311,2686.843113448562,2156.6360175818513,-153.8431134485616,-154.36398241814868,-141.36804028819307,-150.260631407873,0,0,58,111.98054818744474,118.78174683680643,-6.801198649361698,-6.249692320432939,-6.2487048516881245,117.48856126080325,109.64087532190398,-7.847685938899272,-7.639076329835944,-7.123395589208522,-5.508013073358512,-14.64888458826097,-13.888768650268883,-13.372100440896647,True,Behind 11+,-22.53322022308727,-5.396534293562259,-2.370838054713687
2023,TOR,1074,923,1288,989,1271.9374559493517,1030.9888786326392,16.062544050648217,41.98887863263921,29.4069433262915,50.59095284277903,0,0,36,119.92551210428306,118.42993072154113,1.4955813827419195,2.738076659803678,1.2607962363146166,107.15059588299025,111.69977016604976,4.549174283059503,5.481143319911054,3.7389918639928057,12.774916221292813,6.044755665801422,8.219219979714733,4.9997881003074225,True,Behind 11+,-1.8115713121337482,17.0107261043952,4.274174520517149
2023,UTA,1263,1039,1528,1111,1482.7402477279445,1160.529080053464,45.25975227205557,49.52908005346391,51.645145787782546,54.39284500270598,0,0,43,120.98178939034045,117.39827772984518,3.583511660495295,4.089085177179933,3.0936262660325067,106.92974013474495,111.69673532757112,4.76699519282617,5.235115014697399,3.9975044433788463,14.052049255595506,8.350506853321464,9.324200191877331,7.0911307094113525,True,Behind 11+,-0.41977017782781234,19.497407955923364,10.12755375470074
2023,WAS,1331,1149,1552,1245,1576.7856260523383,1280.7124799651529,-24.78562605233824,35.71247996515296,-8.878399169744371,44.468219947172365,0,0,42,116.60405709992487,118.46623787019823,-1.8621807702733462,-0.6670472704541226,-1.6189174430005382,108.35509138381201,111.46322715101418,3.108135767202172,3.8701670972299707,2.6473298713975506,8.248965716112863,1.2459549969288257,3.203119826775848,1.0284124283970124,True,Behind 11+,-6.3294924160880965,9.360637004632109,2.390445190289519
2024,ATL,1317,1127,1596,1328,1539.1158430400594,1286.6609862147775,56.88415695994058,-41.33901378522243,61.43338068461484,-19.707926447951692,0,0,47,121.18451025056947,116.86528800607893,4.319222244490553,4.664645458209176,3.7497796282096627,117.83496007098492,114.16690205987378,-3.668058011111129,-1.748706872045403,-3.115223344779384,3.349550179584554,0.6511642333794239,2.9159385861637723,0.6345562834302787,True,Behind 11+,-7.457141692714176,12.61944810073403,3.410135286901805
2024,BKN,1619,1404,1833,1533,1891.3792715443337,1599.9871691589233,-58.37927154433379,66.9871691589233,-42.52640502774774,93.25158126713393,0,0,47,113.21803582458307,116.82392041657404,-3.605884591990969,-2.6267081548948576,-3.2094156978743147,109.1880341880342,113.95920008254438,4.771165894510206,6.641850517602132,4.176257428860555,4.030001636548874,1.1652813025192374,4.015142362707274,0.96684173098624,True,Behind 11+,-6.269647890095877,9.677659397554859,4.054438285078531
2024,BOS,432,382,504,426,505.49431956567673,435.59218935702506,-1.494319565676748,9.592189357025056,0.8368539749870618,18.24159347082729,0,0,15,116.66666666666667,117.01257397353628,-0.3459073068696176,0.1937161979136717,-0.23644296925265001,111.51832460732984,114.0293689416296,2.511044334299753,4.775286248907667,1.6481425012070543,5.1483420593368265,2.165137027430135,4.969002446821339,1.4116995319544043,False,Behind 11+,-11.528126814975176,25.926707822438107,-10.701485793347235
2024,CHA,2500,2216,2853,2638,2928.0559206154053,2507.168381473714,-75.0559206154055,-130.83161852628618,-68.23225343266692,-103.45994141199898,0,0,67,114.12,117.12223682461621,-3.0022368246162197,-2.729290137306677,-2.779848911681685,119.04332129963899,113.1393673950232,-5.903953904615802,-4.668769919314034,-5.415215998604561,-4.923321299638985,-8.906190729232023,-7.398060056620711,-8.195064910286245,True,Behind 11+,-15.67957773514451,-1.9522533720370052,2.5695741745311658
2024,CHI,1520,1273,1816,1382,1774.5039655827227,1451.6268727593279,41.496034417277286,69.62687275932777,56.702982761268714,86.0723155410762,0,0,50,119.47368421052632,116.74368194623176,2.7300022642945585,3.730459392188731,2.412560140539377,108.56245090337785,114.03196172500611,5.469510821628262,6.76137592624322,4.7268752721879,10.911233307148464,8.19951308592282,10.491835318431951,7.139435412727277,True,Behind 11+,0.91849141725238,16.479375684953727,10.00028003254799
2024,CLE,903,758,1054,822,1058.3926804244934,862.7705701519857,-4.392680424493505,40.77057015198567,5.87586632985573,50.542177566066094,0,0,34,116.72203765227022,117.2084917413614,-0.48645408909119653,0.650705019917578,-0.39824845190330954,108.44327176781003,113.82197495408784,5.378703186277793,6.667833451987612,4.255800642169694,8.278765884460185,4.892249097186596,7.31853847190519,3.8575521902663845,True,Behind 11+,-7.022794414275208,20.477225097114587,2.2410366206422796
2024,DAL,1293,1124,1481,1303,1514.1842290738496,1278.1247303833804,-33.18422907384954,-24.875269616619512,-14.990559469731046,-12.31666053286682,0,0,42,114.53982985305491,117.10628221762178,-2.566452364566863,-1.1593626813403748,-2.222654325107136,115.92526690391459,113.7121646248559,-2.2131022790586754,-1.095788303635838,-1.8787967988383316,-1.3854370508596787,-4.779554643625538,-2.255150984976213,-4.101451123945467,True,Behind 11+,-15.357828855893578,6.600888025500989,-7.292186650648123
2024,DEN,877,798,999,886,1027.920310942894,912.9088873104744,-28.92031094289413,26.908887310474338,-18.09719101942381,35.83224529388112,0,0,29,113.91106043329532,117.20870136178951,-3.2976409284941997,-2.0635337536401153,-2.68526564000874,111.02756892230576,114.39960993865594,3.3720410163501677,4.490256302491369,2.696281293634703,2.8834915109895576,0.07440008785596808,2.426722548851254,0.011015653625963129,True,Behind 11+,-10.976347192500645,11.857585851982613,-5.582497660164014
2024,DET,2245,2036,2556,2345,2627.1115116122646,2309.199331367124,-71.11151161226441,-35.80066863287566,-57.11663355236482,-21.659563100259394,0,0,60,113.85300668151447,117.02055731012314,-3.1675506286086597,-2.544170759570816,-2.908446282710201,115.17681728880157,113.41843474298253,-1.7583825458190405,-1.0638292288928974,-1.6011032483396987,-1.3238106072871005,-4.9259331744277,-3.607999988463713,-4.5095495310499,True,Behind 11+,-10.780431208442103,1.1916291357998157,4.8306257919521824
2024,GSW,793,641,994,725,927.8560847636932,732.0608255083106,66.14391523630682,7.0608255083105425,76.09876813165423,17.603567412100805,0,0,34,125.3467843631778,117.00581144561075,8.340972917567065,9.596313761873168,6.661018654210153,113.10452418096723,114.20605702157731,1.101532840610069,2.7462663669424034,0.8395749712616579,12.242260182210572,9.442505758177134,12.342580128815571,7.500593625471811,True,Behind 11+,-4.578163324998738,30.60448746216846,6.581761371603447
2024,HOU,1353,1142,1641,1235,1583.1037647204437,1307.6256110721552,57.89623527955627,72.62561107215522,75.61663001417912,88.4155593493667,0,0,41,121.2860310421286,117.00693013454868,4.279100907579917,5.588812270079758,3.728025452643675,108.14360770577933,114.50311830754423,6.359510601764906,7.742168069121428,5.4117444912187205,13.142423336349268,10.638611509344823,13.330980339201187,9.139769943862396,True,Behind 11+,2.418039416620021,21.054331432411594,9.819491899003902
2024,IND,1092,935,1337,1105,1274.2150898458199,1062.6558811832024,62.78491015418019,-42.344118816797625,73.47347199770394,-31.540550975410586,0,0,37,122.43589743589743,116.6863635389945,5.749533896902948,6.728339926529665,4.859513169828188,118.18181818181819,113.65303542066336,-4.528782761154827,-3.373320959936961,-3.7307593671187336,4.254079254079244,1.220751135748121,3.3550189665927035,1.1287538027094541,True,Behind 11+,-7.613817621548158,13.558122400772943,-1.8277580360689134
2024,LAC,975,816,1218,931,1141.4102205812942,924.207425698725,76.58977941870575,-6.792574301274984,89.02055553560878,8.306026593079093,0,0,40,124.92307692307692,117.0677149314148,7.855361991662128,9.130313388267567,6.518279099464319,114.09313725490196,113.26071393366728,-0.8324233212346794,1.0178954158185163,-0.6685604627239158,10.829939668174958,7.022938670427449,10.148208804086083,5.849718636740404,True,Behind 11+,-4.107205580210651,19.299750782611216,3.3982668375044045
2024,LAL,1421,1216,1716,1348,1665.8617871477268,1388.189683688018,50.13821285227322,40.189683688017986,61.87987109648597,56.65574067680901,0,0,42,120.76002814919072,117.23165286050154,3.528375288689178,4.354670731631666,3.093042125371574,110.85526315789474,114.16033582960675,3.3050726717120056,4.659189200395478,2.8382544977413833,9.904764991295977,6.833447960401184,9.013859932027144,5.931296623112957,True,Behind 11+,-1.1437778160508711,15.548620787509183,5.898844305020614
2024,MEM,2047,1834,2292,2101,2397.5084980291904,2088.87294373885,-105.50849802919033,-12.12705626115006,-89.58940082267497,3.320989649326128,0,0,54,111.96873473375672,117.12303361158722,-5.154298877830501,-4.3766194832767455,-4.695527282117951,114.55834242093785,113.89710707409216,-0.6612353468456957,0.18107904303850206,-0.5962171219837787,-2.589607687181129,-5.815534224676196,-4.1955404402382435,-5.291744404101729,True,Behind 11+,-11.889356276102404,1.8316531868035195,1.9626748402213456
2024,MIA,932,795,1088,863,1086.8152119847603,905.1230401673943,1.1847880152397876,42.123040167394265,4.291959437689519,53.22855317245163,0,0,34,116.7381974248927,116.61107424729187,0.12712317760083558,0.46051066927999124,0.10466325222966322,108.55345911949685,113.85195473803701,5.2984956185401595,6.695415493390142,4.233471373607464,8.184738305395854,5.425618796140995,7.155926162670133,4.338134625837127,True,Behind 11+,-2.9145828242469634,16.316838686318352,3.2787721547509765
2024,MIL,1169,1036,1338,1164,1367.95141887362,1185.2230613717481,-29.951418873619904,21.223061371748166,-26.217304213019965,33.599491539965264,0,0,31,114.4568006843456,117.01894087883832,-2.562140194492721,-2.2427120798135127,-2.1878319118787366,112.35521235521236,114.40377040267839,2.0485580474660394,3.2431941640893114,1.7170761627627966,2.101588329133236,-0.5135821470266815,1.0004820842757987,-0.47075574911594,True,Behind 11+,-8.415895305271558,9.712145437548976,-3.5617724338452015
2024,MIN,674,570,848,646,788.0912972292483,644.5461915645103,59.90870277075167,-1.4538084354897094,63.77003603164503,9.6672003655216,0,0,29,125.8160237388724,116.92749217051161,8.888531568360781,9.461429678285613,6.854542651115752,113.33333333333333,113.07827922184391,-0.2550541114894227,1.6960000641265964,-0.1888062903233389,12.482690405539074,8.633477456871358,11.15742974241221,6.665736360792413,True,Behind 11+,0.35660027481522455,21.390489516091463,1.2783584700677233
2024,NOP,986,889,1117,1009,1153.2786005739254,1008.6938493773852,-36.278600573925374,-0.3061506226148669,-27.45794243347738,20.11246132435075,0,0,32,113.28600405679514,116.96537531175714,-3.6793712549620055,-2.78478117986586,-3.058903926975158,113.49831271091114,113.46387507057202,-0.03443764033913014,2.262369102851603,-0.028113004831484566,-0.21230865411600064,-3.7138088953011357,-0.5224120770142573,-3.0870169318066423,True,Behind 11+,-11.626922391597525,5.7226048947000105,-9.52260234416799
2024,NYK,1080,913,1320,1014,1266.4023471524322,1040.3648850639947,53.59765284756774,26.364885063994738,62.061463812887126,43.89609137986906,0,0,34,122.22222222222223,117.25947658818816,4.962745634034049,5.746431834526585,4.187316628716229,111.06243154435926,113.95015170470917,2.8877201603499167,4.807896098561781,2.368812674213364,11.159790677862972,7.850465794383966,10.554327933088366,6.556129302929593,True,Behind 11+,-0.39333097571485504,16.910090650699544,2.897318780475806
2024,OKC,834,690,1017,783,975.6552934017483,788.9286223100447,41.344706598251726,5.928622310044668,38.387206478665874,15.57880847923115,0,0,34,121.94244604316546,116.98504717047342,4.957398872692053,4.602782551398786,3.9985209476065497,113.47826086956522,114.33748149420938,0.8592206246441548,2.257798330323355,0.6661373382072661,8.464185173600242,5.816619497336208,6.860580881722141,4.6646582858138155,True,Behind 11+,-6.261743580559253,22.593710130381172,-2.287477252107
2024,ORL,1217,1043,1426,1165,1422.8775485162785,1182.3965522026847,3.122451483721626,17.396552202684614,20.3090361681977,28.03372946065116,0,0,43,117.1733771569433,116.91680760199493,0.256569554948367,1.6687786498108217,0.22035649144118744,111.69702780441035,113.36496186027658,1.6679340558662141,2.6877976472340515,1.3995617218571692,5.476349352532949,1.9245036108145812,4.356576297044873,1.6199182132983567,True,Behind 11+,-5.72310634954804,11.155006316230015,-0.32081045180351664
2024,PHI,1051,926,1245,1030,1230.462888883088,1056.7255974876632,14.537111116911925,26.725597487663205,20.90884482624097,44.3720340342507,0,0,33,118.45861084681256,117.07544137802931,1.3831694687832468,1.989423865484393,1.1620392579465966,111.23110151187905,114.11723514985563,2.886133637976588,4.791796331992516,2.373498888780036,7.227509334933515,4.269303106759835,6.781220197476909,3.5355381467266325,True,Behind 11+,-4.9686723916592435,13.985616494242407,0.6129184152971252
2024,PHX,993,825,1236,890,1157.7096016263963,943.5857686801755,78.29039837360367,53.585768680175484,82.4611001246539,66.93370972821397,0,0,36,124.47129909365559,116.58706965019097,7.884229443464619,8.304239690297472,6.562481003654959,107.87878787878788,114.37403256729401,6.49524468850612,8.11317693675321,5.227879871236633,16.592511214867713,14.379474131970738,16.41741662705068,11.790360874891592,True,Behind 11+,6.083390143035412,23.0680682347451,10.645083415018075
2024,POR,2503,2159,2797,2378,2929.9604805082013,2456.533488481514,-132.96048050820107,78.5334884815137,-108.50190420172167,102.59871647015761,0,0,64,111.74590491410308,117.0579496807112,-5.312044766608113,-4.334874318886203,-4.918996689167631,110.14358499305234,113.78107866982464,3.6374936767722885,4.75214064243435,3.3291008258378003,1.6023199210507357,-1.6745510898358247,0.4172663235481471,-1.589895863329831,True,Behind 11+,-10.13194269936251,8.344419861074643,8.624599482648403
2024,SAC,1299,1133,1527,1290,1519.264316611154,1290.3954738694858,7.735683388845841,0.39547386948577645,24.506608471981913,17.230126581261825,0,0,35,117.55196304849885,116.95645239500801,0.5955106534908268,1.8865749401063827,0.5160562634320107,113.85701676963812,113.89192178901023,0.034905019372089716,1.5207525667486166,0.029667957200733418,3.6949462788607264,0.6304156728629164,3.4073275068549993,0.5457242206327442,True,Behind 11+,-9.06551170737243,12.261306229016373,-0.8959761763944178
2024,SAS,2172,1957,2495,2283,2546.4296126713466,2229.8879770746366,-51.42961267134658,-53.11202292536318,-30.510066496480906,-13.25265017574657,0,0,57,114.87108655616943,117.23893244343216,-2.367845887262734,-1.4046991941289553,-2.168196149719502,116.65815022994379,113.94419913513728,-2.713951094806499,-0.6771921397928754,-2.462309825005247,-1.7870636737743553,-5.081796982069233,-2.081891333921831,-4.630505974724749,True,Behind 11+,-11.926066799826245,2.340182376631339,1.73335845207074
2024,TOR,2144,1929,2480,2292,2511.714253814529,2189.890404513009,-31.714253814529123,-102.10959548699122,-14.037575184833662,-93.7425728504229,0,1,55,115.67164179104478,117.15085139060302,-1.4792095995582615,-0.6547376485463461,-1.3529971763877613,118.81804043545878,113.5246451276832,-5.293395307775595,-4.859646078300825,-4.796129426349987,-3.146398644414006,-6.772604907333856,-5.514383726847171,-6.1491266027377485,True,Behind 11+,-13.733557656471868,0.8414706314395664,0.7623985845805157
2024,UTA,2181,1939,2548,2260,2550.066530365273,2201.892793515146,-2.066530365272911,-58.1072064848541,19.049801357964316,-31.832122070739096,0,0,54,116.82714351215039,116.92189501904049,-0.0947515068900922,0.8734434368621878,-0.08679253949067244,116.55492521918515,113.5581636676197,-2.9967615515654513,-1.6416772599659153,-2.7165594429571813,0.2722182929652348,-3.0915130584555435,-0.7682338231037275,-2.803351982447854,True,Behind 11+,-9.141443617933033,4.5313293357270865,1.5993421135541626
2024,WAS,2393,2168,2764,2566,2792.435936988655,2455.1957269858003,-28.43593698865519,-110.80427301419957,-11.187828935123855,-77.20460626030122,0,0,58,115.50355202674467,116.69184859960949,-1.188296572864822,-0.46752314814558527,-1.096642382902244,118.35793357933579,113.24703537757382,-5.110898201761973,-3.561098074737141,-4.679234502288833,-2.8543815525911214,-6.299194774626795,-4.028621222882726,-5.775876885191077,True,Behind 11+,-12.31999707172535,-0.2839884536399012,3.9189042198093684
2025,ATL,1482,1294,1730,1436,1725.7040516063703,1479.4404610420695,4.295948393629775,43.440461042069586,23.075149386941735,67.5204075505056,0,0,46,116.73414304993253,116.44426798963362,0.2898750602989052,1.5570276239501846,0.2554071577663362,110.97372488408037,114.33079297079361,3.35706808671326,5.217960398029799,2.9076613816646306,5.760418165852158,3.6469431470121654,6.774988021979984,3.163068539430967,True,Behind 11+,-4.293388827956252,13.008783482035186,4.632835380954252
2025,BKN,1730,1564,1898,1796,2018.5819882377555,1775.3681585840175,-120.58198823775555,-20.631841415982525,-110.61090828740154,-15.00452609404471,0,0,47,109.71098265895954,116.68103978252921,-6.970057123569686,-6.393694120659049,-6.247771411282671,114.83375959079284,113.51458814475815,-1.3191714460346884,-0.9593686760898152,-1.169605522447989,-5.1227769318333,-8.289228569604374,-7.353062796748864,-7.41737693373066,True,Behind 11+,-16.295492088721193,0.06515097015357943,-0.5871918426001503
2025,BOS,515,424,652,486,599.3152163994722,483.85566294498796,52.684783600527844,-2.144337055012049,53.94291777472717,-4.440516500205433,0,0,26,126.60194174757281,116.37188667950916,10.23005506806366,10.474352965966442,7.368501202871027,114.62264150943396,114.11690163796885,-0.5057398714651059,-1.0472916274069417,-0.3436437588160335,11.979300238138848,9.724315196598553,9.4270613385595,7.024857444054994,True,Behind 11+,-0.9782440634233635,24.844383609789745,-0.3477639885541812
2025,CHA,2495,2214,2818,2504,2909.6890771119156,2532.7961567901434,-91.68907711191538,28.7961567901434,-70.3691826197634,44.020392330446874,0,0,61,112.94589178356713,116.62080469386436,-3.6749129102972096,-2.820408121032601,-3.4021921006276576,113.09846431797651,114.3991037393922,1.300639421415691,1.9882742696678806,1.1928813914723861,-0.1525725344093729,-2.3742734888815185,-0.8321338513647203,-2.2093107091552717,True,Behind 11+,-9.040661384867425,4.5886671597473585,7.882546411476376
2025,CHI,1666,1432,1999,1648,1936.4912779805052,1629.449611506339,62.50872201949484,-18.55038849366105,81.77389518987215,-0.9430141636312745,0,0,55,119.98799519807923,116.23597106725722,3.7520241308220195,4.908397070220417,3.349877921730699,115.08379888268156,113.78838069178344,-1.2954181908981182,-0.06585294438765885,-1.1366659616213879,4.9041963153976695,2.456605939923901,4.842544125832758,2.2132119601093114,True,Behind 11+,-5.389554649056991,12.412006414680048,3.8938348581451185
2025,CLE,587,476,768,537,681.4132710394945,545.7001619407725,86.58672896050558,8.700161940772585,95.91360446580053,19.22550510742982,0,0,28,130.83475298126064,116.08403254505868,14.750720436201973,16.339625973730925,11.002125662071867,112.81512605042016,114.64289116402784,1.8277651136076858,4.038971661224752,1.2870062042562995,18.019626930840474,16.57848554980966,20.37859763495568,12.289131866328166,True,Behind 11+,5.904692247297629,32.814580371519,6.362114248059928
2025,DAL,1385,1230,1596,1424,1614.465859925875,1402.6658601341921,-18.46585992587515,-21.334139865807934,1.3295985251330595,8.095098248790132,0,0,42,115.2346570397112,116.56793212461191,-1.333275084900733,0.09599989351141223,-1.1650384811277699,115.77235772357723,114.03787480765789,-1.7344829159193442,0.6581380690073279,-1.4918978927138415,-0.537700683866035,-3.0677580008200773,0.7541379625187401,-2.6569363738416114,True,Behind 11+,-10.84701002115054,7.152739695314904,-2.012006123369348
2025,DEN,1012,852,1217,944,1176.6116568327411,973.1647356039025,40.38834316725891,29.164735603902493,51.033150899625646,47.51944844755676,0,0,42,120.25691699604744,116.26597399533016,3.9909430007172833,5.042801472295024,3.3323715484537053,110.7981220657277,114.22121309904959,3.4230910333218887,5.577400052530137,2.7723132703329365,9.45879493031974,7.414034034039172,10.62020152482516,6.104684818786642,True,Behind 11+,-0.8230012568003285,18.951553612520414,2.5961313729350035
2025,DET,1171,1012,1386,1106,1364.7293314098852,1158.7715729027593,21.27066859011486,52.771572902759274,30.279661338587804,75.95597393563904,0,0,38,118.3603757472246,116.5439224090423,1.816453338182311,2.585795161279915,1.551471086076941,109.28853754940711,114.50311985205133,5.214582302644197,7.505531021308205,4.354090173494989,9.071838197817485,7.031035640826508,10.09132618258812,5.905561259571931,True,Behind 11+,-0.7891011969908455,17.432720940924316,5.246905686463773
2025,GSW,1117,956,1329,1064,1301.084221966709,1093.0315074892683,27.915778033290984,29.03150748926824,33.50436407785523,51.73987384231017,0,0,39,118.97940913160251,116.48023473291934,2.499174398683168,2.999495441168776,2.1196490534009857,111.2970711297071,114.33383969553016,3.0367685658230372,5.4121206948023195,2.5113760803865257,7.682338001895403,5.535942964506205,8.411616135971096,4.631025133787512,True,Behind 11+,-6.193450784408804,22.09488936275528,2.1623218689325947
2025,HOU,841,718,1018,793,977.4209689927652,823.3756863130171,40.579031007234754,30.3756863130171,48.88266531218835,40.596556252377255,0,0,34,121.04637336504162,116.22128049854521,4.825092866496403,5.812445340331552,3.898081749013905,110.44568245125348,114.67627943078232,4.230596979528844,5.654116469690425,3.308898291178333,10.600690913788142,9.055689846025247,11.466561810021977,7.206980040192239,True,Behind 11+,0.2545655682356422,22.370120017770432,4.080857164413996
2025,IND,1286,1101,1557,1236,1494.3049581454889,1261.009585132086,62.69504185451125,25.009585132086023,72.97966792180713,29.778205208761715,0,0,41,121.07309486780716,116.19789721193537,4.875197655871792,5.674935297185624,4.21904723112458,112.26158038147139,114.5331139992812,2.271533617809811,2.704650790986532,1.9223355212979263,8.811514486335767,7.1467312736816035,8.379586088172156,6.141382752422506,True,Behind 11+,-2.127163455276275,16.855303096927447,4.712892030047089
2025,LAC,1004,870,1157,961,1168.0872824004427,994.8638519297217,-11.08728240044282,33.86385192972173,-5.260934489597947,52.520283610106745,0,0,37,115.2390438247012,116.34335482076123,-1.104310996060042,-0.5239974591233015,-0.920870631266015,110.45977011494253,114.35216688847376,3.8923967735312335,6.036814208058247,3.1648459747403486,4.7792737097586695,2.7880857774711916,5.512816748934945,2.2439753434743337,True,Behind 11+,-8.120882889071462,19.849572031129053,-2.3351394453915453
2025,LAL,1077,935,1198,1059,1254.7739064909003,1065.9502647136994,-56.77390649090043,6.950264713699518,-50.7781434933994,17.006755265039335,0,0,31,111.23491179201486,116.50639800286912,-5.271486210854264,-4.714776554633185,-4.445881479318749,113.2620320855615,114.0053759052085,0.7433438196470072,1.8189043064213193,0.6123581245550236,-2.027120293546645,-4.528142391207257,-2.895872248211866,-3.8335233547637255,True,Behind 11+,-14.403767436187943,7.22028171335334,-6.1565200797554285
2025,MEM,1066,884,1289,963,1242.7466147110902,1012.1167090641924,46.253385288909875,49.11670906419236,66.16591384688185,71.29666840689777,0,0,38,120.91932457786116,116.58035785282273,4.33896672503845,6.206933756743138,3.6535059469913014,108.9366515837104,114.49284039187697,5.556188808166556,8.065233982680743,4.531061721788963,11.98267299415076,9.895155533205006,14.272167739423882,8.184567668780264,True,Behind 11+,0.6148347023276807,22.062808293021096,5.0949207488273816
2025,MIA,1041,885,1236,1002,1210.031846573133,1011.3883888652275,25.968153426867104,9.388388865227467,35.372431013004764,23.9790907845316,0,0,38,118.73198847262248,116.23744923853343,2.494539234089059,3.397928051201226,2.0925184066774456,113.22033898305085,114.28117388307655,1.0608349000257025,2.7095017835628927,0.8652892963343288,5.511649489571624,3.5553741341147616,6.107429834764119,2.9578077030117744,True,Behind 11+,-5.528543210559457,14.5623832493515,3.2255167535833476
2025,MIL,1078,932,1243,1010,1255.2816963454356,1061.9032200435815,-12.281696345435577,51.90322004358161,3.54697090725381,71.07232301222557,0,0,39,115.3061224489796,116.4454263771276,-1.1393039281480128,0.3290325516933033,-0.961009103711704,108.36909871244636,113.9381137385817,5.569015026135366,7.62578573092549,4.585090109857033,6.937023736533234,4.4297110979873535,7.954818282618794,3.624081006145329,True,Behind 11+,-5.409388613249159,15.652683955088937,2.0980174250630856
2025,MIN,971,826,1229,915,1127.353112877391,949.7483237226525,101.64688712260904,34.74832372265244,114.56162800955119,54.19414843179651,0,0,43,126.57054582904223,116.10227733031833,10.468268498723898,11.79831390417623,8.680349028403846,110.77481840193704,114.98163725455841,4.20681885262136,6.561034919103694,3.3867761912916605,15.795727427105192,14.675087351345258,18.359348823279923,12.067125219695507,True,Behind 11+,6.255316624454533,26.15163298498458,8.993045955656621
2025,NOP,2442,2195,2717,2582,2849.600350725469,2496.374366490936,-132.60035072546913,-85.62563350906375,-97.81925991238992,-70.77641841423132,0,0,61,111.26126126126127,116.69125105345901,-5.429989792197753,-4.005702699115067,-5.0189383317740015,117.63097949886105,113.73003947566907,-3.9009400231919704,-3.2244381965481237,-3.5751830275183196,-6.369718237599784,-9.330929815389723,-7.23014089566319,-8.594121359292322,True,Behind 11+,-15.918319804480701,-2.283031375481211,1.5515071362121695
2025,NYK,924,795,1157,952,1073.258910890979,899.7199163825861,83.74108910902108,-52.28008361741392,95.68314984956203,-33.75457973634427,0,0,32,125.21645021645021,116.15356178473799,9.062888431712237,10.355319247788099,7.450274831763441,119.74842767295597,113.17231652611146,-6.576111146844518,-4.245859086332612,-5.2542797605441125,5.468022543494243,2.4867772848677188,6.109460161455487,2.195995071219328,True,Behind 11+,-6.599861674487063,15.422452621501973,-2.3758075353951815
2025,OKC,463,374,581,398,537.8834956406677,430.2335537357686,43.11650435933238,32.23355373576863,46.932153114394126,33.50560987666657,0,0,23,125.48596112311016,116.17354117509021,9.312419948019954,10.136534149977132,6.503243493111974,106.41711229946524,115.03570955501836,8.61859725555311,8.958719218360045,5.615601696126939,19.068848823644913,17.931017203573063,19.095253368337175,12.118845189238913,True,Behind 11+,3.899680746855291,38.13693779809959,4.086409450729439
2025,ORL,1441,1297,1552,1371,1681.9331501541863,1482.8315839317158,-129.9331501541863,111.83158393171578,-116.57103945534703,136.62227079286413,0,0,42,107.7029840388619,116.71985774838211,-9.016873709520215,-8.089593300162875,-7.9179250550997144,105.70547417116423,114.32780138255326,8.622327211389035,10.533714016412038,7.470379688157367,1.9975098676976728,-0.3945464981311808,2.444120716249163,-0.4475453669423475,True,Behind 11+,-8.392042297132052,8.652130649515728,-0.4309365260884581
2025,PHI,1946,1681,2295,1918,2264.0359503970735,1912.6589710106784,30.96404960292667,-5.341028989321511,48.102978904116526,14.384065482378146,0,0,57,117.93422404933196,116.3430601437345,1.5911639055974651,2.471889974517807,1.4428727680767321,114.098750743605,113.78102147594757,-0.3177292676574367,0.8556850376191639,-0.2839462514259177,3.835473305726964,1.2734346379400283,3.327575012136971,1.1589265166508145,True,Behind 11+,-4.8727446021944125,8.63477210577506,8.542124337686356
2025,PHX,1645,1393,1944,1570,1914.7212219770515,1596.9161273676384,29.27877802294842,26.916127367638516,55.53329291454692,58.38165758406558,0,0,46,118.17629179331307,116.39642686790586,1.7798649254071988,3.375884067753612,1.5869256381001853,112.70638908829864,114.6386308232332,1.9322417349345666,4.1910737677003285,1.6896501800149726,5.469902705014434,3.7121066603417656,7.566957835453941,3.276575818115158,True,Behind 11+,-4.481179372551246,13.593644756371466,6.849287165024727
2025,POR,1714,1498,1965,1729,1992.3652742414758,1702.7082075357018,-27.365274241475802,-26.291792464298084,-16.67567176391045,-3.6142452042388986,0,0,47,114.6441073512252,116.24068111093791,-1.5965737597127074,-0.9729096711733052,-1.4297426458451308,115.42056074766356,113.66543441493336,-1.7551263327301792,-0.24127137544985972,-1.548397671631218,-0.776453396438356,-3.3517000924428864,-1.2141810466231648,-2.978140317476349,True,Behind 11+,-10.936485425438967,6.0633209448528795,-0.4573166503025772
2025,SAC,1274,1114,1494,1294,1480.5791590373424,1269.3436072578922,13.420840962657522,-24.656392742107705,29.80626760142475,-12.482649723105315,0,0,43,117.26844583987442,116.21500463401432,1.053441205860088,2.3395814443818486,0.910504814291555,116.15798922800718,113.94466851507111,-2.21332071293606,-1.1205251097940139,-1.8764378038133718,1.1104566118672352,-1.159879507075972,1.2190563345878347,-0.9659329895218167,True,Behind 11+,-7.7426228598922195,6.918787593558932,-1.80803126362088
2025,SAS,1857,1640,2220,1902,2159.681262706973,1864.3832172888847,60.3187372930268,-37.61678271111525,77.88719603571792,-23.20540205334158,0,1,51,119.54765751211632,116.29947564388654,3.2481818682297683,4.194248574890572,2.932364477055265,115.97560975609755,113.68190349322467,-2.293706262872881,-1.4149635398379012,-2.0443903647345243,3.572047756018762,0.9544756053568872,2.7792850350526703,0.8879741123207405,True,Behind 11+,-6.2672709551267,9.09897724528384,4.172220450309986
2025,TOR,1796,1612,2068,1933,2093.6329673166633,1838.4580418003593,-25.632967316663414,-94.54195819964072,-4.671162267315762,-60.35565282176685,0,0,43,115.14476614699332,116.57199149870064,-1.4272253517073172,-0.2600869859307217,-1.2842167994320348,119.91315136476427,114.04826562036968,-5.864885744394586,-3.7441471973800775,-5.217547362011078,-4.768385217770955,-7.2921110961019036,-4.004234183310799,-6.501764161443113,True,Behind 11+,-15.191757844568071,1.2095209926476507,-2.727507476653944
2025,UTA,2171,1880,2587,2286,2523.413459061834,2130.747584593375,63.586540938165754,-155.2524154066249,83.24631833547278,-118.30163096749844,0,0,62,119.16167664670658,116.23277103002461,2.9289056166819787,3.834468831666181,2.6818448307956877,121.59574468085107,113.33763747837101,-8.258107202480048,-6.292639945079705,-7.464058433010813,-2.434068034144488,-5.329201585798069,-2.4581711134135236,-4.7822136022151245,True,Behind 11+,-12.352712939120948,3.947180068108914,4.3610507911633665
2025,WAS,2909,2698,3110,3146,3402.0446554779364,3070.643155723136,-292.0446554779366,-75.356844276864,-265.6996562859906,-49.376623119754825,0,0,60,106.9095909247164,116.94893968641927,-10.039348761702874,-9.133711113303217,-9.393523817238231,116.60489251297257,113.81182934481599,-2.7930631681565603,-1.8301194632970652,-2.60030518553706,-9.695301588256171,-12.832411929859434,-10.963830576600282,-11.993829002775291,True,Behind 11+,-18.174728187572263,-7.838078749596146,1.1657412004015857
2026,ATL,1337,1187,1520,1358,1524.526311376336,1352.0769408790263,-4.5263113763360705,-5.92305912097357,15.750735200881962,11.05839829479376,0,0,42,113.6873597606582,114.02590212238864,-0.33854236173044655,1.178065460051007,-0.2944900049665628,114.40606571187868,113.90707168315302,-0.4989940287256588,0.9316258041106791,-0.4270410325143165,-0.7187059512204854,-0.8375363904561053,2.109691264161686,-0.7215310374808793,True,Behind 11+,-8.140449717875907,7.936847284694292,-3.2527882770193797
2026,BKN,2785,2549,3032,2982,3180.5847419189113,2897.153516936174,-148.58474191891113,-84.84648306382579,-111.99866778887085,-60.102127316356984,0,0,57,108.8689407540395,114.20411999708838,-5.335179243048874,-4.0214961504082885,-4.977713297115951,116.98705374656728,113.65843534469101,-3.328618401876257,-2.357870824494193,-3.0864490019580133,-8.118112992527784,-8.66379764492513,-6.3793669749024815,-8.064162299073963,True,Behind 11+,-15.575883352083148,-2.1907977558177123,1.817303884635681
2026,BOS,689,580,780,604,781.2480998786964,662.6096633542545,-1.2480998786963695,58.609663354254465,6.497859474560434,66.72209173986248,0,0,35,113.20754716981132,113.38869374146536,-0.18114657165404494,0.943085555088597,-0.14039368714244876,104.13793103448276,114.24304540590595,10.105114371423182,11.503808920665945,7.514059404391598,9.069616135328559,9.923967799769137,12.446894475754542,7.373665717249149,True,Behind 11+,-2.673659476945465,27.803346384001724,1.2650186328805333
2026,CHA,1018,857,1201,923,1158.5773027927946,972.1211181872936,42.42269720720544,49.12111818729363,58.37301144545069,63.88085721798002,0,0,39,117.97642436149313,113.80916530381087,4.167259057682263,5.734087568315392,3.4829800662730244,107.70128354725787,113.43303596117778,5.73175241391991,7.454009010266047,4.6472202636985465,10.275140814235257,9.899011471602172,13.188096578581439,8.13020032997157,True,Behind 11+,0.8604159488910541,19.474198569168692,4.848639609816702
2026,CHI,2122,1884,2445,2193,2414.6701408789504,2142.647595122943,30.32985912104942,-50.35240487705689,43.38319829987513,-44.93550670312651,0,0,59,115.2214891611687,113.79218383029927,1.4293053308694355,2.044448553245765,1.306195483249329,116.40127388535032,113.72864093009252,-2.6726329552577965,-2.38511182076043,-2.4161422685727874,-1.1797847241816157,-1.243327624388361,-0.34066326751466525,-1.1099467853234584,True,Behind 11+,-9.076915178936828,6.456188697709991,4.09818857090426
2026,CLE,912,743,1139,792,1040.0932959622257,850.9671983192841,98.90670403777418,58.96719831928409,113.37633684714083,68.44410850868015,0,0,43,124.89035087719299,114.04531753971773,10.84503333747524,12.431615882361934,8.894487773181131,106.59488559892328,114.53125145616205,7.936365857238774,9.211858480306883,6.253149344568833,18.295465278269702,18.781399194714012,21.64347436266882,15.147637117749964,True,Behind 11+,9.026905554275404,32.309055209377995,14.16267041251594
2026,DAL,2010,1709,2283,1828,2292.793020710293,1952.8832325330764,-9.79302071029296,124.88323253307642,0.32465435303803836,136.77513829788154,0,0,55,113.58208955223881,114.06930451294991,-0.48721496071109255,0.016151957862588974,-0.4431231090630299,106.9631363370392,114.27052267601383,7.30738633897463,8.003226348617995,6.541814171455025,6.61895321519961,6.820171378263537,8.019378306480583,6.098691062391995,True,Behind 11+,0.17841893178051454,14.991565775477921,12.428412967679858
2026,DEN,739,608,946,693,839.9508904425371,692.6952594750775,106.04910955746288,-0.3047405249224924,120.83701561416314,6.4268574399513145,0,0,29,128.0108254397835,113.66047231969378,14.3503531200897,16.351422951848868,11.29383488364887,113.98026315789474,113.93014136103248,-0.05012179686225203,1.0570489210446241,-0.03771541150030846,14.030562281888763,14.300231323227448,17.408471872893493,11.256119472148562,True,Behind 11+,-1.0972271260379485,30.66339906993376,8.86014202672882
2026,DET,733,625,860,646,830.9440472400257,714.9618719978722,29.055952759974268,68.96187199787225,33.473410155366075,73.36184423435398,0,0,25,117.32605729877217,113.36208011460104,3.963977184171114,4.566631671946258,3.1142500278643372,103.36,114.39389951965956,11.03389951965956,11.737895077496638,8.359014787620879,13.96605729877217,14.997876703830674,16.304526749442896,11.473264815485216,True,Behind 11+,6.821721301268946,29.835159089679912,6.174495347498146
2026,GSW,1357,1164,1590,1298,1543.5649396794681,1328.8590992539855,46.43506032053198,30.859099253985516,71.18891997264664,52.94267536386221,0,0,48,117.17022844509948,113.74833748559088,3.421890959508621,5.246051582361581,2.982341703309697,111.51202749140893,114.16315285687162,2.651125365462673,4.548339807891942,2.2623973060106684,5.658200953690553,6.073016324971293,9.794391390253523,5.244739009320366,True,Behind 11+,-1.0283388889367455,15.851016648655332,5.982821566497999
2026,HOU,594,476,710,523,675.4853814707812,538.9086114147246,34.51461852921879,15.908611414724657,39.4557175098821,22.705111509909276,0,0,32,119.52861952861953,113.71807768868372,5.810541839935823,6.6423766851653365,4.3469292857958175,109.87394957983193,113.21609483502618,3.342145255194256,4.769981409644806,2.3533448838350086,9.6546699487876,9.152687095130078,11.412358094810141,6.700274169630826,True,Behind 11+,-6.927802341919341,29.008549765063556,3.6138925837099656
2026,IND,2431,2194,2774,2527,2775.538352905881,2494.5328010236008,-1.5383529058808592,-32.46719897639946,20.199458107615666,-5.055654059673425,0,0,58,114.10941999177294,114.17270065429375,-0.06328066252080869,0.830911481185342,-0.05847027388372707,115.17775752051048,113.69793988257068,-1.4798176379398114,-0.23043090518110415,-1.3561904334335613,-1.068337528737544,-1.54309830046062,0.6004805760042378,-1.4146607073172883,True,Behind 11+,-7.493336393974173,4.569157917527757,6.754834089699369
2026,LAC,1365,1213,1608,1414,1551.4629637371422,1375.8602277839952,56.53703626285778,-38.139772216004836,72.18799798463277,-26.23123802239929,0,0,39,117.8021978021978,113.66029038367343,4.141907418524379,5.288498020852218,3.6125901765404334,116.57048639736192,113.42623477196993,-3.14425162539199,-2.162509317592687,-2.699205393914001,1.2317114048358775,0.9976557931323895,3.1259887032595315,0.9133847826264323,True,Behind 11+,-5.7378356539193565,8.728820639112291,-0.24209024366095733
2026,LAL,1380,1199,1579,1382,1573.7471023309722,1363.5014201643721,5.252897669027713,-18.49857983562797,40.74912340056847,3.270867332801549,0,0,38,114.42028985507247,114.03964509644726,0.38064475862519664,2.952835029026701,0.33246187778656416,115.2627189324437,113.71988491779585,-1.542834014647871,0.27279961074241443,-1.322271610838311,-0.8424290773712357,-1.1621892560226743,3.2256346397691154,-0.9898097330517468,True,Behind 11+,-9.497271234540685,9.11517448121283,-2.7182072373194934
2026,MEM,1800,1595,2013,1824,2055.2909581399927,1808.4444969296937,-42.290958139992654,-15.555503070306255,-21.197802123497112,4.760420489795223,0,0,49,111.83333333333333,114.18283100777738,-2.349497674444036,-1.1776556735276174,-2.1145479069996327,114.35736677115987,113.38210012098394,-0.9752666501759407,0.29845896487744344,-0.8666018423568944,-2.524033437826546,-3.3247643246199767,-0.879196708650174,-2.9811497493565273,True,Behind 11+,-12.25987420597067,5.60193141476677,3.2160100893082313
2026,MIA,1149,1029,1307,1159,1312.201471958251,1167.7563281934329,-5.201471958250952,8.75632819343283,10.566007147100859,17.72552355465258,0,0,34,113.75108790252393,114.20378346024812,-0.4526955577241908,0.9195828674587344,-0.3855798338214197,112.63362487852284,113.4845799993618,0.8509551208389534,1.7225970412684724,0.7124758497504337,1.117463024001097,0.3982595631147626,2.642179908727207,0.32689601592901396,True,Behind 11+,-7.835985525100877,9.393603061150921,-1.9330809714643329
2026,MIL,2095,1900,2257,2199,2398.063893269139,2154.620074066149,-141.06389326913896,-44.379925933851105,-110.69802029404416,-21.22177038195703,0,0,53,107.73269689737471,114.46605695795412,-6.733360060579425,-5.283915049835044,-6.146574870114987,115.73684210526316,113.40105652979732,-2.335785575465848,-1.1169352832608963,-2.113329806373862,-8.004145207888456,-9.069145636045274,-6.40085033309594,-8.25990467648885,True,Behind 11+,-15.447126602307495,-1.703962542119505,-2.5690585015737657
2026,MIN,1024,867,1234,1003,1165.1441930489036,980.6159830591548,68.8558069510964,-22.384016940845186,77.65496162317068,-12.083124145620568,0,0,40,120.5078125,113.78361260243199,6.724199897568008,7.583492346012761,5.625474424109183,115.68627450980392,113.10449631593481,-2.5817781938691104,-1.3936706050312073,-2.097846011325697,4.821537990196077,4.142421703698897,6.189821740981554,3.527628412783486,True,Behind 11+,-5.120140451596338,15.496755674993272,0.8322229549344025
2026,NOP,1761,1526,2066,1744,2002.7025967291336,1731.4322362079245,63.2974032708665,-12.567763792075507,95.58482794946636,12.176218898225516,0,0,52,117.31970471323112,113.7253036189173,3.594401094313828,5.427872115245108,3.2278125074383737,114.28571428571429,113.46213867679714,-0.8235756089171368,0.7979173589924977,-0.728143904523494,3.0339904275168266,2.770825485396691,6.225789474237606,2.4996686029148796,True,Behind 11+,-3.583214857802291,11.550917573069515,7.576323698273221
2026,NYK,1074,908,1248,945,1221.5502899142145,1037.1566730177797,26.449710085785387,92.15667301777961,36.0947670318539,95.36824312424082,0,0,32,116.20111731843575,113.73838826016895,2.462729058266796,3.360779053245242,2.0761153913489316,104.0748898678414,114.22430319579071,10.149413327949297,10.503110476237975,8.317389261532457,12.126227450594342,12.612142386216092,13.863889529483217,10.393504652881388,True,Behind 11+,3.2189234798582294,22.82165714520696,5.891179457086896
2026,OKC,611,538,699,605,696.2297285021384,611.4946326530186,2.7702714978616196,6.4946326530186145,7.670154232010341,12.158825093377564,0,0,19,114.40261865793781,113.9492190674531,0.4533995904847168,1.255344391491054,0.34158711440957085,112.45353159851301,113.6607123890369,1.207180790523906,2.260004664196573,0.8800315247992703,1.949087059424798,1.6605803810086228,3.5153490556876275,1.221618639208841,False,Behind 11+,-10.815301228985346,16.54607795883157,-9.495307374979067
2026,ORL,1266,1113,1447,1241,1437.7172153874358,1269.2562471264298,9.282784612564164,28.256247126429766,24.136314030630466,43.68090163768023,0,0,47,114.29699842022117,113.56376108905496,0.7332373311662057,1.9065018981540651,0.6332049531080604,111.5004492362983,114.03919560884364,2.538746372545352,3.9246093115615657,2.152037100261216,2.7965491839228775,3.271983703711558,5.831111209715631,2.7852420533692763,True,Behind 11+,-6.528271774981767,14.59455708892493,2.5381889583403026
2026,PHI,1269,1136,1369,1269,1446.0480171883707,1292.241592615452,-77.0480171883708,23.241592615451893,-50.36192871872147,51.32068072770785,0,0,38,107.88022064617809,113.95177440412694,-6.071553757948842,-3.968631104706184,-5.244929692877522,111.70774647887323,113.75366132178274,2.0459148429094975,4.517665557016536,1.7396401658272374,-3.8275258326951445,-4.025638915039345,0.5490344523103521,-3.505289527050285,True,Behind 11+,-13.388700105082343,7.567889228182476,-3.7488621424452244
2026,PHX,1118,978,1263,1109,1274.3046125067958,1113.5361020226942,-11.304612506795873,4.536102022694142,8.202071236549383,24.186996478617765,0,0,36,112.9695885509839,113.98073457126975,-1.0111460202858562,0.7336378565786568,-0.8577095983911891,113.39468302658487,113.85849713933479,0.4638141127499123,2.4731080243985444,0.3850680834205554,-0.4250944756009716,-0.547331907535944,3.206745880977201,-0.4726415149706337,True,Behind 11+,-9.896709701196295,9.908464066048165,-2.0024240527011403
2026,POR,1335,1190,1425,1309,1520.8375519102158,1351.7965848986098,-95.83755191021581,42.79658489860977,-69.59416937552699,66.0039308622907,0,0,44,106.74157303370787,113.9204158734244,-7.17884283971654,-5.2130463951705615,-6.243488723792561,110.0,113.59635167215208,3.596351672152082,5.5465488119572015,3.0788909998999836,-3.2584269662921344,-3.5824911675644584,0.33350241678664005,-3.1645977238925775,True,Behind 11+,-12.962645490378707,8.369937783701811,-3.1172855398626744
2026,SAC,2469,2178,2713,2498,2821.8449955499295,2472.9697407706144,-108.84499554992962,-25.03025922938564,-95.25122741116087,-8.362476463176467,0,0,62,109.8825435398947,114.29100832523002,-4.408464785335343,-3.8578868939311817,-4.078118979015723,114.69237832874197,113.54314695916503,-1.1492313695769347,-0.38395208738183967,-1.0525760819758467,-4.809834788847269,-5.557696154912278,-4.2418389813130215,-5.130695060991569,True,Behind 11+,-12.700215200761628,3.4234414161397626,4.9357042186582545
2026,SAS,542,433,668,455,617.7992044305619,495.6690270738965,50.20079556943816,40.669027073896494,57.24016301141982,50.473126157020396,0,0,22,123.24723247232473,113.98509306836935,9.26213940395538,10.560915684763804,6.765605871891935,105.08083140877598,114.47321641429481,9.392385005518822,11.656611121713718,6.424806804722985,18.166401063548747,18.654524409474202,22.217526806477522,13.19041267661492,True,Behind 11+,8.013406095666825,36.43579820371472,9.589156319857308
2026,TOR,1123,922,1317,997,1275.8489022536419,1042.8878780481693,41.15109774635816,45.887878048169235,61.41023481311671,63.05956092076189,0,0,39,117.27515583259127,113.6107660065576,3.6643898260336742,5.468409155219653,3.1104382272379563,108.13449023861172,113.11148351932422,4.976993280712498,6.83943177014771,4.089828703045386,9.140665593979548,8.641383106746172,12.307840925367364,7.200266930283343,True,Behind 11+,1.0479657156840574,19.664271280458298,5.709503766476088
2026,UTA,2570,2307,2948,2795,2925.862518288203,2605.0106101689476,22.137481711797214,-189.98938983105248,48.716092522776535,-169.30219950653515,0,0,60,114.70817120622569,113.8467905948717,0.8613806113539771,1.8955678024426668,0.7991870654078417,121.1530125704378,112.91766840784342,-8.235344162594386,-7.338630234353496,-7.578356195893597,-6.44484136421211,-7.373963551240409,-5.443062431910829,-6.779169130485755,True,Behind 11+,-13.072440797495036,-0.812227571984047,1.1479464873897394
2026,WAS,3160,2895,3493,3463,3610.5059876010446,3271.8983725527264,-117.5059876010447,-191.10162744727373,-92.33453445211589,-169.422995350559,0,0,65,110.5379746835443,114.25651859496976,-3.718543911425465,-2.921978938358098,-3.497202011935854,119.62003454231433,113.018942057089,-6.601092485225344,-5.852262360986494,-6.174527542722899,-9.082059858770023,-10.31963639665081,-8.774241299344592,-9.671729554658754,True,Behind 11+,-15.06473309811267,-5.385428176580058,2.568079683770133
2023,ATL,3573,3496,4187,3996,4122.771372996384,4036.7461660908357,64.22862700361557,40.74616609083575,66.12939715684078,38.01078548625199,0,0,80,117.18443884690736,115.38682823947339,1.797610607433965,1.8508087645351463,1.7023224755795276,114.30205949656751,115.46756767994381,1.1655081833763086,1.0872650310712813,1.1024395587347335,2.8823793503398463,2.963118790810274,2.9380737956064276,2.804762034314261,True,Close (within 5),-2.840609042381705,8.598344215842607,2.40383320923572
2023,BKN,3262,3293,3803,3806,3771.321415215617,3807.3866748475775,31.678584784383208,1.3866748475776878,39.06426359594635,10.519951328070537,0,0,76,116.58491722869405,115.61377729048489,0.9711399382091724,1.1975555976684964,0.9150371110451533,115.57849984816276,115.62060962185173,0.042109773688967136,0.3194640549064846,0.0396986787167961,1.006417380531289,1.0132497118981396,1.517019652574981,0.9547357897619494,True,Close (within 5),-4.9564470442232755,6.394801992889309,-0.36953790726493274
2023,BOS,3535,3375,4255,3681,4072.48245738986,3899.055016374737,182.51754261013983,218.05501637473725,191.9573899670304,213.20821261227422,0,0,80,120.36775106082037,115.20459568288148,5.1631553779388915,5.4301949071295725,4.886681194381254,109.06666666666666,115.52755604073295,6.460889374066289,6.317280373697014,6.099441017475168,11.301084394153705,11.62404475200518,11.747475280826587,10.986122211856422,True,Close (within 5),6.266018869708519,17.412467118815606,3.725950847351445
2023,CHA,3119,3195,3420,3769,3603.152877864098,3684.1135215812706,-183.15287786409814,-84.88647841872951,-191.14702372442673,-86.69827559158341,0,0,79,109.65052901571016,115.52269566733243,-5.872166651622256,-6.128471424316342,-5.518315090813442,117.96557120500782,115.30871742038406,-2.656853784623772,-2.713561051379762,-2.5003380977534464,-8.315042189297657,-8.529020436246029,-8.842032475696104,-8.018653188566889,True,Close (within 5),-14.240464126050528,-2.6776551257851744,-0.5902623983526851
2023,CHI,3272,3322,3712,3798,3783.2148296157347,3841.0270167561393,-71.2148296157348,43.02701675613952,-76.99427984082804,47.49635272365332,0,0,77,113.44743276283619,115.62392511050534,-2.1764923476691562,-2.353125912005747,-2.0511183645084907,114.32871763997592,115.62393187104574,1.295214231069823,1.429751737617499,1.2216643031271868,-0.8812848771397341,-0.8812781165993333,-0.9233741743882478,-0.829454061381304,True,Close (within 5),-5.695596098505609,4.577047100367907,-2.478085434005287
2023,CLE,3408,3375,3957,3766,3933.151605672265,3900.0192557465593,23.848394327735324,134.01925574655925,31.840142197448404,135.73964393571433,0,0,79,116.10915492957747,115.40937810071199,0.6997768288654731,0.9342764729298241,0.6609865390170544,111.58518518518518,115.55612609619435,3.970940911009163,4.021915375873017,3.7487903705331256,4.523969744392289,4.670717739874636,4.956191848802841,4.40977690955018,True,Close (within 5),-0.41079125145257167,9.521863181775998,-2.658895545701821
2023,DAL,3727,3760,4282,4384,4305.689474620277,4340.588662005106,-23.68947462027697,-43.41133799489367,-38.52737816564915,-46.6402809765366,0,0,80,114.8913335122082,115.5269512911263,-0.6356177789180836,-1.0337370047128829,-0.6032461069589248,116.59574468085107,115.44118781928474,-1.154556861566321,-1.2404330046951224,-1.0962459089619614,-1.7044111686428636,-1.7901746404844046,-2.2741700094080053,-1.6994920159208862,True,Close (within 5),-6.557037958564611,2.8922406317201115,-2.0520346732950077
2023,DEN,3389,3357,4086,3915,3915.3468179603633,3883.8167696377363,170.6531820396369,-31.183230362263657,161.04238041464757,-37.01456802733828,0,0,80,120.56653880200649,115.53103623370797,5.035502568298521,4.751914441270214,4.75489501364271,116.62198391420911,115.69308220547322,-0.928901708735885,-1.102608520325835,-0.8766722058550368,3.9445548877973806,4.106600859562636,3.6493059209443794,3.8782228077876737,True,Close (within 5),-0.5835002134369696,9.302189157449577,-0.3062612888572662
2023,DET,3418,3629,3720,4413,3959.0158905316725,4185.774899173277,-239.0158905316726,-227.2251008267227,-238.55051314239805,-233.15241182128906,0,0,77,108.8355763604447,115.82843448015426,-6.992858119709555,-6.97924263143353,-6.606298798553692,121.60374758886746,115.3423780428018,-6.261369546065657,-6.4247013453097015,-5.934319687300149,-12.768171228422759,-13.254227665775211,-13.403943976743232,-12.540618485853841,True,Close (within 5),-18.669790461575513,-8.394033956823638,-3.07219520247817
2023,GSW,3503,3547,4031,4108,4051.062979192777,4101.308225039383,-20.062979192777426,-6.691774960616904,-19.253958439897623,-8.67964246720796,0,0,80,115.07279474735941,115.64553180681636,-0.5727370594569634,-0.5496419765885705,-0.5418033808473516,115.81618268959684,115.62752255538153,-0.188660134215306,-0.24470376281950834,-0.17859020444667478,-0.7433879422374332,-0.7613971936722694,-0.7943457394080788,-0.7203935852940264,True,Close (within 5),-6.8287600668176065,5.06987582489309,-2.8891185739497747
2023,HOU,3445,3574,3724,4245,3992.6767946302534,4129.242047275105,-268.6767946302533,-115.7579527248952,-273.63245207459437,-108.51347179054716,0,0,79,108.09869375907111,115.89772988767064,-7.799036128599516,-7.9428868526732765,-7.371105476824508,118.77448237269166,115.5355916976806,-3.2388906750110578,-3.0361911525055163,-3.067248349891235,-10.675788613620554,-11.037926803610574,-10.979078005178792,-10.438353826715742,True,Close (within 5),-16.33377893225884,-6.0257450682438165,-1.4195642197806038
2023,IND,3402,3476,3900,4115,3933.7555728341817,4013.6424491057587,-33.755572834181876,-101.35755089424124,-22.531325868719957,-101.01855807067153,0,0,77,114.6384479717813,115.63067527437337,-0.9922273025920598,-0.6622964688042314,-0.9371341708545773,118.3831990794016,115.46727413998154,-2.915924939420059,-2.9061725566936576,-2.7572783159478034,-3.744751107620303,-3.908152242012119,-3.568469025497889,-3.6944124868023804,True,Close (within 5),-8.764922028048568,0.6604453550241749,-0.1572200931426302
2023,LAC,3744,3735,4370,4359,4331.544382614452,4321.263639487615,38.455617385548244,-37.7363605123849,25.581154265854593,-36.977403397384585,0,0,80,116.72008547008546,115.69295893735182,1.0271265327336603,0.6832573254768854,0.9750410087613652,116.70682730923694,115.69648298494285,-1.010344324294107,-0.9900241873463075,-0.9589926432626404,0.013258160848522493,0.016782208439553248,-0.30676686186942204,0.016048365498724793,True,Close (within 5),-4.940358071798603,4.9752326276272445,-0.2779513068741929
2023,LAL,3876,3835,4445,4381,4478.902619925819,4431.943055938634,-33.902619925818655,50.9430559386333,-34.94104715849372,71.38987113252053,0,0,80,114.68008255933952,115.55476315598088,-0.8746805966413481,-0.9014718049146986,-0.8317620197698394,114.23728813559322,115.56565986802174,1.3283717324285085,1.8615351012391272,1.2625292673762898,0.4427944237463066,0.45369113578716036,0.9600632963244287,0.43076724760645035,True,Close (within 5),-4.840005127460989,5.525763168310574,0.13671769718261284
2023,MEM,3507,3239,4142,3463,4046.3532632719,3749.8950745568977,95.64673672810011,286.8950745568977,80.09736922068795,291.31465106705116,0,0,79,118.10664385514684,115.37933456720559,2.7273092879412637,2.283928406634957,2.5801655443242546,106.91571472676752,115.7732347810095,8.85752005424198,8.993968850480123,8.34239821334393,11.190929128379324,11.584829342183244,11.277897257115079,10.922563757668184,True,Close (within 5),6.560688378498606,17.2536066079642,6.389744608293164
2023,MIA,4411,4426,5073,5097,5101.507289717586,5118.890211275223,-28.507289717586094,21.890211275223365,-30.75869982082407,18.485590067060475,0,0,82,115.00793470868284,115.65421196367232,-0.646277254989483,-0.6973180644031756,-0.6182452768940815,115.16041572525982,115.65499799537331,0.4945822701134967,0.4176590616145611,0.47319955199358765,-0.15248101657698498,-0.15169498487598626,-0.27965900278861444,-0.14504572490049383,True,Close (within 5),-4.289521026003423,4.062411486809884,0.283036132704444
2023,MIL,3360,3185,4041,3465,3875.7177114078713,3686.0440067115946,165.28228859212874,221.04400671159456,168.83935102810602,231.80934704181954,0,0,80,120.26785714285714,115.34874141094855,4.919115731908594,5.0249806853602985,4.642760915509235,108.79120879120879,115.73136598780516,6.940157196596376,7.278158462851477,6.530103595615792,11.47664835164835,11.85927292850497,12.303139148211775,11.172864511125027,True,Close (within 5),6.266318842128771,17.512220858447503,7.243473596010949
2023,MIN,3436,3311,4015,3700,3965.6358657910528,3826.5934222875835,49.36413420894715,126.59342228758354,39.75397259986511,134.27687993046612,0,0,76,116.85098952270081,115.41431506958827,1.4366744531125482,1.156984068680591,1.3576494556916159,111.74871639987919,115.57213597969142,3.8234195798122483,4.05547810119197,3.6056229646136013,5.102273122821629,5.260094032924797,5.212462169872561,4.963272420305217,True,Close (within 5),0.27903944797675956,10.554688866307737,4.785929984177581
2023,NOP,2968,3000,3379,3416,3427.0965392275048,3464.253679292961,-48.09653922750468,48.253679292960804,-50.36219545021284,51.452312141604985,0,0,79,113.8477088948787,115.46821223812348,-1.6205033432447669,-1.6968394693467939,-1.5181988392520418,113.86666666666666,115.4751226430987,1.6084559764320268,1.715077071386833,1.5079274779050251,-0.018957771787952993,-0.012047366812740101,0.018237602040039214,-0.010271361347016672,True,Close (within 5),-5.949926861792046,6.258019123644474,-2.5249662826594856
2023,NYK,3745,3747,4430,4382,4324.685060854646,4327.110316639627,105.31493914535439,-54.88968336037321,119.0465249717568,-55.096629957664966,0,0,81,118.29105473965286,115.47890683189975,2.812147907753121,3.178812415801249,2.6695802064728613,116.94689084601013,115.48199403895455,-1.4648968070555968,-1.4704198013788354,-1.3906684408506007,1.3441638936427296,1.3472511006975243,1.7083926144224137,1.2789117656222606,True,Close (within 5),-3.8035197885868266,6.89446181727234,-2.460925805572411
2023,OKC,3564,3679,3988,4291,4121.037347779479,4249.267903085206,-133.0373477794789,-41.73209691479426,-137.96596332299,-42.468667609631666,0,0,78,111.89674523007857,115.62955521266777,-3.7328099825891945,-3.8710988586697535,-3.5344672630042213,116.63495515085621,115.5006225356131,-1.1343326152431168,-1.154353563730135,-1.0758467882133091,-4.738209920777649,-4.867142597832311,-5.025452422399889,-4.6103140512175305,True,Close (within 5),-10.060469642833555,0.1578818465080114,-5.535549984569818
2023,ORL,3464,3532,3826,4039,4009.9232942241833,4085.088506713341,-183.92329422418342,46.0885067133408,-180.4445712384821,52.39247099767924,0,0,80,110.45034642032333,115.75991034134478,-5.309563921021461,-5.20913889256588,-5.019740562887102,114.35447338618347,115.6593574947152,1.3048841085317329,1.4833655435356523,1.2349546279030226,-3.9041269658601436,-4.004679812489728,-3.725773349030228,-3.7847859349840793,True,Close (within 5),-9.597926682265959,1.6189070597219002,-0.5985253219480469
2023,PHI,3441,3450,4084,3957,3969.212311703255,3985.5496376472443,114.78768829674505,28.549637647244055,120.73102523817535,27.81012644994129,0,0,81,118.68642836384772,115.35054669291647,3.335881670931271,3.508602883992309,3.152641809852926,114.69565217391305,115.52317790281867,0.8275257289056247,0.8060906217374287,0.7821818533491521,3.990776189934678,4.1634073998368955,4.314693505729737,3.9348236632020783,True,Close (within 5),-1.3847183166283874,9.55332993992112,-1.333723204765807
2023,PHX,3271,3144,3886,3533,3774.1719213648603,3634.4668244476866,111.82807863513968,101.46682444768675,111.3259371099071,111.79628257528903,0,0,80,118.80158972791196,115.38281630586549,3.4187734220464594,3.4034221066923602,3.221782732213762,112.37277353689568,115.60008983612235,3.2273162992266773,3.555861405066445,3.0342949894643163,6.428816191016281,6.646089721273137,6.959283511758805,6.2560777216780785,True,Close (within 5),0.5227108623004686,13.102303083111861,4.402404343619297
2023,POR,3435,3452,4063,4157,3970.5550180452756,3988.1518965674136,92.44498195472431,-168.8481034325862,85.82862180447334,-171.37474889920043,0,0,80,118.28238719068413,115.5911213404738,2.691265850210315,2.498649834191364,2.543190700267519,120.42294322132098,115.5316308391487,-4.891312382172254,-4.964506051541147,-4.623442043608604,-2.1405560306368443,-2.200046531961939,-2.4658562173497836,-2.0802513433410845,True,Close (within 5),-7.9044383534197085,3.311217466109643,2.4387614634890262
2023,SAC,3845,3798,4648,4530,4435.401600232404,4382.904641528524,212.59839976759565,-147.09535847147643,202.4294865322476,-165.33046804117816,0,0,78,120.88426527958387,115.35504812047866,5.529217159105219,5.264746073660536,5.255831885478261,119.27330173775671,115.40033284698588,-3.872968890770838,-4.353092892079467,-3.679223573573698,1.6109635418271608,1.6562482683343807,0.9116531815810687,1.5766083119045633,True,Close (within 5),-3.16509637120509,6.881853769265643,-0.8133874908319063
2023,SAS,3267,3438,3626,4203,3779.3811232639755,3964.2401200387367,-153.38112326397552,-238.75987996126327,-161.97341581130956,-231.11865636865835,0,0,80,110.98867462503826,115.6835360656252,-4.694861440586946,-4.957863967288325,-4.42403009125975,122.25130890052355,115.30657708082421,-6.944731819699339,-6.722474007232645,-6.562943374416252,-11.262634275485297,-11.639593260286285,-11.68033797452097,-10.986973465676002,True,Close (within 5),-16.750637309890962,-6.593904258987502,0.638453273260998
2023,TOR,3338,3230,3873,3609,3855.9946207874555,3734.400028243124,17.00537921254439,125.40002824312371,23.556768790022197,130.45132375330726,0,0,79,116.02756141402037,115.51811326505259,0.5094481489677768,0.7057150626130078,0.4806494972454604,111.73374613003097,115.61609994560754,3.8823538155765855,4.038740673477005,3.655977499799525,4.293815283989403,4.391801964544363,4.744455736090012,4.136626997044985,True,Close (within 5),-1.193157801763635,9.96433749266293,2.621220819260089
2023,UTA,3696,3797,4251,4527,4273.860366177516,4384.751077615362,-22.8603661775157,-142.2489223846378,-30.94131381193431,-137.9056482113917,0,0,78,115.01623376623377,115.63475016714058,-0.6185164009068101,-0.8371567589809067,-0.5867650456241197,119.22570450355543,115.47935416421812,-3.746350339337314,-3.631963345045871,-3.5588922287875357,-4.209470737321666,-4.364866740244124,-4.469120104026778,-4.145657274411655,True,Close (within 5),-9.906445255021357,1.6386589412292454,-2.5878198388648483
2023,WAS,3563,3587,4085,4197,4117.572320119975,4142.328043558071,-32.572320119975444,-54.6719564419287,-27.275681221736605,-61.293855535127285,0,0,81,114.65057535784452,115.56475779174784,-0.9141824339033242,-0.7655257148957789,-0.8655944756836419,117.00585447449122,115.48168507270897,-1.524169401782233,-1.7087776842801028,-1.4436745825700739,-2.355279116646699,-2.438351835685557,-2.4743033991758816,-2.3092690582537156,True,Close (within 5),-7.553421638322088,2.567575533040713,-1.2938616423248637
2024,ATL,3669,3792,4197,4591,4235.048236947238,4365.660011979238,-38.048236947238365,-225.3399880207615,-29.915043435868636,-231.314637194623,0,0,80,114.3908421913328,115.42786145945048,-1.0370192681176986,-0.8153459644554003,-0.9834126892540286,121.07067510548524,115.12816487287022,-5.942510232615018,-6.100069546271703,-5.644789279077192,-6.679832914152442,-6.979529500732717,-6.915415510727104,-6.62820196833122,True,Close (within 5),-12.134181589432277,-2.1358196958887925,-4.220558447210336
2024,BKN,3502,3534,3925,4089,4044.1639684668203,4076.2361260374396,-119.16396846682031,-12.763873962560217,-136.41024326809796,-21.49576879030647,0,0,80,112.07881210736721,115.48155249762479,-3.402740390257576,-3.89520968783832,-3.2189078462134066,115.70458404074702,115.3434104707821,-0.3611735699649184,-0.6082560495276307,-0.3418284403470867,-3.6257719333798093,-3.7639139602224945,-4.503465737365951,-3.5607362865604935,True,Close (within 5),-9.042659898801228,1.5049530394078643,-0.8747569776632012
2024,BOS,3254,2985,4107,3184,3734.5084272967138,3443.6627432139376,372.4915727032863,259.6627432139375,369.18206622744947,257.2896116787192,0,0,81,126.2138905961893,114.7667002857011,11.447190310488208,11.345484518360463,10.784353581450095,106.66666666666667,115.36558603731784,8.698919370651172,8.61941747667401,8.152676396041993,19.54722392952263,20.14610968113938,19.964901995034474,18.937029977492088,True,Close (within 5),14.393379552924333,25.839075303266316,7.279486860362008
2024,CHA,3202,3476,3400,4243,3700.220502358283,3999.0795170499287,-300.2205023582827,-243.92048295007132,-307.2964374430441,-237.32553010728157,0,0,82,106.1836352279825,115.55966590750414,-9.376030679521634,-9.597015535385513,-8.824823702477445,122.0655926352129,115.04831752157448,-7.017275113638415,-6.827546896066788,-6.635486478511189,-15.881957407230388,-16.39330579316005,-16.4245624314523,-15.460310180988635,True,Close (within 5),-21.770337262784103,-11.553272873157319,-4.917540889396861
2024,CHI,3534,3566,4012,4109,4080.2098480860845,4116.0266316024845,-68.2098480860847,7.026631602484921,-83.02110096495424,-2.337556009060984,0,0,80,113.52574985851726,115.45585308675962,-1.9301032282423516,-2.3492105536206633,-1.826723301716248,115.2271452607964,115.42419045436019,0.19704519356379474,-0.06555120608695973,0.18658076480310465,-1.7013954022791467,-1.733058034678557,-2.414761759707623,-1.6401425369131435,True,Close (within 5),-7.461684732564298,3.923277996220806,0.06770891194661188
2024,CLE,3305,3238,3887,3711,3809.464091097885,3736.4343562468016,77.53590890211495,25.434356246801823,67.71958802878066,23.037833640856018,0,0,79,117.60968229954614,115.26366387588153,2.3460184236645976,2.049004176362501,2.2121514665368034,114.60778258184064,115.39327845110566,0.7854958692650347,0.7114834354804206,0.7398009379523508,3.0018997177054985,3.1315142929296322,2.7604876118429216,2.951952404489154,True,Close (within 5),-2.532570159642132,8.957234038261857,0.48030181638531566
2024,DAL,3029,3088,3576,3623,3491.0951319143687,3557.293929984118,84.90486808563146,-65.70607001588188,94.20983817093534,-67.34253936893924,0,0,80,118.0587652690657,115.25569930387483,2.8030659651908705,3.110262072331969,2.6294477573747743,117.32512953367876,115.19734229223181,-2.127787241446952,-2.18078171531539,-1.9983597936703734,0.7336357353869403,0.6752787237439186,0.9294803570165788,0.6310879637044009,True,Close (within 5),-5.250568147631342,6.269048510689127,-1.8373532832786665
2024,DEN,3439,3230,4191,3568,3959.2978520166107,3731.2548048920276,231.7021479833894,163.25480489202755,244.68654901916833,173.05730993085393,0,0,80,121.86682175050886,115.12933562130301,6.737486129205856,7.115049404453863,6.367192854723534,110.46439628482972,115.5187246096603,5.054328324830574,5.3578114529676135,4.759615302974564,11.402425465679144,11.79181445403643,12.472860857421477,11.126808157698097,True,Close (within 5),6.252169598600689,16.84911360632044,6.1349167060164485
2024,DET,3273,3465,3548,4222,3779.3928471049207,3985.4005212526713,-231.3928471049208,-236.59947874732848,-240.05397665545755,-239.71205932531643,0,0,79,108.40207760464406,115.47182545386254,-7.069747849218478,-7.334371422409336,-6.662621569390176,121.84704184704185,115.01877406212614,-6.828267784915685,-6.918096950225583,-6.455647441946207,-13.444964242397788,-13.898015634134163,-14.252468372634919,-13.118269011336382,True,Close (within 5),-19.00086605652118,-8.582735409816337,-4.14145666775428
2024,GSW,3916,3837,4562,4321,4515.0049109157635,4429.6177869326,46.995089084236405,108.61778693260065,53.09664809726648,109.67975627685236,0,0,81,116.49642492339122,115.29634603972838,1.2000788836628296,1.3558898901242717,1.14176601273655,112.61402137086266,115.44482113454784,2.8307997636851874,2.8584768380727748,2.6905570208719505,3.882403552528558,4.0308786473480165,4.214366728197047,3.8323230336085006,True,Close (within 5),-0.7205035237122467,8.661163438919024,1.1701342607743292
2024,HOU,3287,3335,3757,3883,3790.0293662876475,3845.0562061235987,-33.02936628764753,-37.94379387640138,-35.50805761284453,-48.4656152334277,0,0,79,114.29875266200183,115.30360104312891,-1.0048483811270923,-1.0802573049237765,-0.9472144045783633,116.43178410794603,115.2940391641259,-1.1377449438201312,-1.4532418360847885,-1.0733746499689216,-2.133031445944198,-2.1425933249472235,-2.5334991410085648,-2.020589054547285,True,Close (within 5),-7.780157256515117,3.4310388650458785,-2.9617129352881455
2024,IND,3541,3575,4273,4295,4076.4536494321155,4115.147805142641,196.54635056788442,-179.85219485735897,181.7948385284196,-195.95483282436336,0,0,80,120.67212651793278,115.12153768517695,5.550588832755843,5.133997134380672,5.253845243728533,120.13986013986013,115.10902951447947,-5.03083062538067,-5.481254065017157,-4.76429655251282,0.5322663780726486,0.5197582073751734,-0.347256930636485,0.4895486912157123,True,Close (within 5),-5.204660072546686,5.743697271028085,-2.528750964441861
2024,LAC,3343,3313,3984,3805,3850.2037774619016,3821.4182004712593,133.7962225380984,16.418200471259357,148.5682677649793,16.217886021616984,0,0,82,119.1743942566557,115.17211419269823,4.002280063957475,4.444159969039166,3.7763540089782217,114.85058859040144,115.34615757534739,0.49556898494595103,0.4895226689289763,0.46735554999315,4.323805666254259,4.497849048903426,4.933682637968142,4.243709558971371,True,Close (within 5),-1.3800207472824675,9.934952316043889,0.8731772159803817
2024,LAL,3335,3374,3910,3969,3843.0329544211936,3886.844829877351,66.96704557880639,-82.15517012264907,83.13009224382645,-64.00785246868982,0,0,79,117.24137931034483,115.23337194666247,2.0080073636823506,2.492656439095246,1.8944001578163052,117.63485477178423,115.19990604260079,-2.434948729183434,-1.8970910630909845,-2.2986897068452454,-0.39347546143940804,-0.4269413655010834,0.5955653760042616,-0.4042895490289402,True,Close (within 5),-5.6769497524397785,5.090114804073078,-1.3615450208816537
2024,MEM,3490,3590,3714,4108,4031.0747135612432,4136.240600985085,-317.07471356124324,28.240600985084818,-311.6588604472515,36.570662160682986,0,0,80,106.41833810888252,115.50357345447688,-9.085235345594363,-8.93005330794417,-8.592810665616348,114.42896935933148,115.21561562632549,0.786646266994006,1.0186813972335094,0.7451345906354833,-8.010631250448952,-8.298589078600356,-7.9113719107106615,-7.847676074980865,True,Close (within 5),-13.026224539458864,-3.597487147907953,-0.5203800137028143
2024,MIA,3402,3295,3916,3611,3920.3792217585124,3806.61896532468,-4.379221758512474,195.6189653246803,-23.187819816162705,192.099157029026,0,0,78,115.108759553204,115.23748447261941,-0.12872491941541667,-0.6815937629677455,-0.12157750578879718,109.59028831562973,115.52713096584766,5.936842650217915,5.830019940182883,5.597109165226904,5.518471237574261,5.808117730802498,5.148426177215137,5.475531659438107,True,Close (within 5),0.17699265665491715,12.207034345044416,3.6612710894124794
2024,MIL,3377,3301,4077,3813,3886.4416129429596,3804.9398418579326,190.55838705704042,-8.060158142067595,178.37135648461825,-15.608176152986552,0,0,79,120.7284572105419,115.08562667879656,5.642830531745348,5.28194718639675,5.327324211826682,115.51045137837019,115.26627815383013,-0.24417322454006649,-0.4728317525897168,-0.2302244542150127,5.218005832171713,5.398657307205282,4.809115433807033,5.0970997576116694,True,Close (within 5),0.3567754460892442,10.646396869350518,2.3504670203867617
2024,MIN,3674,3636,4195,3932,4239.153146953032,4203.991303041063,-44.153146953031694,271.9913030410623,-50.53050998935849,282.4437264073415,0,0,79,114.18072945019053,115.38250263889582,-1.201773188705272,-1.3753541096722506,-1.1397301743167705,108.14081408140814,115.62132296592581,7.480508884517664,7.767979274129304,7.090492780006837,6.039915368782388,6.278735695812392,6.392625164457053,5.950762605690066,True,Close (within 5),1.5260555809402792,11.230574412028343,-1.0763832909912425
2024,NOP,2835,2680,3411,2945,3259.348866263182,3087.347146818721,151.65113373681794,142.3471468187208,149.7258936271717,128.71839292472723,0,0,79,120.31746031746032,114.96821397753729,5.349246339923031,5.2813366358790725,4.99674246249812,109.88805970149254,115.19952040368362,5.3114607021910745,4.802925109131613,4.942609264538916,10.42940061596778,10.660707042114105,10.084261745010686,9.939351727037035,True,Close (within 5),3.7624758169501478,17.299332395769614,4.85191359324725
2024,NYK,3198,3183,3810,3662,3680.9276559094133,3668.125298209313,129.07234409058682,6.125298209312905,121.70278654583518,21.78233595778862,0,0,81,119.13696060037523,115.10092732674838,4.036033273626855,3.805590573665891,3.798479814319801,115.04869619855482,115.24113409391494,0.19243789536012895,0.6843335205085964,0.1810611353624861,4.08826440182041,4.228471168986984,4.489924094174487,3.979540949682287,True,Close (within 5),-1.639774646042426,10.904064581821254,-0.7246758449211761
2024,OKC,3342,3230,4024,3618,3843.2190016459554,3724.0384254845862,180.78099835404453,106.03842548458607,196.17933162798045,116.49611233596275,0,0,81,120.40694195092759,114.9975763508664,5.409365600061177,5.8701176429676964,5.103924290063369,112.0123839009288,115.29530729054446,3.282923389615668,3.6066907843951315,3.0914992852649004,8.394558049998793,8.692288989676845,9.476808427362828,8.19542357532827,True,Close (within 5),3.254305273834061,14.178151746869135,0.5881922402336368
2024,ORL,3401,3354,3892,3692,3918.933417532131,3869.5809563180273,-26.933417532131116,177.58095631802755,-55.07102472702858,177.48972861205073,0,0,81,114.43693031461335,115.22885673425847,-0.7919264196451372,-1.6192597685101022,-0.7479427251355489,110.07751937984496,115.37212153601752,5.294602156172556,5.291882188791017,4.99665043100809,4.359410934768391,4.502675736527419,3.6726224202809146,4.248707705872541,True,Close (within 5),-0.7637512836945504,9.533462545710826,2.2573616739093207
2024,PHI,3579,3463,4189,3857,4124.57375129469,3997.0092719167105,64.42624870531043,140.00927191671042,60.387560845849755,149.4592252414089,0,0,81,117.04386700195586,115.24374828987678,1.8001187120790842,1.6872746813593114,1.7048491321860393,111.37741842333237,115.42042367648601,4.043005253153636,4.315888687306061,3.82225694558314,5.666448578623488,5.84312396523272,6.003163368665373,5.527106077769179,True,Close (within 5),0.5447615865253453,11.901002674643095,2.1867392737700104
2024,PHX,3129,3061,3687,3477,3605.283042048276,3530.1086138132077,81.71695795172398,53.108613813207874,79.1897300820417,61.08838600686711,0,0,81,117.83317353787153,115.22157373116893,2.611599806702588,2.5308318977961557,2.4546998483545805,113.59032995753022,115.32533857606036,1.7350086185301494,1.9957002942459037,1.6285990129778558,4.242843580341315,4.346608425232738,4.526532192042059,4.083298861332437,True,Close (within 5),-0.7852660571025026,10.37095207080193,0.6122177082800748
2024,POR,3220,3341,3492,3985,3713.3271259238145,3843.0332996934335,-221.32712592381452,-141.96670030656648,-220.8837789514105,-140.7963688786876,0,0,82,108.4472049689441,115.32071819639175,-6.873513227447656,-6.859744687932003,-6.47155338958522,119.27566596827297,115.02643818298213,-4.249227785290826,-4.2141984100175875,-4.009226215943702,-10.828460999328868,-11.122741012738482,-11.073943097949591,-10.480779605528923,True,Close (within 5),-17.04215644598775,-5.881100748870325,-0.8235904402542538
2024,SAC,3276,3152,3906,3544,3768.756067315758,3633.155335971643,137.24393268424168,89.15533597164297,147.0163867836124,87.39405979842782,0,0,82,119.23076923076923,115.0413939962075,4.1893752345617115,4.487679694249462,3.9483294788331897,112.43654822335026,115.26508045595315,2.828532232602886,2.7726541814222028,2.659765392948776,6.794221007418969,7.017907467164598,7.260333875671665,6.608094871781965,True,Close (within 5),1.9180971621443323,12.760413709755838,5.491515617907264
2024,SAS,3222,3296,3459,3859,3725.9165566771107,3802.198409790436,-266.91655667711075,-56.80159020956407,-250.34984749148444,-55.83354497865844,0,0,81,107.35567970204842,115.63986830158629,-8.284188599537888,-7.770013888624595,-7.8000162675952875,117.08131067961165,115.35796146208848,-1.7233492175231815,-1.6939789131874525,-1.6247594453536631,-9.725630977563227,-10.00753781706107,-9.463992801812047,-9.42477571294895,True,Close (within 5),-14.79401454157925,-5.004975489519662,-3.1923823829210978
2024,TOR,3338,3404,3684,3978,3853.780199310365,3921.316733652,-169.78019931036505,-56.68326634800016,-181.74968983873833,-51.026801075295026,0,0,81,110.3654883163571,115.45177349641597,-5.086285180058869,-5.444867880129968,-4.798761992944179,116.86251468860165,115.19731884994124,-1.6651958386604042,-1.4990247084399244,-1.5727876345172076,-6.497026372244548,-6.751481018719273,-6.943892588569893,-6.371549627461387,True,Close (within 5),-12.474159105232498,-1.27693546028916,0.7835224731950987
2024,UTA,3115,3257,3594,4018,3593.4262383799064,3749.4411274582603,0.5737616200936704,-268.5588725417395,21.82021214612879,-266.4263026513037,0,0,80,115.37720706260032,115.35878774895366,0.018419313646666786,0.7004883514006032,0.01730804283842143,123.36505987104698,115.11946967940621,-8.245590191640758,-8.180113682876993,-7.768552864962092,-7.987852808446661,-8.22717087799409,-7.47962533147639,-7.75124482212367,True,Close (within 5),-14.470030821965777,-2.7315878740491577,-3.536315705984385
2024,WAS,3447,3623,3676,4343,3981.427232979045,4168.258711138813,-305.42723297904496,-174.74128886118746,-308.37790486072663,-181.71894152733043,0,0,82,106.6434580794894,115.50412628311707,-8.860668203627647,-8.946269360624504,-8.374752755115026,119.87303339773668,115.04992302342846,-4.8231103743082375,-5.015703602741662,-4.5707896641691725,-13.22957531824727,-13.683778577935884,-13.961972963366165,-12.945542419284198,True,Close (within 5),-18.678070923753936,-8.968001789775125,-3.465679583499721
2025,ATL,3538,3578,4062,4168,4035.9732045224805,4079.0836519136615,26.026795477519475,-88.91634808633873,22.758355104823295,-91.91737077667486,0,0,79,114.81062747314867,114.07499164845903,0.7356358246896404,0.6432548079373458,0.6962759624804569,116.4896590273896,114.00457383772113,-2.4850851896684945,-2.5689594962737523,-2.3535295946622217,-1.679031554240936,-1.749449364978854,-1.9257046883364066,-1.6572536321817648,True,Close (within 5),-6.915218462562279,3.795007907073352,-0.7635571310367671
2025,BKN,3508,3568,3847,4125,4009.850595668577,4070.468178001382,-162.850595668577,-54.53182199861796,-162.2438548669536,-46.71257594857928,0,0,80,109.66362599771949,114.30588927219432,-4.642263274474829,-4.624967356526613,-4.391871512097546,115.6109865470852,114.08262830721362,-1.5283582398715796,-1.3092089671687017,-1.4472351910461243,-5.947360549365712,-6.170621514346409,-5.934176323695315,-5.8391067031436705,True,Close (within 5),-10.958047836831023,-1.904886393133249,1.5314152126578149
2025,BOS,3327,3206,3959,3479,3788.8272419242935,3661.0365832287234,170.1727580757063,182.03658322872357,162.0472122555313,161.81448260189262,0,0,82,118.9960925758942,113.88119152161988,5.11490105427431,4.870670641885521,4.824858465429722,108.51528384279476,114.19328082435196,5.677996981557192,5.047239008168828,5.344585532258472,10.480808733099437,10.792898035831502,9.917909650054348,10.169443997688195,True,Close (within 5),4.542720174536291,17.276670252015887,0.7208188506787678
2025,CHA,3050,3222,3088,3765,3492.3402357423183,3674.4046518885234,-404.34023574231844,-90.59534811147672,-415.08350205550954,-102.26002412727544,0,0,80,101.24590163934427,114.50295854892848,-13.257056909584213,-13.609295149360968,-12.441238022840569,116.85288640595903,114.04111272155566,-2.8117736844033745,-3.1738058388353645,-2.6474385771910205,-15.606984766614758,-16.068830593987588,-16.78310098819633,-15.08867660003159,True,Close (within 5),-22.785255235668423,-10.059824023172977,-5.812010693629693
2025,CHI,3574,3710,4008,4280,4079.563200847296,4230.741059637392,-71.56320084729582,-49.25894036260807,-71.37412948818393,-48.683111427324626,0,0,82,112.14325685506435,114.14558480266636,-2.0023279476020095,-1.997037758483042,-1.8962162386670858,115.36388140161725,114.03614716003753,-1.3277342415797324,-1.3122132460195317,-1.2598194466140171,-3.220624546552898,-3.330062189181742,-3.309251004502574,-3.156035685281103,True,Close (within 5),-8.419708938101262,1.3245758438172195,-1.8928332709605244
2025,CLE,3318,3122,4118,3453,3772.791759291492,3562.835908189668,345.2082407085083,109.83590818966766,338.16505192756546,96.65033559120286,0,0,81,124.11091018685956,113.70680407750126,10.404106109358297,10.191833994200284,9.812627649474368,110.60217809096733,114.12030455444165,3.5181264634743004,3.0957826903011805,3.3063187293698877,13.508732095892228,13.922232572832598,13.287616684501465,13.118946378844257,True,Close (within 5),8.830069467007284,19.306719448799925,3.705861271082867
2025,DAL,3522,3446,4104,3897,4019.1613265281862,3936.6809822776004,84.83867347181366,39.680982277600215,82.07435564905853,40.69467791412145,0,0,81,116.52470187393527,114.11588093492863,2.4088209390066346,2.3303337776564033,2.2793840266473313,113.08763784097505,114.23914632262334,1.1515084816482941,1.1809250700557588,1.0883429039385688,3.4370640329602224,3.560329420654929,3.511258847712162,3.3677269305859,True,Close (within 5),-1.4669382066901617,9.211962467248563,4.616081298105659
2025,DEN,3320,3401,3957,4005,3779.479567194261,3875.2309613370394,177.52043280573884,-129.76903866296078,179.34106899098845,-133.4932793397897,0,0,82,119.1867469879518,113.83974599982713,5.347000988124663,5.401839427439412,5.043194113799398,117.75948250514554,113.94386831335018,-3.815614191795377,-3.925118475148183,-3.6036944921677527,1.4272644828062653,1.5313867963292864,1.4767209522912288,1.4394996216316454,True,Close (within 5),-4.255429805091147,7.687367258978776,-3.2865158647748824
2025,DET,3332,3387,3843,3973,3799.8734272916236,3860.388794009605,43.126572708376315,-112.61120599039475,50.008783882887336,-118.51353883144228,0,0,81,115.33613445378151,114.04181954656734,1.294314907214175,1.5008638620314327,1.2210241423662604,117.30144670800118,113.97663991761456,-3.324806790386618,-3.4990711199126743,-3.1394258709337817,-1.9653122542196684,-2.0304918831724432,-1.9982072578812415,-1.9184017285675212,True,Close (within 5),-8.283849028395645,3.9268744367950728,-3.814621837535178
2025,GSW,3235,3247,3657,3631,3694.8609285000457,3710.3491861927873,-37.86092850004552,79.3491861927873,-32.21358427178679,90.62497836563416,0,0,79,113.04482225656878,114.2151755332317,-1.1703532766629217,-0.9957831305034558,-1.1022104366825478,111.82630120110872,114.27007040938675,2.44376920827802,2.7910372148332048,2.3019781314994865,1.2185210554600587,1.2734159316150981,1.7952540843297489,1.1997676948169387,True,Close (within 5),-3.889126966008586,6.7144604584096514,-2.1002051639585124
2025,HOU,3635,3535,4151,3820,4148.707801767471,4040.8731756922666,2.2921982325290235,220.87317569226673,22.221779002246723,238.3159606929674,0,0,81,114.19532324621733,114.13226414766083,0.06305909855650683,0.6113281706257695,0.05977048846229527,108.06223479490806,114.3104151539538,6.248180359045735,6.741611335020294,5.9136057748933535,6.133088451309263,6.311239457602242,7.352939505646064,5.973376263355648,True,Close (within 5),1.3173347964722484,11.34831329380944,1.3364067759909908
2025,IND,3650,3640,4232,4096,4161.246856775333,4153.946970523663,70.75314322466667,57.946970523663076,62.20264692536695,34.34128435312854,0,0,80,115.94520547945206,114.0067631993242,1.938442280127854,1.7041821075443,1.837743979861472,112.52747252747253,114.11942226713361,1.5919497396610736,0.9434418778332018,1.5090356907203926,3.4177329519795308,3.530392019788928,2.6476239853775017,3.3467796705818644,True,Close (within 5),-1.9340162444602014,8.756210863654273,1.0965527761544136
2025,LAC,3466,3449,3957,3788,3958.0697336615035,3943.88070764591,-1.069733661503304,155.8807076459102,5.457805059632001,186.29333500596658,0,0,80,114.1661858049625,114.19704944205145,-0.030863637088958566,0.15746696652140799,-0.029179859833696233,109.82893592345607,114.3485273309919,4.519591407535813,5.401372426963369,4.271874695694991,4.337249881506423,4.488727770446855,5.558839393484777,4.242694835861295,True,Close (within 5),-1.5495519922475445,10.349530561743702,-0.6344974524158822
2025,LAL,3307,3208,3908,3587,3766.8121009883916,3659.7391614043554,141.18789901160832,72.73916140435519,141.1073849047131,80.29969476365424,0,0,82,118.17357121257938,113.90420625909864,4.269364953480747,4.266930296483613,4.0258881953694985,111.8142144638404,114.08164468218065,2.267430218340249,2.5031076921338604,2.1343650646817838,6.359356748738975,6.536795171820996,6.7700379886174735,6.160253260051283,True,Close (within 5),0.4364927673508313,12.51736708687119,4.9084174832728245
2025,MEM,3391,3335,4046,3877,3866.341405213992,3806.4875853478957,179.65859478600797,-70.5124146521043,179.03465614828158,-56.19849190421437,0,0,81,119.31583603656739,114.01773533512215,5.298100701445236,5.279700859577752,5.003024082038651,116.25187406296851,114.13755878104634,-2.1143152819221678,-1.685112201025918,-1.9946934837936152,3.063961973598879,3.183785419523068,3.5945886585518343,3.008330598245036,True,Close (within 5),-2.286039099018078,9.26374089389545,-1.6164493648545566
2025,MIA,3564,3483,4068,3929,4071.3476414860224,3978.8703581812842,-3.3476414860225296,49.87035818128439,-8.658929925603834,44.52398006191633,0,0,81,114.14141414141415,114.23534347603879,-0.09392933462465011,-0.2429553851179527,-0.08893840292302152,112.80505311513063,114.23687505544888,1.4318219403182426,1.278322712084879,1.354068916135878,1.3363610262835124,1.3378926056935925,1.0353673269669263,1.2651305132128565,True,Close (within 5),-4.354312313767124,6.855283702100614,1.0080352251621783
2025,MIL,3793,3757,4383,4255,4329.054905332266,4289.86744665712,53.94509466773439,34.867446657120084,52.15269464544382,23.189760264760313,0,0,82,115.5549696809913,114.13274203354247,1.422227647448837,1.374972176257417,1.350991601996854,113.25525685387277,114.18332304117966,0.928066187306896,0.6172414230705433,0.881158621610313,2.2997128271185403,2.3502938347557327,1.9922135993279602,2.232150223607167,True,Close (within 5),-2.9294458148055456,7.126754104901646,0.018600161831464845
2025,MIN,3608,3573,4162,3999,4121.763296185365,4086.7061821286516,40.23670381463451,87.70618212865139,38.50815544706278,97.08118927201308,0,0,82,115.35476718403548,114.23955920691145,1.1152079771240164,1.0672992086214739,1.0566361295859903,111.92275398824518,114.37744702291216,2.4546930346669855,2.717077785390794,2.324574135400249,3.4320131957903044,3.5699010117910017,3.784376994012268,3.3812102649862394,True,Close (within 5),-1.4114459530640706,8.816497495365459,-2.1121403838976356
2025,NOP,3386,3501,3743,4194,3871.7154322259894,3991.6825631386682,-128.71543222598922,-202.3174368613317,-134.64922770162912,-180.97217049507196,0,0,82,110.54341405788541,114.34481489149408,-3.80140083360866,-3.976645826982549,-3.5893874017286453,119.79434447300771,114.01549737614019,-5.778847096867515,-5.169156540847528,-5.466561385067055,-9.250930415122298,-9.580247930476174,-9.145802367830077,-9.0559487867957,True,Close (within 5),-14.959427538822922,-4.243403182874815,1.3021890211257183
2025,NYK,3308,3272,3901,3713,3767.611308536259,3732.8227516135503,133.38869146374108,19.822751613550107,136.57615624209853,-6.107378570728086,0,0,81,117.92623941958888,113.89393314801266,4.0323062715762115,4.1286625224334506,3.802414237848948,113.47799511002445,114.0838249270645,0.6058298170400399,-0.18665582428875566,0.5709317861045538,4.44824430956443,4.6381360886162515,3.942006698144695,4.373346023953502,True,Close (within 5),-0.8074969953832125,10.248093934640838,-0.2244487316466488
2025,OKC,3099,2916,3755,3063,3523.8025088846985,3330.555903293745,231.19749111530155,267.5559032937449,239.29857170580175,291.13344604829786,0,0,81,121.16811874798321,113.7077285861471,7.460390161836125,7.721799667821934,7.008108248417749,105.04115226337449,114.21659476315997,9.175442499785492,9.98400020741762,8.58651807746293,16.12696648460873,16.635832661621617,17.705799875239556,15.594626325880679,True,Close (within 5),11.570838751930328,21.67237722736248,2.791224908777993
2025,ORL,3347,3335,3718,3647,3821.2373584479565,3810.9131061320195,-103.23735844795627,163.91310613201966,-116.06893290834529,152.09048682824067,0,0,80,111.0845533313415,114.1690277397059,-3.084474408364394,-3.4678498030578213,-2.9105542274585923,109.35532233883059,114.27025805493311,4.914935716102539,4.560434387653393,4.636862974031674,1.7292309925109066,1.8304613077381449,1.0925845845955715,1.7263087465730815,True,Close (within 5),-3.0704614711427016,6.522721254624778,1.7940712797808676
2025,PHI,3376,3485,3702,4114,3858.0984702064093,3973.3466121860433,-156.09847020640947,-140.6533878139565,-152.21884627864284,-143.53047044602295,0,0,81,109.6563981042654,114.28016795635098,-4.623769852085589,-4.508852081713354,-4.365169748501383,118.04878048780488,114.01281527076164,-4.035965217043228,-4.118521390129784,-3.816916901328535,-8.39238238353947,-8.659735069128818,-8.62737347184314,-8.182086649829918,True,Close (within 5),-13.841611339710784,-3.288002673000627,-1.3910453693824891
2025,PHX,3290,3343,3769,3928,3758.172187032776,3814.269186579781,10.827812967223764,-113.73081342021895,18.69176193846589,-111.83634157578618,0,0,81,114.55927051671732,114.2301576605707,0.32911285614661895,0.568138660743644,0.31025252055082414,117.49925216871074,114.09719373556031,-3.402058433150432,-3.3453886202747882,-3.2100144911154094,-2.9399816519934205,-3.0729455770038134,-2.777249959531144,-2.8997619705645854,True,Close (within 5),-8.87437158429818,2.365103033631536,0.06423492767914718
2025,POR,3205,3257,3557,3725,3660.335932878229,3715.4271960478873,-103.33593287822907,-9.572803952112576,-116.65074559865842,-0.966792544140785,0,0,80,110.98283931357254,114.20704938777625,-3.224210074203715,-3.639648848632088,-3.0348291594193557,114.36905127417869,114.07513650745739,-0.2939147667212949,-0.0296835291415654,-0.2769107304631928,-3.386211960606147,-3.51812484092501,-3.6693323777736535,-3.3117398898825483,True,Close (within 5),-9.11425255155449,1.7127161631152543,-0.6237413987847007
2025,SAC,3765,3786,4376,4398,4296.466848222275,4321.284628485334,79.53315177772465,-76.71537151466555,73.62797938736605,-73.4626717686164,0,0,81,116.22841965471447,114.11598534454914,2.1124343101653293,1.9555904219751938,2.005880246600874,116.1648177496038,114.13852690135589,-2.0262908482479016,-1.9403769616644586,-1.9246204594748004,0.06360190511067287,0.08614346191742772,0.015213460310735227,0.0812597871260734,True,Close (within 5),-4.8382136253840935,4.8589085271186345,-0.5620082946274803
2025,SAS,3289,3256,3709,3789,3753.2155975296823,3710.6778860851764,-44.215597529682114,-78.32211391482373,-53.811558205155734,-77.33443055026031,0,0,80,112.76983885679537,114.11418660777387,-1.3443477509784774,-1.6361069688402472,-1.2672856844276903,116.36977886977887,113.96430854069952,-2.405470329079353,-2.375136073410943,-2.266264870220594,-3.5999400129834953,-3.74981808005783,-4.01124304225119,-3.533550554648284,True,Close (within 5),-8.231691710848954,1.4229839948755962,-0.5320732351047317
2025,TOR,3543,3490,3924,3942,4048.061182380589,3985.1601821411637,-124.06118238058887,43.160182141163865,-125.70059111430479,32.912014261228585,0,0,82,110.75359864521592,114.25518437427571,-3.5015857290598045,-3.547857496875664,-3.314485235922759,112.9512893982808,114.18797083499035,1.2366814367095664,0.943037657914859,1.1696526325518664,-2.19769075306489,-2.264904292350238,-2.6048198389608053,-2.144832603370893,True,Close (within 5),-7.563255332026895,2.740599285101717,2.2996993270977217
2025,UTA,3200,3355,3448,4046,3656.875128145264,3820.373792778655,-208.87512814526417,-225.6262072213448,-207.57429645473582,-224.24887007718075,0,0,81,107.75,114.27734775453952,-6.527347754539505,-6.486696764210494,-6.1433861219195345,120.59612518628911,113.87105194571252,-6.725073240576596,-6.684019972494211,-6.3467287544682085,-12.846125186289115,-13.2524209951161,-13.170716736704705,-12.490114876387743,True,Close (within 5),-19.369271867498835,-8.115596158633124,-3.562168618154665
2025,WAS,3145,3228,3350,3816,3589.526831599947,3674.0480904690985,-239.5268315999469,-141.95190953090147,-232.5535478004973,-142.35125662577857,0,0,80,106.51828298887122,114.13439846104761,-7.6161154721763715,-7.394389437217721,-7.160742349774197,118.21561338289963,113.81809450028186,-4.397518882617765,-4.4098902300427065,-4.1409541870157955,-11.697330394028413,-12.013634354794137,-11.804279667260428,-11.301696536789994,True,Close (within 5),-18.108255048649678,-6.425246229891488,1.9845187754668832
2026,ATL,3366,3391,3873,3885,3868.1645066535543,3897.833643662587,4.835493346445558,12.83364366258693,11.806990553906104,22.59916328432328,0,0,82,115.06238859180036,114.9187316296362,0.143656962164158,0.35077214955157765,0.13559992558736841,114.5679740489531,114.94643596763747,0.37846191868436835,0.6664453932268734,0.35738356064012616,0.4944145428472524,0.5221188808485263,1.0172175427784511,0.49298348622749455,True,Close (within 5),-5.688405905962098,6.62896254420954,-1.893133005714748
2026,BKN,2869,2941,3116,3512,3304.8703256513977,3376.9000680576514,-188.87032565139776,-135.09993194234846,-191.7701427522851,-130.850954601983,0,0,82,108.6092715231788,115.19241288432895,-6.583141361150148,-6.684215501996692,-6.154132474793019,119.4151649098946,114.82149160345637,-4.593673306438234,-4.449199408431928,-4.301175802048662,-10.805893386715795,-11.176814667588381,-11.13341491042862,-10.45530827684168,True,Close (within 5),-18.40799806858268,-4.919336082015288,-0.6957131380275694
2026,BOS,3349,3245,4049,3618,3843.125843535371,3736.5898774551374,205.874156464629,118.58987745513738,218.45144018462338,115.0307490409082,0,0,82,120.9017617199164,114.75442948747003,6.147332232446373,6.522885643016524,5.800906071136349,111.49460708782743,115.14914876595185,3.6545416781244184,3.544861295559575,3.4423767040678483,9.407154632088961,9.80187391057079,10.0677469385761,9.243282775204197,True,Close (within 5),5.498055512078985,14.98823832938355,1.1429247436821868
2026,CHA,3327,3287,3995,3838,3822.279613615073,3780.4290308994327,172.720386384927,-57.5709691005672,170.44422723174821,-66.03761095119737,0,0,82,120.07814848211602,114.8866730873181,5.191475394797926,5.123060632153538,4.89709062616748,116.76300578034682,115.01153121081329,-1.751474569533532,-2.009054181661009,-1.6510171809741094,3.3151427017692043,3.440000825264394,3.1140064504925293,3.2460734451933706,True,Close (within 5),-1.6377273007718,9.427234236411211,-1.6103710365210757
2026,CHI,3693,3792,4084,4426,4248.063579351849,4353.309758814172,-164.063579351849,-72.69024118582823,-161.85732069017408,-65.07378149290336,0,0,82,110.58759815867857,115.03015378694418,-4.442555628265611,-4.382813991068889,-4.214322613713049,116.71940928270043,114.80247254256781,-1.916936740132601,-1.716080735572346,-1.8208978252962982,-6.131811124021851,-6.359492368398212,-6.098894726641235,-6.035220439009348,True,Close (within 5),-11.950924649256168,-1.2966035464383603,-1.0179761731055903
2026,CLE,3446,3456,4064,3959,3957.9891673059315,3972.658767425129,106.01083269406854,13.658767425129316,99.3804650037292,10.093725231987719,0,0,81,117.93383633197911,114.85749179645767,3.076344535521432,2.883936883451225,2.90759277822459,114.55439814814815,114.94961711299564,0.39521896484749175,0.29206380879594096,0.3735986713656815,3.379438183830956,3.471563500368924,3.176000692247166,3.2811914495902714,True,Close (within 5),-2.414612796014371,9.219780650183333,-1.1471652818291478
2026,DAL,3347,3526,3617,4156,3856.7388673117803,4049.27091496703,-239.73886731178013,-106.72908503297012,-243.32152644655883,-95.29323912946705,0,0,79,108.06692560501942,115.22972415033703,-7.162798545317601,-7.26983945164502,-6.758919292691855,117.86727169597278,114.84035493383521,-3.026916762137553,-2.7025876100245902,-2.864441358909558,-9.800346090953354,-10.189715307455154,-9.97242706166961,-9.623360651601413,True,Close (within 5),-15.870836528627473,-4.528265485023742,-4.581473718038834
2026,DEN,3907,3775,4752,4326,4474.35110787066,4332.797277215796,277.64889212934037,6.797277215796355,281.82717840875756,6.920953555202972,0,0,82,121.62784745328896,114.52140025264039,7.1064472006485895,7.213390796231318,6.760382082525941,114.59602649006622,114.77608681366348,0.18006032359725443,0.1833365180186218,0.17100068467412213,7.031820963222742,7.2865075242458435,7.396727314249939,6.931382767200063,True,Close (within 5),2.1984412832313267,12.499546943664859,1.8464182277472148
2026,DET,3426,3274,4087,3528,3932.7189801452337,3772.616569519859,154.28101985476613,244.61656951985896,157.75094931517734,253.14094194152534,0,0,80,119.29363689433742,114.79039638485796,4.503240509479455,4.60452274708632,4.254854380991896,107.75809407452657,115.22958367501097,7.471489600484391,7.731855282270169,7.041352029932613,11.535542819810857,11.974730109963847,12.336378029356489,11.296206410924508,True,Close (within 5),6.721024125073203,17.696633596134365,3.1513487536313196
2026,GSW,3562,3593,4041,4084,4095.6013160264115,4129.524851392908,-54.60131602641161,45.524851392908474,-66.89414944811904,36.64093224953126,0,0,79,113.44750140370579,114.98038506531194,-1.5328836616061652,-1.8779940889421405,-1.4513906439769166,113.66546061786808,114.93250351775418,1.2670428998861252,1.0197865919713682,1.200233361268349,-0.21795921416229191,-0.26584076172004,-0.8582074969707723,-0.25115728270856774,True,Close (within 5),-5.450174392848654,4.805877179294706,-0.3560355201933344
2026,HOU,3886,3888,4515,4385,4454.470845656988,4462.4522187288385,60.52915434301204,77.45221872883833,66.12432426232976,78.74211135121008,0,0,82,116.18630983015954,114.62868877140988,1.5576210587496666,1.7016038152941266,1.4813792056537456,112.78292181069959,114.77500562574173,1.9920838150421383,2.0252600656175432,1.8946237458130708,3.4033880194599533,3.549704873791805,3.7268638809116696,3.376002951466816,True,Close (within 5),-1.1714653416718923,8.03179460038881,-1.9890896376283078
2026,IND,3507,3577,3822,4214,4035.7215264669467,4105.525412827852,-213.72152646694659,-108.4745871721477,-208.1313529026566,-107.07091334765563,0,0,82,108.98203592814372,115.0761769736797,-6.094141045535974,-5.934740601729587,-5.7653500530603345,117.8082191780822,114.77566152719743,-3.032557650884755,-2.993316000773152,-2.8719774204963646,-8.826183249938481,-9.126698696420728,-8.928056602502739,-8.637327473556699,True,Close (within 5),-14.23345782919034,-4.1713210112507175,-0.8287663062607393
2026,LAC,3190,3176,3700,3620,3668.1538728221285,3654.789976703106,31.84612717787141,34.789976703105886,22.368828883241846,32.01147860195465,0,0,82,115.98746081504702,114.98914961824855,0.9983111967984768,0.7012172063712176,0.9394137810581537,113.97984886649874,115.07525115563936,1.0954022891406134,1.007918092001091,1.030508788599108,2.0076119485482735,2.09371348593909,1.7091352983723087,1.9699225696572618,True,Close (within 5),-3.6003008216198977,8.122674013286119,0.8539674491457432
2026,LAL,3165,3128,3732,3565,3637.0767568280025,3599.123689333775,94.92324317199765,34.12368933377515,97.19968889003266,33.763971959388044,0,0,80,117.91469194312796,114.9155373405372,2.9991546025907634,3.071080217694555,2.820898756968727,113.97058823529412,115.06149901962196,1.09091078432785,1.0794108682668813,1.0253512420004551,3.944103707833847,4.090065386918614,4.150491085961436,3.8462499989691823,True,Close (within 5),-1.72262973372846,10.022982029636148,2.5340474056217945
2026,MEM,3663,3755,4076,4496,4216.421589164859,4309.557671223023,-140.42158916485954,-186.44232877697692,-146.24788702326467,-179.09097990574182,0,0,81,111.27491127491128,115.10842449262515,-3.8335132177138833,-3.9925713083064336,-3.635039843770633,119.73368841544607,114.76851321499396,-4.965175200452116,-4.76940026380138,-4.714091751630264,-8.458777140534792,-8.798688418165998,-8.761971572107814,-8.349131595400896,True,Close (within 5),-13.693528321692582,-4.070894787010853,-2.25791400423779
2026,MIA,3669,3490,4345,3917,4216.837286479303,4017.5379299467713,128.1627135206971,100.53792994677154,138.11744355854586,109.33475792977312,0,0,81,118.42463886617607,114.93151503077958,3.493123835396487,3.7644438146237627,3.3125539808916287,112.23495702005731,115.11569999847482,2.8807429784175227,3.132801086812983,2.724605147608985,6.189681846118759,6.3738668138140095,6.897244901436746,6.037159128500614,True,Close (within 5),1.312513916710424,11.754597362279991,4.042526279234914
2026,MIL,3328,3458,3774,4175,3831.947761861792,3972.2663838963767,-57.94776186179187,-202.73361610362338,-61.238425442435954,-195.8603545733177,0,0,82,113.4014423076923,115.14266111363557,-1.7412188059432654,-1.8400969183424265,-1.642510256853511,120.73452862926547,114.8717866945164,-5.862741934749086,-5.663977865046782,-5.542198362592219,-7.3330863215731625,-7.603960740692351,-7.504074783389209,-7.184708619445731,True,Close (within 5),-13.271868801212818,-2.268856969760761,-1.1038736062208425
2026,MIN,3903,3846,4451,4277,4488.257539595257,4425.672344746357,-37.25753959525725,148.6723447463571,-38.35939472417124,159.71407152944107,0,0,82,114.04048168075839,114.99506891097252,-0.9545872302141237,-0.9828182096892452,-0.9080560466794357,111.20644825793032,115.07208384675916,3.8656355888288383,4.152731969044229,3.6745512789509918,2.834033422828071,2.9110483586147144,3.169913759354984,2.766495232271556,True,Close (within 5),-1.7719454463588706,7.675979237721689,-0.39915039014978015
2026,NOP,3647,3824,3998,4570,4197.3603279394565,4386.229385411852,-199.36032793945668,-183.7706145881484,-204.6233997244112,-183.68260126187428,0,0,81,109.62434877981903,115.09076852041284,-5.466419740593822,-5.610732101025808,-5.1822284361699165,119.50836820083683,114.70265129215093,-4.805716908685889,-4.803415304965332,-4.566864179625954,-9.884019421017797,-10.27213664927971,-10.414147405991141,-9.74909261579587,True,Close (within 5),-15.397320456808883,-5.1038567173162726,-5.466638436403181
2026,NYK,3392,3393,4002,3880,3897.1403327064777,3901.7322702150896,104.85966729352236,21.732270215089592,106.40788885023161,16.54528600972134,0,0,82,117.98349056603773,114.89210886516737,3.0913817008703526,3.1370250250657903,2.919255770977794,114.35307987032125,114.99358297126702,0.6405031009457587,0.48763000323375605,0.6048502703893569,3.6304106957164777,3.7318848018161113,3.6246550282995464,3.524106041367151,True,Close (within 5),-2.1586738033665185,9.518649666998206,-2.9890781273130855
2026,OKC,3398,3209,4127,3433,3896.1524782029687,3695.601597581405,230.84752179703136,262.6015975814049,235.48466480262434,275.65334932576076,0,0,80,121.45379635079459,114.66016710426629,6.793629246528292,6.930096080124318,6.415995603030333,106.98036771579932,115.16365215273933,8.18328443694001,8.590007769578085,7.703185614004251,14.473428634995273,14.976913683468302,15.520103849702402,14.119181217034583,True,Close (within 5),9.09201706478028,20.87499414053056,3.821025927480612
2026,ORL,3863,3759,4388,4148,4442.270041667121,4327.39960787738,-54.270041667120985,179.3996078773795,-59.87238034968957,181.98162550474837,0,0,81,113.59047372508414,114.99534148762935,-1.4048677625451977,-1.549893356191809,-1.33571355321489,110.34849694067572,115.12103239897259,4.772535458296874,4.841224408213577,4.531437430598118,3.241976784408422,3.367667695751676,3.2913310520217682,3.1957238773832284,True,Close (within 5),-1.0786695889113735,7.62105648236616,2.6338729503804204
2026,PHI,3713,3720,4317,4292,4263.651165215343,4273.634499599575,53.34883478465696,-18.36550040042527,47.70718610811359,-17.68670233732512,0,0,80,116.26716940479396,114.83035726408143,1.4368121407125494,1.2848690037197306,1.3633742597663419,115.3763440860215,114.88264783869826,-0.49369624732325995,-0.4754489875625032,-0.46850766327615484,0.8908253187724569,0.9431158933892894,0.8094200161572274,0.894866596490187,True,Close (within 5),-4.092294865029555,6.057587150616299,1.2198926659834095
2026,PHX,3524,3446,4073,3849,4048.86316467056,3964.005417838845,24.13683532944018,115.00541783884498,23.714793463012615,125.35946210685421,0,0,80,115.5788876276958,114.89396040495346,0.6849272227423434,0.6729510063283943,0.6481427317250318,111.69471851421939,115.03207828899725,3.3373597747778576,3.6378253658402264,3.154290121745611,3.8841691134764176,4.022286997520201,4.310776372168621,3.8024328534706426,True,Close (within 5),-2.0511753214641257,9.480508925872828,2.5671948523550046
2026,POR,3688,3740,4195,4285,4241.301325866781,4300.405061451984,-46.30132586678031,15.405061451983936,-50.51418577493346,22.172909243563772,0,0,82,113.7472885032538,115.00274744758083,-1.2554589443270148,-1.3696905036587164,-1.1908777229110161,114.57219251336899,114.98409255219208,0.4119000388230999,0.592858535924165,0.3909914074107598,-0.8249040101151905,-0.8435589055039149,-0.7768319677345513,-0.7998863155002564,True,Close (within 5),-6.352030644638474,4.665290632005748,-0.3783532778021311
2026,SAC,3437,3591,3787,4362,3954.2008744049676,4117.873610366169,-167.20087440496783,-244.12638963383102,-165.28157683173052,-238.02169475788392,0,0,82,110.18329938900203,115.0480324237698,-4.864733034767758,-4.808890801039585,-4.597219532718389,121.47034252297411,114.67205821125503,-6.798284311719049,-6.62828445441058,-6.439630430858112,-11.287043133972077,-11.663017346486807,-11.437175255450164,-11.0368499635765,True,Close (within 5),-17.29192920156352,-6.53729825886371,-1.169616972916275
2026,SAS,3396,3141,4203,3405,3894.7040458162905,3617.5413081702854,308.29595418370945,212.54130817028536,310.37570666787445,220.43002768095215,0,0,81,123.76325088339223,114.6850425740957,9.07820830929651,9.139449548523983,8.57330239665488,108.40496657115568,115.17164304903805,6.766676477882374,7.017829598247442,6.361607547748739,15.358284312236549,15.844884787178884,16.157279146771423,14.934909944403618,True,Close (within 5),11.436113101099334,20.885945467367463,6.77951669756199
2026,TOR,3333,3289,3853,3668,3831.5266371036028,3785.1371769028806,21.47336289639708,117.13717690288053,21.33856267741763,124.07376810750542,0,0,82,115.60156015601561,114.95729484259235,0.6442653134232547,0.6402209024127702,0.6077940248060312,111.5232593493463,115.08474238075038,3.5614830314040904,3.772385774019624,3.3573280854938528,4.078300806669304,4.205748344827345,4.412606676432394,3.965122110299884,True,Close (within 5),-2.021377714927223,10.22620325067504,1.2738690045572607
2026,UTA,3197,3327,3473,3983,3680.9278582425695,3818.8417038738194,-207.92785824256939,-164.15829612618072,-205.80185555382246,-166.40246643891197,0,0,79,108.63309352517986,115.1369364480003,-6.5038429228204375,-6.437342995114872,-6.12092605953987,119.71746318004207,114.78333946119083,-4.934123718851239,-5.001576989447309,-4.654332183900786,-11.084369654862215,-11.437966641671675,-11.438919984562181,-10.775258243440657,True,Close (within 5),-16.695220315415632,-6.412521809522512,-2.916056603041527
2026,WAS,2852,3006,3078,3731,3284.2397331925654,3446.0785499949093,-206.23973319256558,-284.9214500050909,-200.01835754872377,-282.91699854732593,0,0,81,107.92426367461431,115.15567086930454,-7.231407194690238,-7.013266393714017,-6.75752729988747,124.11842980705256,114.64000498985062,-9.478424817201958,-9.411743131980238,-8.887131940271082,-16.194166132438255,-16.709832011892196,-16.425009525694254,-15.644659240158553,True,Close (within 5),-23.886320311987042,-11.121881150751186,-3.822115931471254
2023,ATL,346,351,379,440,396.24723544080445,399.9818700193983,-17.24723544080443,-40.01812998060173,-16.086587812950743,-39.66300363483938,0,0,41,109.53757225433526,114.52232238173539,-4.984750127400125,-4.649302836112931,-3.1588343298176613,125.35612535612536,113.95494872347528,-11.401176632650065,-11.300001035566774,-7.262818508276176,-15.818553101790101,-16.38592676005019,-15.949303871679707,-10.421652838093838,True,"Clutch (last 5, within 5)",-32.4506092734848,-0.8695887379988964,-16.945212341624742
2023,BKN,243,239,301,285,279.4147458196536,275.0887801776574,21.585254180346368,-9.911219822342597,20.58433433635208,-8.741518703411208,0,0,36,123.86831275720165,114.98549210685334,8.8828206503483,8.47091947998028,4.872517873667352,119.24686192468619,115.09990802412443,-4.146953900561756,-3.657539206448204,-2.2576810529254208,4.621450832515464,4.7358667497865445,4.813380273532076,2.6148368207419312,False,"Clutch (last 5, within 5)",-15.57744415380819,27.46788586795643,3.353079130623472
2023,BOS,324,297,377,339,367.3584933593361,336.49639751305017,9.641506640663946,-2.503602486949822,13.154923717040163,-1.0620393480103933,0,0,35,116.35802469135803,113.38225103683212,2.9757736545259093,4.060161641061779,1.839982183332814,114.14141414141415,113.29845034109434,-0.8429638003198054,-0.35758900606410554,-0.5037429551206886,2.21661054994388,2.132809854206104,3.702572634997673,1.3362392282121256,False,"Clutch (last 5, within 5)",-15.675270368179424,21.279621588707105,-5.76528405044763
2023,CHA,313,308,363,365,358.1200128081721,352.04332028967383,4.879987191827922,-12.956679710326153,4.469676276074818,-11.999913275300049,0,0,42,115.97444089456869,114.41533955532655,1.5591013392421478,1.4280115898002614,0.9512645598105112,118.50649350649351,114.29977931482918,-4.206714191664335,-3.896075738733782,-2.550527502032707,-2.5320526119248257,-2.647612852422187,-2.4680641489335207,-1.599262942222196,True,"Clutch (last 5, within 5)",-19.59990418277541,18.405315121069982,5.291145185471157
2023,CHI,296,304,338,354,338.6320700462352,347.4410346859664,-0.6320700462351894,-6.558965314033644,-1.173749300777841,-4.391015123960524,0,0,35,114.1891891891892,114.40272636697134,-0.21353717778215855,-0.3965369259384598,-0.12743347706354624,116.44736842105263,114.2898140414363,-2.15755437961633,-1.4444128697238565,-1.301382006752707,-2.258179231863437,-2.3710915573984885,-1.8409497956623162,-1.4288154838162535,False,"Clutch (last 5, within 5)",-19.59418085000634,15.108910926213783,-3.967898874804442
2023,CLE,298,299,337,313,340.3599860652966,342.98656525123886,-3.3599860652965727,29.986565251238865,-1.8711036578424445,30.40480869888828,0,0,43,113.08724832214764,114.21476042459618,-1.1275121024485142,-0.6278871335041759,-0.6746959970475045,104.68227424749163,114.71122583653474,10.0289515890431,10.168832340765311,6.009331713675124,8.40497407465601,8.901439486594585,9.540945207261135,5.334635716627619,False,"Clutch (last 5, within 5)",-12.32247161879754,28.00186204950813,1.571826201018128
2023,DAL,400,397,443,448,458.20596767969937,454.32947083175475,-15.205967679699368,6.3294708317547475,-16.84964354752589,5.783927082390502,0,0,53,110.75,114.55149191992484,-3.801491919924842,-4.2124108868814725,-2.5343279466165614,112.84634760705289,114.44067275359062,1.5943251465377197,1.4569085849850132,1.0602128696406612,-2.0963476070528912,-2.2071667733871223,-2.7555023018964593,-1.4741150769759002,True,"Clutch (last 5, within 5)",-19.123790632770252,14.709207856293405,-2.4690268061977254
2023,DEN,265,249,296,244,305.29852708799456,287.787255403943,-9.298527087994538,43.787255403942986,-10.432878000158839,44.02614937430206,0,0,34,111.69811320754717,115.2069913539602,-3.5088781464130334,-3.936935094399562,-1.9996832447300081,97.99196787148594,115.5772110055996,17.585243134113647,17.68118448767151,9.752172695755675,13.706145336061226,14.076364987700613,13.744249393271947,7.752489451025667,False,"Clutch (last 5, within 5)",-8.238114473426272,34.17370557146732,9.66350283928071
2023,DET,247,270,274,349,282.9507317878052,308.0244894873606,-8.9507317878052,-40.9755105126394,-10.466768839223572,-43.835754845480885,0,0,35,110.93117408906883,114.55495214081182,-3.6237780517429963,-4.237558234503471,-2.0024008473837136,129.25925925925927,114.083144254578,-15.176115004681261,-16.235464757585515,-8.71819372609349,-18.328085170190434,-18.799893056424256,-20.473022992088985,-10.720594573477204,False,"Clutch (last 5, within 5)",-43.04898595106459,-0.16488605624272828,-8.617860593127215
2023,GSW,329,330,359,340,377.6395436005535,379.49994385914806,-18.63954360055352,39.49994385914804,-18.746806502795923,39.48411482282126,0,0,40,109.11854103343465,114.78405580563937,-5.665514772204717,-5.698117478053472,-3.523543213715221,103.03030303030303,114.99998298762061,11.969679957317588,11.964883279642807,7.452819596065668,6.088238003131622,6.304165185112871,6.266765801589335,3.9292763823504466,True,"Clutch (last 5, within 5)",-16.31041927008156,27.08968966936008,4.176443804835365
2023,HOU,252,269,249,286,291.0852759328559,310.48688954848626,-42.0852759328559,24.48688954848626,-42.34913897722513,24.67011741255863,0,0,39,98.80952380952381,115.51003013208566,-16.700506322561868,-16.80521387985124,-9.310901755056616,106.31970260223048,115.42263551988337,9.102932917652884,9.171047365263432,5.221085191574896,-7.510178792706668,-7.597573404908983,-7.634166514587809,-4.08981656348172,False,"Clutch (last 5, within 5)",-30.586805250224334,14.586167621062167,2.020789178920987
2023,IND,303,312,345,356,348.69047792415915,359.12505053300754,-3.690477924159156,3.1250505330075544,-2.313342220216261,3.005802368205125,0,0,45,113.86138613861387,115.07936565153767,-1.2179795129238138,-0.763479280599426,-0.7336934242861145,114.1025641025641,115.10418286314344,1.0016187605793443,0.9633981949375402,0.610361432228038,-0.2411779639502356,-0.2163607523444695,0.19991891433811415,-0.12333199205807654,True,"Clutch (last 5, within 5)",-25.24619488705536,22.368269899987453,3.5345713965250196
2023,LAC,274,252,319,288,313.5769858946519,288.881743234742,5.423014105348083,0.881743234741958,4.057127480395437,1.1574343256266935,0,0,41,116.42335766423358,114.44415543600434,1.9792022282292276,1.4807034599983346,1.1440958028160515,114.28571428571429,114.63561239473889,0.3498981090245865,0.45929933556614816,0.19507593688981373,2.137643378519286,2.329100337253814,1.9400027955644827,1.3391717397058653,False,"Clutch (last 5, within 5)",-19.907321984153324,26.295421023697664,2.034366821940068
2023,LAL,332,315,405,377,378.74458974649457,359.09652573411296,26.25541025350541,-17.903474265887056,25.811774372243715,-14.908669956755318,0,0,44,121.98795180722891,114.07969570677548,7.908256100453437,7.774630835013166,4.935227491260416,119.68253968253968,113.99889705844855,-5.683642624091129,-4.732911097382641,-3.4764027700751563,2.3054121246892265,2.2246134763623084,3.041719737630525,1.4588247211852594,True,"Clutch (last 5, within 5)",-15.348327370610235,20.150818419769763,1.907640037757761
2023,MEM,219,195,262,249,250.9849474135867,223.06479547916695,11.015052586413315,-25.93520452083306,8.172281520982985,-25.44198658096978,0,0,32,119.63470319634703,114.60499881898936,5.029704377357678,3.7316353977091254,2.62889083207955,127.6923076923077,114.3922028098292,-13.300104882478493,-13.047172605625528,-6.5658745622362185,-8.05760449596066,-8.270400505120815,-9.315537207916403,-3.9369837301566686,False,"Clutch (last 5, within 5)",-36.132415293838996,19.25259365776356,-13.465485239010896
2023,MIA,409,403,492,413,468.84471363276316,465.29092992987694,23.155286367236823,52.29092992987695,22.718079786163017,51.431666851066296,0,0,54,120.29339853300733,114.63195932341398,5.661439209593355,5.554542735003182,3.802181669497015,102.48138957816377,115.45680643421264,12.975416856048872,12.762200211182703,8.67179600827147,17.812008954843563,18.636856065642228,18.316742946185887,12.473977677768485,True,"Clutch (last 5, within 5)",5.224161127649441,31.519833113670302,19.071587183222658
2023,MIL,249,225,290,239,284.3154334186023,257.1383917512629,5.684566581397686,18.138391751262844,6.398667110826368,19.519794772118395,0,0,33,116.46586345381526,114.18290498739049,2.2829584664247733,2.569745827641112,1.266050463562959,106.22222222222223,114.28372966722795,8.061507445005708,8.675464343163732,4.267856882650081,10.243641231593031,10.34446591143048,11.245210170804844,5.53390734621304,False,"Clutch (last 5, within 5)",-14.280510280831514,37.148068251538845,5.72866657893646
2023,MIN,298,287,311,311,343.2136409573587,330.20824816000226,-32.21364095735867,19.208248160002277,-33.15842898058419,20.575025418752674,0,0,43,104.36241610738254,115.17236273736867,-10.80994662998613,-11.126989590800063,-6.468602601879251,108.36236933797909,115.0551387317081,6.692769393729016,7.168998403746577,3.9441988008218227,-3.999953230596546,-4.117177236257115,-3.9579911870534863,-2.5244038010574283,False,"Clutch (last 5, within 5)",-22.843092285846208,16.610690841438217,-4.591341285004331
2023,NOP,283,269,338,302,323.1418234404795,307.6939932393285,14.858176559520484,5.693993239328479,14.80438977149363,5.581435268973745,0,0,36,119.43462897526501,114.18438990829665,5.250239066968369,5.231233134803403,3.076227030956622,112.26765799256506,114.3843841038396,2.1167261112745277,2.0748829996184925,1.2140710531617225,7.166970982699951,7.366965178242896,7.306116134421895,4.290298084118344,False,"Clutch (last 5, within 5)",-11.773895861398579,25.942590525312806,4.854046262396151
2023,NYK,367,396,422,495,419.0901407377852,449.83185023473635,2.9098592622148063,-45.168149765263635,5.389580275717654,-45.273735239462106,0,0,45,114.98637602179836,114.19349883863356,0.7928771831647973,1.468550483846772,0.5132026917486431,125.0,113.59390157442837,-11.406098425571624,-11.432761424106591,-7.578548618332825,-10.013623978201636,-10.613221242406826,-9.964210940259818,-7.065345926584182,True,"Clutch (last 5, within 5)",-28.474538934403817,7.947457181516131,-14.421398148676762
2023,OKC,323,336,339,381,370.43210498347827,384.46017705952653,-31.432104983478258,3.4601770595265164,-32.05375606788777,2.471578511378823,0,0,43,104.95356037151703,114.68486222398708,-9.731301852470049,-9.923763488510144,-6.009962711946129,113.39285714285714,114.4226717439067,1.0298146010495584,0.7355888426722688,0.6455554215534546,-8.43929677134011,-8.70148725142049,-9.188174645837876,-5.364407290392675,True,"Clutch (last 5, within 5)",-26.677152432880735,8.8395956875926,-9.369894638157996
2023,ORL,285,295,338,367,326.87400525438966,337.6626400575578,11.125994745610356,-29.33735994244223,10.596392005343498,-28.460258514238216,0,0,43,118.59649122807018,114.69263342259286,3.9038578054773176,3.718032282576666,2.294019535177393,124.40677966101696,114.46191188391789,-9.944867777099061,-9.647545259063802,-5.9267393823115615,-5.810288432946777,-6.041009971621744,-5.929512976487136,-3.6327198471341684,False,"Clutch (last 5, within 5)",-22.704547477627003,10.390100752344507,-2.6348554810800624
2023,PHI,328,327,380,317,374.9920587414837,376.0199010406214,5.0079412585163485,59.019901040621406,5.823634697903332,59.42713601993441,0,0,44,115.85365853658537,114.32684717728162,1.5268113593037649,1.7754983835071134,0.9484737232038539,96.94189602446484,114.99079542526648,18.048899400801652,18.173436091723058,11.199222208846567,18.911762512120532,19.575710760105416,19.94893447523017,12.147695932050421,True,"Clutch (last 5, within 5)",0.5443180129288336,40.32924389160875,14.078580155502713
2023,PHX,271,266,306,318,311.19523000412926,304.89159452709924,-5.195230004129254,-13.108405472900762,-7.041690252214837,-12.086106804491143,0,0,34,112.91512915129151,114.83218819340563,-1.9170590421141158,-2.5984096871641467,-1.1030212322992046,119.54887218045113,114.62090019815761,-4.927971982293519,-4.543649174620731,-2.812962547832781,-6.633743029159618,-6.845031024407635,-7.142058861784877,-3.9159837801319854,False,"Clutch (last 5, within 5)",-29.724751888287386,15.61308070948036,-9.088716402061475
2023,POR,281,296,326,344,323.5158155086953,340.5516486755251,2.484184491304682,-3.448351324474914,2.4869773092261998,-2.7087454557445607,0,0,36,116.01423487544484,115.13018345505171,0.8840514203931253,0.8850453057744483,0.5164624722047156,116.21621621621621,115.05123266065036,-1.1649835555658494,-0.9151167080218111,-0.6952321218699424,-0.20198134077136842,-0.2809321351727241,-0.030071402247362822,-0.1787696496652268,False,"Clutch (last 5, within 5)",-23.473013187153867,25.108280535498782,4.3578758602782415
2023,SAC,345,341,464,429,392.6251830537229,389.200356933101,71.37481694627715,-39.79964306689901,70.59611215986122,-41.143431268417075,0,0,42,134.4927536231884,113.80440088513706,20.68835273805135,20.462641205756878,13.096296687390304,125.80645161290323,114.13500203316745,-11.671449579735778,-12.065522366104712,-7.3566807887059165,8.686302010285175,9.016903158315571,8.397118839652165,5.739615898684387,True,"Clutch (last 5, within 5)",-8.827009435621182,26.523895148036924,6.547267399149284
2023,SAS,212,222,220,261,242.11615638106548,252.30570214974483,-22.11615638106548,-8.694297850255179,-22.830139562802202,-7.936252969949534,0,0,27,103.77358490566037,114.20573414201202,-10.432149236351641,-10.768933756038773,-5.367999121617835,117.56756756756756,113.65121718456975,-3.916350382997828,-3.574888725202493,-2.0602601540889047,-13.793982661907194,-14.34849961934947,-14.343822481241267,-7.42825927570674,False,"Clutch (last 5, within 5)",-38.81419571404319,11.197297421392076,-2.0704530858021872
2023,TOR,287,289,324,337,329.0019027047505,331.0868261927389,-5.001902704750484,-5.913173807261112,-4.230597924107689,-3.6615942851610015,0,0,42,112.89198606271778,114.6348093047911,-1.7428232420733394,-1.4740759317448395,-1.0270847443019475,116.60899653979239,114.5629156376259,-2.0460809021664748,-1.2669876419242219,-1.2092379973949103,-3.7170104770746093,-3.7889041442398144,-2.741063573669061,-2.236322741696858,False,"Clutch (last 5, within 5)",-24.86028815393772,16.25823296119099,-5.559485289524088
2023,UTA,353,377,426,432,404.3202229837192,432.58375580703546,21.679777016280795,0.5837558070354578,22.031813236309084,1.6136488264789555,0,0,49,120.6798866855524,114.53830679425474,6.141579891297676,6.241306865809939,3.920393673830162,114.58885941644563,114.7437018055797,0.1548423891340737,0.42802356140025344,0.10117085043942076,6.091027269106775,6.29642228043175,6.669330427210193,4.021564524269583,True,"Clutch (last 5, within 5)",-10.103628785392154,21.271147171514134,8.073469181811024
2023,WAS,266,282,284,328,306.3173280916712,323.9889662715047,-22.317328091671214,-4.011033728495289,-21.46372182417918,-4.860721153750443,0,0,40,106.76691729323308,115.15689026002676,-8.38997296679369,-8.069068354954581,-4.789126199929445,116.31205673758865,114.8897043515974,-1.4223523859912373,-1.723659983599448,-0.8321646739616783,-9.54513944435557,-9.812325352784928,-9.79272833855403,-5.621290873891123,False,"Clutch (last 5, within 5)",-28.464306030012928,10.237025129244282,-8.667835159424234
2024,ATL,341,345,374,432,401.8274690849861,404.0695145593917,-27.827469084986106,-27.930485440608322,-25.88929394737117,-29.46327410293234,0,0,47,109.6774193548387,117.83796747360296,-8.160548118764254,-7.592168313012073,-5.143709627539021,125.21739130434783,117.12159842301209,-8.095792881335745,-8.540079450125315,-5.124859713873087,-15.539971949509123,-16.2563410001,-16.13224776313739,-10.268569341412107,True,"Clutch (last 5, within 5)",-31.666412889741192,-0.3894412937358281,-13.49736994657762
2024,BKN,317,309,366,369,372.6727000706399,362.81403474629434,-6.672700070639918,-6.1859652537056355,-9.436758708854102,-9.265925558057011,0,0,35,115.45741324921136,117.56236595288325,-2.1049527036718985,-2.9768954917520825,-1.2906576538955354,119.41747572815534,117.41554522533798,-2.0019305028173577,-2.9986814103744375,-1.2153173386455078,-3.960062478943982,-4.106883206489256,-5.9755769021265195,-2.5059749925410433,True,"Clutch (last 5, within 5)",-22.19355647014986,17.05159522036468,-1.2177262239299624
2024,BOS,236,208,296,226,275.3197522112815,243.13364637373598,20.6802477887185,17.133646373735985,20.78259524030305,17.5658051450869,0,0,32,125.42372881355932,116.66091195393285,8.762816859626483,8.806184423857225,4.743176098329931,108.65384615384616,116.89117614121922,8.23732998737307,8.445098627445626,4.199423130817643,16.76988265971316,17.000146846999552,17.25128305130285,8.942599229147575,False,"Clutch (last 5, within 5)",-5.1498002579074456,42.847102925584124,4.133524026222181
2024,CHA,229,255,266,311,270.45733122893984,300.6907753078071,-4.457331228939835,-10.309224692192902,-5.934763100987531,-10.873440594381384,0,0,34,116.15720524017468,118.1036380912401,-1.94643285106543,-2.5915996074181358,-1.039004948470824,121.96078431372548,117.91795110110083,-4.042833212624667,-4.264094350737798,-2.2657636686138245,-5.803579073550807,-5.989266063690097,-6.855693958155934,-3.3047686170846484,False,"Clutch (last 5, within 5)",-35.21123919298711,20.878362204339183,5.486498840073091
2024,CHI,383,364,499,376,444.86508628212323,428.2535342836517,54.13491371787674,52.25353428365165,54.17171323834518,51.43341201997698,0,0,42,130.28720626631855,116.15276404232982,14.134442223988707,14.144050453876025,9.285576967045754,103.2967032967033,117.65206985814606,14.35536656144276,14.130058247246422,9.264811043200648,26.99050296961525,28.489808785431467,28.274108701122447,18.5503880102464,True,"Clutch (last 5, within 5)",13.173472772192131,43.71665049735377,30.290575732056638
2024,CLE,273,279,311,332,321.35488698989013,327.99265487824783,-10.354886989890137,-4.0073451217521825,-10.904280204607868,-2.8037454438077676,0,0,40,113.91941391941391,117.71241281680958,-3.792998897395655,-3.9942418331896956,-2.189193866784384,118.99641577060932,117.5600913542107,-1.4363244163986317,-1.0049266823683753,-0.836606497234276,-5.077001851195405,-5.2293233137942865,-4.999168515558071,-3.0258003640186604,False,"Clutch (last 5, within 5)",-24.711855799960418,15.07847257116689,-7.8805357903386035
2024,DAL,212,186,287,214,249.2716033993705,219.78195103313493,37.7283966006295,5.781951033134916,39.599362191046104,5.560078323474225,0,0,30,135.37735849056602,117.58094499970306,17.796413490862975,18.678944429738728,9.157377815686772,115.05376344086021,118.1623392651263,3.1085758242660844,2.989289421222702,1.4979147754235536,20.323595049705816,20.904989315129058,21.66823385096143,10.655292591110324,False,"Clutch (last 5, within 5)",-10.527141592193013,49.64276797792476,18.392357308106472
2024,DEN,269,251,348,258,316.72899204051953,298.4165847820901,31.271007959480492,40.41658478209014,32.5336604391317,41.937409220030204,0,0,39,129.36802973977694,117.74311971766525,11.624910022111708,12.094297561015502,6.667592315454263,102.78884462151395,118.89106963429886,16.102225012784917,16.708131163358647,8.961548732170762,26.579185118263,27.727135034896627,28.80242872437415,15.629141047625025,False,"Clutch (last 5, within 5)",8.55422579412136,48.444952758393136,22.070237286876644
2024,DET,189,216,192,289,223.82566739278877,253.5440566253322,-31.82566739278877,-35.45594337466781,-32.36748832845139,-36.15343413193438,0,0,32,101.58730158730158,118.42627904380359,-16.838977456501993,-17.12565520023883,-8.18140549943156,133.7962962962963,117.38150769691305,-16.414788599383247,-16.737700987006658,-8.523063311218225,-32.20899470899472,-33.25376605588524,-33.863356187245486,-16.704468810649786,False,"Clutch (last 5, within 5)",-59.88726747691297,-6.059635065459571,-23.497207089505352
2024,GSW,322,306,390,384,377.83254103227773,358.108910396055,12.167458967722288,-25.891089603944977,14.174961692790461,-21.8027118438033,0,0,48,121.11801242236025,117.3392984572291,3.7787139651311454,4.402162016394553,2.330930836728408,125.49019607843137,117.0290556849853,-8.46114039344607,-7.1250692300010785,-5.116816127261853,-4.372183656071115,-4.682426428314925,-2.7229072136065255,-2.785885290533445,True,"Clutch (last 5, within 5)",-21.5065644547174,12.897253407048437,-7.5431708148886125
2024,HOU,272,297,319,378,318.54103783991343,346.39828066878056,0.45896216008657564,-31.601719331219464,-0.4332577098320556,-31.631988771506347,0,0,38,117.27941176470588,117.11067567643876,0.16873608826712339,-0.15928592273237338,0.09723774578105415,127.27272727272727,116.63241773359616,-10.640309539131133,-10.650501269867457,-6.358494835255425,-9.993315508021382,-10.47157345086401,-10.80978719259983,-6.261257089474371,False,"Clutch (last 5, within 5)",-30.483074863506246,7.752006491485282,-11.290693061204932
2024,IND,245,251,294,313,289.1814514744758,295.9686535307614,4.81854852552419,-17.031346469238624,5.446746810872234,-17.575204849016064,0,0,35,120.0,118.03324549978603,1.966754500213955,2.2231619636213202,1.0828198933762225,124.7011952191235,117.91579821942685,-6.785396999696663,-7.00207364502632,-3.776351767015216,-4.701195219123505,-4.818642499482708,-4.778911681404999,-2.6935318736389933,False,"Clutch (last 5, within 5)",-22.178065463800284,10.967301097917288,-7.867151671299743
2024,LAC,236,233,308,259,278.0175485612247,276.27459665723944,29.98245143877531,17.27459665723944,30.95570750014756,17.038726352626615,0,0,40,130.5084745762712,117.80404600051895,12.70442857575225,13.116825211926932,6.876709045590667,111.1587982832618,118.57278826490963,7.413989981647827,7.312758091256058,3.9895142395472143,19.349676293009395,20.118418557400076,20.42958330318299,10.866223285137881,False,"Clutch (last 5, within 5)",-4.985115712625546,49.12140608599129,16.49374672447703
2024,LAL,267,267,340,310,310.5862264465154,312.1397147916007,29.413773553484575,2.1397147916006674,29.1198533638834,4.981526639485697,0,0,32,127.34082397003745,116.32442938071739,11.016394589320065,10.906312121304644,6.2984525810459475,116.10486891385767,116.90626022157329,0.8013913077156057,1.8657403144141187,0.4581830388866525,11.235955056179776,11.817785897035671,12.772052435718763,6.7566356199326,False,"Clutch (last 5, within 5)",-7.369164809684821,30.92023085513027,10.883182241655101
2024,MEM,229,232,237,265,270.2030872792086,273.0046996871926,-33.20308727920862,8.004699687192641,-33.30293403737336,8.666409151935909,0,0,33,103.4934497816594,117.9926145324055,-14.499164750746122,-14.542765955184874,-7.739647384430913,114.22413793103448,117.67443952034165,3.450301589307173,3.735521186179271,1.852939742405704,-10.730688149375084,-11.048863161438948,-10.807244769005603,-5.8867076420252085,False,"Clutch (last 5, within 5)",-34.18333311292315,16.557105324082322,-3.2706540965414064
2024,MIA,255,264,264,314,301.9330625363629,311.0567768227496,-37.933062536362904,-2.9432231772503776,-40.848160852297625,-2.462894419170345,0,0,40,103.52941176470588,118.40512256327958,-14.875710798573689,-16.018886608744165,-8.33693682117866,118.93939393939394,117.82453667528394,-1.1148572641099914,-0.9329145527160398,-0.6343153399246503,-15.409982174688054,-15.99056806268368,-16.951801161460203,-8.971252161103312,False,"Clutch (last 5, within 5)",-35.573737878600205,4.32840553557371,-18.1374147040737
2024,MIL,296,283,376,331,346.4871104087825,332.1792186990034,29.512889591217494,1.1792186990033893,27.651469661230504,0.4277825956853665,0,0,38,127.02702702702703,117.05645621918326,9.970570807843748,9.341712723388683,5.950179353068044,116.96113074204948,117.37781579470085,0.41668505265137434,0.1511599278040164,0.24414465817875555,10.065896284977555,10.387255860495122,9.4928726511927,6.194324011246799,False,"Clutch (last 5, within 5)",-10.509013653156403,35.39752397397209,7.339065573676602
2024,MIN,252,245,272,300,296.72516272804563,286.9517290605471,-24.725162728045635,-13.048270939452896,-23.855888321228747,-8.867912056025258,0,0,33,107.93650793650794,117.74808044763715,-9.81157251112922,-9.466622349693948,-5.470168745142839,122.44897959183673,117.12315471859065,-5.32582487324608,-3.619555941234799,-2.932195716730988,-14.512471655328795,-15.137397384375301,-13.086178290928746,-8.402364461873827,False,"Clutch (last 5, within 5)",-37.06637763637777,7.897217269898673,-22.492516371178937
2024,NOP,173,161,185,190,204.49424991840382,190.0107087933779,-19.494249918403813,0.010708793377887105,-19.807127516706764,-1.3792714788567464,0,0,28,106.9364161849711,118.20476873896176,-11.268352553990644,-11.449206657055933,-5.226340460698073,118.01242236024845,118.01907378470676,0.006651424458314972,-0.8566903595383517,0.0029664247584174804,-11.076006175277357,-11.261701129532328,-12.305897016594285,-5.223374035939655,False,"Clutch (last 5, within 5)",-36.55259245936243,17.829211939217622,-17.070494578399185
2024,NYK,220,211,275,225,258.52516186661666,248.98083694352442,16.47483813338337,23.980836943524423,15.362527442658044,23.984496728574477,0,0,33,125.0,117.51143721209849,7.4885627879015315,6.98296701939002,3.922580507948421,106.63507109004739,118.00039665569878,11.365325565651386,11.36706006093577,5.834753514239519,18.36492890995261,18.853888353552918,18.35002708032579,9.75733402218794,False,"Clutch (last 5, within 5)",-3.0380808136420114,40.003761407650586,13.900741339644757
2024,OKC,256,251,346,303,299.39527306726814,294.5916394896912,46.60472693273184,-8.408360510308801,47.81598555379639,-7.416054790854773,0,0,37,135.15625,116.95127854190162,18.204971458098377,18.678119356951715,10.220334853669264,120.71713147410358,117.36718704768573,-3.3499444264178493,-2.954603502332579,-1.8643814878733485,14.439118525896419,14.855027031680528,15.723515854619135,8.355953365795916,False,"Clutch (last 5, within 5)",-4.891651939785985,33.894204168308114,6.75093028223732
2024,ORL,251,234,277,255,295.578622450428,275.7759800157292,-18.578622450427993,20.77598001572921,-20.857006129457226,21.967709617938013,0,0,35,110.35856573705179,117.76040735076812,-7.401841613716332,-8.30956419500288,-4.119428481247892,108.97435897435898,117.85298291270479,8.878623938345816,9.387910093135902,4.787092169522859,1.3842067626928127,1.4767823246294842,1.0783458981330227,0.6676636882749669,False,"Clutch (last 5, within 5)",-19.027903290555194,20.778546203449437,-0.7685317379886136
2024,PHI,260,269,321,325,305.150776510701,315.9843465232467,15.849223489299018,-9.015653476753307,16.107187756210706,-8.332963240656209,0,0,36,123.46153846153847,117.36568327334653,6.09585518819193,6.195072213927195,3.445483367238917,120.817843866171,117.46629982276829,-3.3515440434027166,-3.097755851545059,-1.9223141741478267,2.6436945953674638,2.7443111447892132,3.0973163623821356,1.5231691930910902,False,"Clutch (last 5, within 5)",-19.13071218778593,23.420530968532756,-0.9120735466734962
2024,PHX,251,251,288,288,296.4950982104863,296.38099558274286,-8.495098210486251,8.38099558274283,-10.443591527732973,9.113607648321894,0,0,39,114.7410358565737,118.12553713565191,-3.3845012790781874,-4.1607934373438145,-1.8836137938993904,114.7410358565737,118.0800779214115,3.339042064837781,3.6309193818015513,1.8583138764396518,0.0,-0.04545921424040644,-0.5298740555422632,-0.025299917459738586,False,"Clutch (last 5, within 5)",-19.524837552135754,17.280302192122992,-3.7798499311930693
2024,POR,293,290,333,322,342.97332188345837,340.58664952234847,-9.973321883458345,18.586649522348495,-13.315500610296095,15.356199652568666,0,0,36,113.6518771331058,117.05574125715302,-3.403864124047217,-4.54453945743894,-2.022986183257271,111.03448275862068,117.44367224908568,6.409189490464998,5.295241259506437,3.793193780071121,2.617394374485116,3.005325366417781,0.7507018020674963,1.77020759681385,False,"Clutch (last 5, within 5)",-16.88005658349176,20.865654262880135,13.304475938902009
2024,SAC,337,329,379,358,395.7724694681165,387.1578893763665,-16.772469468116537,29.157889376366498,-14.58259484825874,27.669113153615783,0,0,39,112.46290801186943,117.43990191932241,-4.976993907452979,-4.327179480195472,-3.1233648916418133,108.8145896656535,117.6771700232117,8.862580357558207,8.410064788333065,5.511888350919943,3.6483183462159303,3.8855864501052277,4.082885308137593,2.3885234592781295,True,"Clutch (last 5, within 5)",-13.106281636382738,18.08660063167576,2.3591946008478937
2024,SAS,289,321,312,391,339.9796021155862,376.0968720166811,-27.979602115586214,-14.903127983318901,-27.06483469533829,-14.03645276070102,0,0,41,107.95847750865052,117.64000073203674,-9.681523223386233,-9.364994704269305,-5.721800023637262,121.80685358255452,117.16413458463587,-4.642718997918661,-4.372726716729289,-2.8604852175276205,-13.848376073904006,-14.324242221304893,-13.737721420998595,-8.582285241164882,False,"Clutch (last 5, within 5)",-34.140944830506726,5.794816034568342,-7.50908678716492
2024,TOR,292,296,339,362,343.2594289601805,347.4244798316796,-4.259428960180494,-14.575520168320374,-5.870933418739157,-14.173178997649044,0,0,40,116.0958904109589,117.55459895896593,-1.4587085480070185,-2.010593636554506,-0.8657375935326207,122.29729729729729,117.37313507827015,-4.924162219027154,-4.788236147854407,-2.938612937161366,-6.20140688633839,-6.382870767034172,-6.798829784408913,-3.8043505306939864,False,"Clutch (last 5, within 5)",-23.129113339986436,11.30100889294636,1.1521327248802002
2024,UTA,239,240,293,268,279.8946003425729,282.2823207037431,13.10539965742706,14.282320703743109,14.416784226339523,13.708328163502998,0,0,33,122.59414225941423,117.11071144040709,5.483430819007138,6.032127291355449,2.985284660006164,111.66666666666667,117.61763362655962,5.950966959892962,5.711803401459582,3.2459819781234334,10.927475592747555,11.434397778900099,11.74393069281503,6.231266638129597,False,"Clutch (last 5, within 5)",-9.00681987934821,31.38202083974394,16.125252950909804
2024,WAS,207,247,188,327,245.6830758567228,289.7877644039316,-57.683075856722795,-37.21223559606838,-59.776261961071675,-40.11392730821693,0,0,37,90.82125603864735,118.68747625928638,-27.866220220639033,-28.877421237232696,-14.172745910742702,132.38866396761134,117.32298154005328,-15.065682427558048,-16.240456400087826,-8.324884920820667,-41.56740792896399,-42.93190264819708,-45.11787763732052,-22.49763083156337,False,"Clutch (last 5, within 5)",-67.14391237305175,-18.916356319337435,-32.71380365376092
2025,ATL,293,292,371,331,338.09343231502845,338.17301430561497,32.906567684971556,7.173014305614947,33.14691211776162,8.7679643754547,0,0,37,126.62116040955631,115.3902499368698,11.230910472686539,11.312939289338438,6.674760179507415,113.35616438356165,115.81267613205993,2.4565117484982695,3.0027275258406507,1.4579297369136073,13.264996025994662,13.687422221184807,14.315666815179089,8.132689916421022,False,"Clutch (last 5, within 5)",-1.914863123990263,30.995397039004455,14.673314455126894
2025,BKN,262,270,282,335,304.05415631263656,311.9357362620024,-22.054156312636586,-23.06426373799756,-22.661500324249275,-20.00316986211706,0,0,37,107.63358778625954,116.0512046994796,-8.41761691322007,-8.649427604675296,-4.773626907497097,124.07407407407408,115.53175417111201,-8.54231990296206,-7.408581430413725,-4.907290157020758,-16.440486287814537,-16.95993681618213,-16.05800903508902,-9.680917064517855,False,"Clutch (last 5, within 5)",-40.31665315875202,7.426147682162614,-9.257900089177905
2025,BOS,281,249,351,293,323.6104877731664,287.5065745530367,27.389512226833553,-5.4934254469632835,26.73457304922498,-5.466943266517353,0,0,35,124.91103202846975,115.1638746523724,9.74715737609735,9.514082935667254,5.694285286243982,117.6706827309237,115.46448777230391,-2.2061949586197924,-2.1955595447860854,-1.2234800550029585,7.240349297546047,7.540962417477558,7.318523390881168,4.470805231241023,False,"Clutch (last 5, within 5)",-11.780253800003996,28.085738450892492,-2.5311167676751767
2025,CHA,287,304,312,362,333.3050918913188,351.97720164987123,-21.305091891318778,-10.02279835012877,-24.107364617403153,-10.920929682348383,0,0,37,108.71080139372822,116.13417835934453,-7.4233769656163,-8.399778612335593,-4.374762195342665,119.07894736842105,115.78197422693131,-3.296973141489727,-3.592411079719863,-1.988650466295391,-10.368145974692837,-10.720350107106027,-11.992189692055456,-6.363412661638057,False,"Clutch (last 5, within 5)",-28.522228941899815,6.194771455317798,-0.46353020674813195
2025,CHI,234,238,281,247,270.7351922449038,276.4860572235842,10.264807755096156,29.48605722358421,10.765461526366341,28.18145143469956,0,0,33,120.08547008547009,115.69880010465975,4.386669980810323,4.60062458391724,2.3651630772110956,103.78151260504201,116.17061227881689,12.38909967377488,11.840945980966202,6.731976535064889,16.303957480428082,16.775769654585204,16.441570564883442,9.097139612275985,False,"Clutch (last 5, within 5)",-10.606693128309457,39.93509778304746,18.212998572806423
2025,CLE,269,255,349,280,310.2505053759401,295.6306124268315,38.7494946240599,15.630612426831455,39.69945922895386,15.46667120752882,0,0,38,129.73977695167287,115.33476036280302,14.40501658886985,14.758163282138984,8.262152371867781,109.80392156862744,115.93357350071823,6.129651932090767,6.065361257854439,3.435299434468452,19.93585538304542,20.53466852096062,20.82352453999342,11.697451806336232,False,"Clutch (last 5, within 5)",-2.858832203375618,44.651655206033226,10.318297219210887
2025,DAL,293,271,351,312,339.1790794297108,314.09516324383856,11.820920570289195,2.0951632438385577,11.416957605217243,2.654646604537037,0,0,40,119.79522184300342,115.76077796235862,4.034443880644776,3.896572561507592,2.397752651174279,115.12915129151291,115.90227425971902,0.7731229682061098,0.9795743928180948,0.44483296047527765,4.666070551490506,4.807566848850886,4.876146954325686,2.8425856116495565,False,"Clutch (last 5, within 5)",-12.913312840614557,25.59921658645392,5.863318726301616
2025,DEN,293,289,389,329,336.3486055227448,334.45515448434935,52.65139447725524,5.455154484349354,51.50078107394273,3.395102868714929,0,0,37,132.76450511945393,114.79474591219957,17.969759207254345,17.57705838701117,10.679796040011205,113.840830449827,115.7284271572143,1.8875967073873197,1.1747760791401138,1.115573514181872,18.923674669626934,19.857355914641666,18.751834466151283,11.795369554193076,False,"Clutch (last 5, within 5)",-2.281890694735462,42.06746278789057,15.039453253537497
2025,DET,299,311,332,390,346.62114771948603,358.68892351355186,-14.621147719486006,-31.311076486448137,-14.433238282262442,-32.689635316165585,0,0,44,111.03678929765886,115.9268052573532,-4.890015959694316,-4.827169994067706,-2.930089723343889,125.40192926045016,115.33405900757295,-10.067870252877215,-10.511136757609513,-6.127412228267737,-14.365139962791304,-14.95788621257153,-15.33830675167722,-9.057501951611625,False,"Clutch (last 5, within 5)",-31.317584322032918,1.359090675778831,-16.742016166934263
2025,GSW,292,273,348,312,338.1279393920273,316.7383870960035,9.87206060797267,4.738387096003519,12.638158214798578,5.8772371402100045,0,0,44,119.17808219178082,115.79723951781757,3.380842673963244,4.328136374931019,2.006516383734283,114.28571428571429,116.02138721465332,1.735672928939018,2.152834117293042,1.0017731704024353,4.892367906066525,5.116515602902262,6.480970492224062,3.0082895541367183,False,"Clutch (last 5, within 5)",-17.359247591448433,29.473480721590864,1.7428945073286517
2025,HOU,305,291,345,327,354.03583241455345,337.79304820273916,-9.03583241455348,10.793048202739163,-7.97309797678121,13.679868217650771,0,0,41,113.11475409836065,116.07732210313227,-2.962568004771633,-2.6141304841905604,-1.7892737454561347,112.37113402061856,116.08008529303751,3.708951272418956,4.7009856418043885,2.1981768233684646,0.7436200777420936,0.7463832676473232,2.086855157613828,0.40890307791232994,False,"Clutch (last 5, within 5)",-18.80473496519028,19.46661760000605,-4.2284494139639275
2025,IND,333,336,408,355,383.5607893244884,390.02537574338476,24.439210675511603,35.025375743384764,23.69896720137683,33.24213621939012,0,0,37,122.52252252252252,115.18342021756408,7.339102304958439,7.1168069673804295,4.585217762760151,105.6547619047619,116.07898087600738,10.424218971245466,9.893492922437535,6.534585026750889,16.867760617760624,17.763321276203904,17.010299889817965,11.119802789511041,True,"Clutch (last 5, within 5)",-0.8941089942791132,36.208662076598884,15.32948203256939
2025,LAC,258,274,282,304,298.5052390663154,317.20040870456916,-16.505239066315397,13.200408704569142,-17.27360880582555,16.406495927637348,0,0,37,109.30232558139535,115.69970506446333,-6.397379483067984,-6.6951972115602905,-3.6037639882784713,110.94890510948905,115.76657251991575,4.8176674104266946,5.987772236363996,2.7848963511749245,-1.646579528093696,-1.5797120726412892,-0.7074249751962949,-0.8188676371035468,False,"Clutch (last 5, within 5)",-21.340165581609853,18.500698644567038,-6.702937295504026
2025,LAL,235,218,288,253,271.83492074096563,252.61171037564066,16.165079259034375,-0.38828962435933345,16.515789036107197,0.14887085129058586,0,0,38,122.55319148936171,115.67443435785772,6.878757131503989,7.027995334513701,3.716110174490661,116.05504587155963,115.87693136497278,-0.1781145065868502,0.06828938132595683,-0.0928922546314195,6.498145617802081,6.700642624917139,7.096284715839658,3.6232179198592416,False,"Clutch (last 5, within 5)",-14.130916323880415,29.326845908070336,5.072264936368967
2025,MEM,259,258,295,272,300.43354917707364,300.0084704391626,-5.433549177073655,28.008470439162554,-6.758786914101467,29.266949263981918,0,0,35,113.8996138996139,115.99750933477748,-2.097895435163573,-2.6095702371048137,-1.1837797771402296,105.42635658914729,116.28235288339636,10.855996294249053,11.343778784489116,6.115386558769117,8.473257310466607,8.75810085908548,8.734208547384302,4.931606781628887,False,"Clutch (last 5, within 5)",-16.73849985784343,32.70584435776125,3.957866074707856
2025,MIA,357,364,361,415,414.6539108187134,420.8261431213626,-53.65391081871344,5.826143121362591,-53.49963645136785,4.834166579193949,0,0,41,101.1204481792717,116.14955485118023,-15.029106671908526,-14.985892563408362,-9.63265903388033,114.01098901098901,115.6115777805941,1.6005887696051073,1.3280677415367992,1.0330040995323742,-12.890540831717303,-13.428517902303419,-13.657824821871563,-8.599654934347956,True,"Clutch (last 5, within 5)",-33.683354375474906,6.351764866302893,-13.758375282834834
2025,MIL,328,309,352,299,381.7058258516005,360.3077597739315,-29.70582585160047,61.30775977393148,-26.75181515055931,60.74996323031818,0,0,41,107.3170731707317,116.37372739378063,-9.056654223048923,-8.156041204438814,-5.6261033809849375,96.76375404530744,116.60445300127232,19.840698955964882,19.660182275183878,12.044746517471804,10.553319125424267,10.784044732915959,11.504141070745064,6.418643136486867,True,"Clutch (last 5, within 5)",-11.864895453952549,31.923424647848726,8.452351059991692
2025,MIN,330,351,354,422,382.46350490399294,404.8593985147406,-28.463504903992945,-17.14060148525943,-26.917533839625854,-13.264082536536172,0,0,44,107.27272727272727,115.89803178908878,-8.625304516361497,-8.156828436250258,-5.370472623394895,120.22792022792022,115.34455798140758,-4.883362246512658,-3.7789408936000495,-3.110816966471766,-12.955192955192956,-13.508666762874157,-11.935769329850308,-8.48128958986666,True,"Clutch (last 5, within 5)",-33.029007141581424,6.988427193452678,-19.190708158562792
2025,NOP,253,253,283,280,293.3932800630481,293.2570215343834,-10.393280063048104,13.257021534383414,-11.887009949072791,15.411595129911957,0,0,34,111.85770750988142,115.9657233450783,-4.10801583519688,-4.698422904771854,-2.2943223097236434,110.67193675889328,115.91186621912387,5.239929460230599,6.091539577040299,2.9264948199521883,1.1857707509881408,1.131913625033719,1.3931166722684454,0.6321725102285449,False,"Clutch (last 5, within 5)",-16.425847637782443,16.328998844572375,12.01435057663561
2025,NYK,302,297,349,338,348.0341109010237,343.17608226091915,0.965889098976257,5.176082260919148,0.15420751848554048,3.719755967059551,0,0,30,115.56291390728477,115.24308307980918,0.3198308274755818,0.05106209221375512,0.19240818704706314,113.8047138047138,115.54750244475392,1.742788640040117,1.2524430865520373,1.0414652436457037,1.7582001025709673,2.062619467515699,1.3035051787657923,1.2338734306927668,False,"Clutch (last 5, within 5)",-16.274411727992184,19.156894537839577,-2.7999653527472015
2025,OKC,126,116,156,134,145.56045465585825,134.10284252341253,10.439545344141747,0.10284252341253142,12.641067152905293,2.121336833851927,0,0,23,123.80952380952381,115.52417036179226,8.285353447731545,10.032592978496265,3.2023145227428675,115.51724137931035,115.60589872707976,0.08865734776942363,1.8287386498723508,0.03254510234573779,8.292282430213461,8.374010795500968,11.861331628368616,3.2348596250886055,False,"Clutch (last 5, within 5)",-25.002969302894886,44.381450628680454,-5.470596957342655
2025,ORL,209,217,238,225,242.47815611289266,252.46071368494384,-4.478156112892664,27.460713684943844,-4.3474321099442115,27.83961631435848,0,0,33,113.8755980861244,116.01825651334576,-2.1426584272213707,-2.080111057389575,-1.094903695083781,103.68663594470046,116.34134271195569,12.654706767255227,12.829316273897918,6.58530304195296,10.188962141423943,10.512048340033857,10.749205216508344,5.490399346869179,False,"Clutch (last 5, within 5)",-14.012608064296037,34.63576818433756,10.475658312076579
2025,PHI,254,266,284,334,294.61541866360574,306.894900127119,-10.615418663605732,-27.105099872880974,-10.714485147955346,-27.790895361335647,0,0,35,111.81102362204724,115.9903223085062,-4.17929868645895,-4.218301239352498,-2.338197943525492,125.56390977443608,115.37402260418007,-10.189887170256005,-10.447705023058514,-5.816545037098922,-13.75288615238884,-14.369185856714957,-14.666006262411013,-8.154742980624414,False,"Clutch (last 5, within 5)",-35.13355222361696,4.604829579776475,-7.100496156968628
2025,PHX,262,269,321,347,302.37545192590534,309.62911166805435,18.624548074094648,-37.37088833194568,19.365615051093314,-37.057704800044654,0,0,40,122.51908396946565,115.41047783431502,7.108606135150629,7.3914561263714935,4.031287461925248,128.99628252788105,115.10375898440682,-13.89252354347423,-13.776098438678309,-7.968206467365817,-6.477198558415395,-6.7839174083236005,-6.3846423123068154,-3.9369190054405685,False,"Clutch (last 5, within 5)",-27.635164393964992,14.36218999091823,-3.64673690364064
2025,POR,244,247,295,314,281.8454355383117,284.6561423629395,13.154564461688315,-29.34385763706054,10.409382998066206,-27.809616949155984,0,0,32,120.90163934426229,115.51042440094741,5.391214943314883,4.266140572977954,2.9627397436234943,127.1255060728745,115.24540176637225,-11.880104306502243,-11.258954230427523,-6.564621395315557,-6.223866728612208,-6.4888893631873605,-6.992813657449569,-3.6018816516920626,False,"Clutch (last 5, within 5)",-25.123716255014347,12.945771713540378,-3.5945059210470514
2025,SAC,349,350,426,407,402.1599427590148,404.2216849442904,23.840057240985146,-2.7783150557095686,23.339579736274,-2.280708383661133,0,0,40,122.06303724928367,115.232075289116,6.830961960167664,6.687558663688825,4.342451227866147,116.28571428571429,115.49190998408297,-0.7938043016313052,-0.6516309667603237,-0.5051481919471943,5.777322963569375,6.037157658536358,6.035927696928502,3.8373030359189526,True,"Clutch (last 5, within 5)",-11.679341173007087,25.199951278583892,5.3890059019914505
2025,SAS,255,242,269,278,296.6698171587101,280.9352123802575,-27.6698171587101,2.9352123802574868,-29.386650283169846,2.908997984893672,0,0,36,105.49019607843137,116.34110476812161,-10.850908689690234,-11.524176581635235,-6.0812784964198014,114.87603305785125,116.0889307356436,1.21289767779235,1.202065283013914,0.6640751991532776,-9.385836979419878,-9.638011011897884,-10.322111298621321,-5.417203297266524,False,"Clutch (last 5, within 5)",-30.163705363545926,12.906863329397215,-6.420266166944786
2025,TOR,240,252,256,310,278.44631427610426,290.9893257420146,-22.446314276104236,-19.010674257985382,-21.170595947121374,-17.66131830027907,0,0,31,106.66666666666667,116.01929761504344,-9.352630948376765,-8.821081644633905,-5.101435062750963,123.01587301587301,115.47195465952962,-7.543918356343405,-7.0084596429678845,-4.20590138451004,-16.34920634920634,-16.89654930472017,-15.829541287601788,-9.307336447261003,False,"Clutch (last 5, within 5)",-36.65410840008817,3.691597496399813,-12.331945685272212
2025,UTA,244,274,277,365,282.327921587325,315.3637475402462,-5.327921587325022,-49.63625245975379,-6.863014361842874,-52.30118755280212,0,0,33,113.52459016393442,115.70816458496928,-2.1835744210348453,-2.812710804033965,-1.1999823394876177,133.21167883211677,115.09625822636724,-18.11542060574956,-19.088024654307343,-10.471783219357341,-19.687088668182355,-20.298995026784404,-21.90073545834131,-11.671765558844958,False,"Clutch (last 5, within 5)",-36.719703082839494,-4.261121860266072,-10.608742649822968
2025,WAS,149,159,163,198,172.79168360185164,183.87216081659187,-9.791683601851647,-14.127839183408117,-10.154951701548002,-13.578259695711225,0,0,27,109.39597315436242,115.96757288714876,-6.57159973278634,-6.815403826542283,-2.8056400005305577,124.52830188679245,115.64286843810808,-8.88543344868435,-8.539785972145424,-3.9353312488601997,-15.132328732430025,-15.457033181470688,-15.355189798687707,-6.740971249390757,False,"Clutch (last 5, within 5)",-38.192933107963675,8.148115818399516,-1.4588800512096682
2026,ATL,270,281,302,315,303.92346965853807,316.60013472235045,-1.9234696585380837,1.600134722350451,-1.1471556256535158,3.0512236345578265,0,0,35,111.85185185185185,112.56424802168075,-0.7123961698289198,-0.4248724539457466,-0.40924886351874123,112.09964412811388,112.66908708980444,0.569442961690552,1.0858447098070556,0.3326683414450002,-0.24779227626203237,-0.14295320813836787,0.660972255861309,-0.07658052207374105,False,"Clutch (last 5, within 5)",-21.24029458565967,19.525254941035012,-2.558205094701642
2026,BKN,202,221,211,285,226.95659576624737,247.01569498512265,-15.956595766247377,-37.984305014877336,-16.2265501820852,-37.378422455586914,0,0,32,104.45544554455445,112.35475037933038,-7.899304834775929,-8.032945634695645,-3.9693024294147703,128.95927601809956,111.77180768557585,-17.187468332523682,-16.91331332831987,-9.022400241063501,-24.503830473545108,-25.08677316729961,-24.946258963015516,-12.991702670478272,False,"Clutch (last 5, within 5)",-47.45794938084257,-5.354368701478088,-14.6056716377388
2026,BOS,229,217,255,249,257.8616905319937,244.04826690394748,-2.861690531993718,-4.951733096052518,-1.1717125119430383,-6.010046091284762,0,0,33,111.353711790393,112.60335831091427,-1.2496465205212741,-0.5116648523768725,-0.6670607300684657,114.74654377880184,112.46463912624307,-2.281904652558764,-2.7696064936796136,-1.1874659702763832,-3.3928319884088296,-3.5315511730800377,-3.281271346056486,-1.854526700344849,False,"Clutch (last 5, within 5)",-23.328783319018466,16.024041429261832,-12.190500339968642
2026,CHA,214,215,222,243,241.03580088996887,241.6229614543117,-19.03580088996887,-1.3770385456882872,-19.289235462138414,-2.414730577544118,0,0,27,103.73831775700934,112.63355181774247,-8.895234060733117,-9.0136614309058,-4.598019538639823,113.02325581395348,112.3827727694473,-0.6404830445061801,-1.1231305011833106,-0.3318165170333222,-9.284938056944142,-9.535717105239296,-10.13679193208911,-4.929836055673145,False,"Clutch (last 5, within 5)",-31.539401616597658,11.731102720403335,-14.586088967024766
2026,CHI,341,341,383,386,384.36168914708617,384.1369603673825,-1.3616891470861756,-1.8630396326174927,-1.312343040730274,-1.1326020080563326,0,0,39,112.31671554252199,112.71603787304579,-0.39932233052380517,-0.3848513315924557,-0.25169854844476447,113.19648093841643,112.65013500509752,-0.5463459333189128,-0.3321413513361679,-0.34436961785905595,-0.879765395894438,-0.945668263842718,-0.7169926829286236,-0.5960681663038204,True,"Clutch (last 5, within 5)",-21.436288332572097,19.958078464174847,4.395847931449904
2026,CLE,282,269,340,279,315.9294794448372,303.2450616021203,24.070520555162755,24.245061602120302,22.949770845785356,24.53355657003311,0,0,42,120.56737588652483,112.03173029958768,8.535645586937148,8.138216611980623,4.993883932606381,103.71747211895911,112.73050617179193,9.013034052832827,9.120281252800414,5.169522729663178,16.84990376756572,17.548679639769976,17.258497864781035,10.163406662269558,False,"Clutch (last 5, within 5)",-3.276317411883011,40.32705702687666,12.929950857571903
2026,DAL,303,320,319,367,341.9095744870683,359.782296987667,-22.909574487068298,-7.217703012333026,-24.59995635947425,-7.081730087329888,0,0,42,105.28052805280528,112.84144372510505,-7.560915672299768,-8.11879747837434,-4.554587373174612,114.6875,112.43196780864594,-2.255532191354071,-2.21304065229059,-1.3880198100640437,-9.40697194719472,-9.816447863653838,-10.33183813066493,-5.942607183238655,True,"Clutch (last 5, within 5)",-26.620143977163025,5.079219244937143,-4.208206274237518
2026,DEN,414,401,493,491,460.5492178114219,444.7067228022381,32.45078218857808,-46.29327719776191,35.96149167324557,-44.030932140986586,0,0,42,119.08212560386474,111.24377241821786,7.83835318564688,8.68635064571149,5.285143678921512,122.44389027431421,110.8994321202589,-11.544458154055338,-10.980282329423089,-7.70270835237303,-3.3617646704494746,-3.706104968408458,-2.293931683711598,-2.417564673451518,True,"Clutch (last 5, within 5)",-19.219914774313743,11.896360375361459,-9.146194264907088
2026,DET,314,286,363,292,351.96005096852997,321.44733964354737,11.03994903147005,29.447339643547362,12.678248084341813,30.639924884273913,0,0,40,115.60509554140127,112.08918820653821,3.5159073348630736,4.037658625586564,2.147850006122578,102.0979020979021,112.39417470054104,10.296272602638938,10.713260449046823,6.059123383445959,13.507193443499176,13.812179937502012,14.750919074633387,8.206973389568537,False,"Clutch (last 5, within 5)",-2.5452041384402686,30.160979650905663,4.988798581169485
2026,GSW,296,307,346,358,331.9118573636282,344.23903715282637,14.088142636371774,-13.760962847173648,13.762699691910234,-14.013875603372732,0,0,39,116.89189189189189,112.132384244469,4.759507647422897,4.64956070672643,2.84035133797818,116.61237785016287,112.12997952860793,-4.482398321554935,-4.564780326831509,-2.7141938554583134,0.2795140417290156,0.2771093258679622,0.08478037989492115,0.1261574825198668,False,"Clutch (last 5, within 5)",-20.104655624002522,22.216411549370335,0.18691456739466783
2026,HOU,394,375,432,450,440.68339390913695,416.70587672137935,-8.683393909136937,-33.294123278620624,-7.07991730637791,-32.533311078357585,0,0,45,109.64467005076142,111.84857713429872,-2.2039070835372936,-1.7969333264918552,-1.4618508264540298,120.0,111.12156712570115,-8.878432874298833,-8.675549620895355,-5.790282309325326,-10.35532994923858,-11.082339957836126,-10.47248294738721,-7.2521331357793555,True,"Clutch (last 5, within 5)",-30.632774167308305,9.297479760549422,-16.62113446925624
2026,IND,238,263,230,288,268.9452345390145,296.50877386478663,-38.94523453901453,8.508773864786647,-35.9581150215007,9.54639057819939,0,0,35,96.63865546218487,113.00219938614055,-16.363543923955685,-15.108451689706177,-8.891606059135738,109.50570342205323,112.74097865581241,3.2352752337591815,3.6298063034978667,1.8377481349431202,-12.867047959868358,-13.128268690196503,-11.47864538620831,-7.053857924192617,False,"Clutch (last 5, within 5)",-36.01747440740229,9.346478016718759,-4.830336300036514
2026,LAC,250,252,282,290,281.0058085267415,283.3564983171053,0.99419147325853,-6.643501682894669,1.0615095311545601,-7.5764502185706295,0,0,32,112.8,112.40232341069658,0.39767658930341204,0.4246038124618241,0.22093143850189556,115.07936507936508,112.4430548877402,-2.636310191624869,-3.0065278645121545,-1.4698012572775818,-2.2793650793650784,-2.238633602321457,-2.58192405205033,-1.2488698187756864,False,"Clutch (last 5, within 5)",-22.322566888144486,12.94527251285849,-3.4783796391148036
2026,LAL,186,170,247,182,209.04968841987525,192.18154076555757,37.95031158012476,10.18154076555756,38.566092541552734,12.33067214472568,0,0,29,132.79569892473117,112.39230560208347,20.403393322647723,20.734458355673514,9.831686937856157,107.05882352941177,113.04796515621034,5.989141626798565,7.2533365557209875,2.7517677744750166,25.7368753953194,26.392534949446286,27.987794911394502,12.583454712331173,False,"Clutch (last 5, within 5)",-0.08582157988546561,54.2135928483822,24.836516968149468
2026,MEM,249,269,247,316,282.3765720545194,303.94529584831645,-35.37657205451936,-12.054704151683557,-37.386910983088505,-12.7565642441591,0,0,37,99.19678714859438,113.40424580502787,-14.207458656433477,-15.014823687987352,-7.878969277175803,117.4721189591078,112.99081630048939,-4.481302658618422,-4.742217191137211,-2.570299392683061,-18.27533181051342,-18.6887613150519,-19.757040879124563,-10.449268669858863,False,"Clutch (last 5, within 5)",-39.25194293881966,0.27156267356295144,-12.14798690112369
2026,MIA,204,209,234,238,230.18805198638728,236.1182389252479,3.8119480136127195,-1.8817610747521003,5.336991803996838,-0.5168669818270071,0,0,31,114.70588235294117,112.83728038548396,1.8686019674572156,2.616172452939627,0.943551488518,113.8755980861244,112.97523393552531,-0.900364150599091,-0.2473047759937833,-0.46008828233547683,0.8302842668167756,0.9682378168581246,2.3688676769458437,0.48346320618252314,False,"Clutch (last 5, within 5)",-21.454085682810426,23.48740957157316,-1.3631027177209711
2026,MIL,265,274,310,300,298.0531065136809,308.77795096031986,11.946893486319109,8.777950960319883,10.726454063397538,9.007093170342435,0,0,36,116.98113207547169,112.4728703825211,4.508261692950607,4.047718514489637,2.5692244056600235,109.48905109489051,112.69268283223353,3.2036317373430228,3.287260281146874,1.8518883882531398,7.4920809805811786,7.71189343029363,7.334978795636511,4.421112793913164,False,"Clutch (last 5, within 5)",-9.678564415537505,25.48794923414081,14.211980564765138
2026,MIN,278,260,303,291,312.1665483500275,291.09060248052856,-9.166548350027492,0.0906024805285437,-8.5636557392153,1.0793507501058597,0,0,33,108.99280575539568,112.29012530576529,-3.2973195503696013,-3.080451704753705,-1.9176879393362956,111.92307692307692,111.95792403097252,0.034847107895593726,0.4151349038868691,0.01969619141924863,-2.9302711676812407,-3.2624724424740075,-2.6653168008668358,-1.897991747917047,False,"Clutch (last 5, within 5)",-23.248069256895175,14.886174814343871,-6.572671191238502
2026,NOP,297,331,286,408,335.54117608050865,370.3024652911279,-49.541176080508656,-37.69753470887215,-49.86715319675437,-36.89269017031323,0,0,41,96.29629629629629,112.97682696313423,-16.68053066683793,-16.79028727163447,-9.968043476963512,123.26283987915407,111.87385658342232,-11.388983295731768,-11.145827846016083,-7.099347402800781,-26.96654358285778,-28.0695139625697,-27.93611511765055,-17.067390879764293,False,"Clutch (last 5, within 5)",-47.67304560254805,-8.022907157057656,-23.264015749693172
2026,NYK,244,249,304,261,274.0813903920298,281.12327145935757,29.918609607970197,20.123271459357543,29.47953603558628,20.431524460526816,0,0,34,124.59016393442623,112.3284386852581,12.261725249168114,12.081777063764868,6.738425587380675,104.81927710843374,112.90091223267372,8.081635124239977,8.205431510251733,4.481797652418161,19.77088682599249,20.34336037340809,20.287208574016603,11.220223239798836,False,"Clutch (last 5, within 5)",1.3192957841225543,38.22065053957393,13.622397444278892
2026,OKC,296,281,374,284,328.1825776946773,315.0162814977867,45.817422305322694,31.016281497786682,47.03794089433902,32.9742186879334,0,0,34,126.35135135135135,110.87249246441802,15.478858886933343,15.891196248087509,9.237383529298931,101.067615658363,112.1054382554401,11.037822597077112,11.73459739784107,6.448291371681223,25.28373569298836,26.516681484010455,27.625793645928578,15.685674900980153,False,"Clutch (last 5, within 5)",5.747888870162903,43.614990056187025,15.360793728022765
2026,ORL,373,368,407,386,418.25770787064084,413.16029123592506,-11.257707870640814,27.16029123592507,-13.811524066633245,25.46157581192109,0,0,43,109.11528150134048,112.13343374548013,-3.0181522441396287,-3.70282146558532,-1.9646959634626204,104.8913043478261,112.2718182706318,7.380513922805726,6.918906470630731,4.78174141477554,4.223977153514383,4.3623616786660975,3.2160850050454104,2.8170454513129197,True,"Clutch (last 5, within 5)",-9.69870680298688,18.473105570455832,3.628566933294842
2026,PHI,332,332,386,326,370.0312217517485,372.5595054661174,15.96877824825151,46.55950546611738,14.882765816586812,48.572160484017964,0,0,39,116.26506024096386,111.45518727462304,4.809872966340817,4.482760788128558,3.001650046663818,98.19277108433735,112.21671851389078,14.023947429553427,14.63016882048734,8.751786741751387,18.07228915662651,18.833820395894243,19.112929608615897,11.753436788415204,True,"Clutch (last 5, within 5)",0.5927781024888031,40.08012644091118,19.11059716848836
2026,PHX,306,302,319,340,345.0091654256792,339.30762802092477,-26.009165425679218,-0.6923719790752412,-25.159676322870236,-0.7571070228460646,0,0,37,104.2483660130719,112.74809327636576,-8.499727263293861,-8.222116445382431,-5.140151269897078,112.58278145695364,112.35351921222674,-0.22926224472690107,-0.2506976896841273,-0.13792270499506798,-8.334415443881738,-8.728989508020762,-8.472814135066558,-5.278073974892147,True,"Clutch (last 5, within 5)",-26.37442269091824,8.468342341730574,-10.184081653185958
2026,POR,314,329,355,385,353.9410038741049,370.0878319543082,1.058996125895064,-14.91216804569185,1.1633223027459592,-14.583201651310311,0,0,43,113.05732484076434,112.7200649280589,0.33725991270543443,0.3704848097917067,0.20603037468775565,117.02127659574468,112.48870272167423,-4.53257387407047,-4.432584088544168,-2.818935358353847,-3.963951754980343,-4.195313961365036,-4.062099278752461,-2.612904983666091,True,"Clutch (last 5, within 5)",-22.740757963484064,12.48242935450719,-3.730108333663252
2026,SAC,267,269,302,298,299.8757540498407,302.0659493735717,2.124245950159306,4.065949373571686,1.1365656936340296,1.9007318058400664,0,0,34,113.10861423220973,112.31301649806767,0.7955977341420621,0.425680035068925,0.4548706531390377,110.78066914498142,112.29217448831662,1.5115053433351995,0.7065917493829244,0.8669401649406581,2.327945087228315,2.3071030774772616,1.1322717844518493,1.3218108180796957,False,"Clutch (last 5, within 5)",-19.674796714882984,21.97876452173572,12.800503451047794
2026,SAS,269,246,345,276,302.04243149124824,277.7117016132131,42.95756850875177,1.7117016132131255,43.089307886183796,4.401659740226754,0,0,34,128.2527881040892,112.28343178113317,15.96935632295605,16.018330069213306,9.159396270522766,112.1951219512195,112.89093561512729,0.6958136639077745,1.7892925773279489,0.38378959937514023,16.0576661528697,16.665169986863827,17.807622646541255,9.543185869897906,False,"Clutch (last 5, within 5)",-4.322458119816792,37.524460825689246,7.599801897246932
2026,TOR,233,223,257,230,262.57835460851186,251.40051771792403,-5.5783546085118445,21.400517717924043,-4.439125513303816,23.652898114469394,0,0,35,110.30042918454936,112.69457279335273,-2.394143608803367,-1.9052040829630112,-1.2883036047371466,103.1390134529148,112.73565816947267,9.596644716557867,10.606680768820356,5.059224046790554,7.161415731634563,7.2025011077545,8.701476685857344,3.7709204420534075,False,"Clutch (last 5, within 5)",-15.667270160868467,29.983510302262257,4.270621767484416
2026,UTA,255,250,265,275,284.96194227520203,279.2397089721836,-19.961942275202045,4.2397089721836245,-18.172186052855903,4.607348261438719,0,0,31,103.92156862745098,111.74978128439295,-7.828212656941979,-7.126347471708197,-4.387240060483966,110.0,111.69588358887344,1.6958835888734498,1.8429393045754876,0.9421575493741388,-6.078431372549019,-6.132329068068529,-5.283408167132709,-3.4450825111098267,False,"Clutch (last 5, within 5)",-26.289817846525672,14.113458829901738,2.389580970561619
2026,WAS,177,182,193,223,198.0779528653868,203.15539343483832,-5.0779528653868145,-19.844606565161694,-5.952115138881948,-21.064300317707804,0,0,24,109.03954802259886,111.90844794654622,-2.8688999239473527,-3.3627769146225694,-1.3469370995720993,122.52747252747253,111.62384254661447,-10.903629980858073,-11.573791383355935,-5.194923184597302,-13.48792450487366,-13.772529904805426,-14.936568297978505,-6.541860284169402,False,"Clutch (last 5, within 5)",-39.61238943202193,13.111821329266219,-0.8848138243844836
2023,ATL,1034,1275,1185,1575,1169.676442499146,1501.875027845658,15.323557500853795,-73.1249721543421,13.454482541476391,-82.02262049848763,0,0,49,114.60348162475822,113.12151281423075,1.4819688105274462,1.30120720904027,1.2417793760821552,123.52941176470588,117.79411983103199,-5.73529193367389,-6.433146705763736,-4.957625230802854,-8.925930139947667,-4.253323123146444,-5.131939496723466,-3.7158458547206994,True,"Ahead 11+, excluding final 2",-15.712195256347147,6.126503012992365,-4.812608704720998
2023,BKN,1090,1241,1205,1364,1232.9480872145557,1468.989432337459,-27.948087214555763,104.9894323374591,-32.29146977125587,94.9491588977415,0,0,39,110.55045871559633,113.11450341417942,-2.5640446985830976,-2.9625201625005384,-2.166518388725253,109.91136180499598,118.37142887489597,8.46006706990001,7.651020056224133,7.28587316706864,0.6390969106003581,5.896022371316912,4.688499893723595,5.1193547783433875,True,"Ahead 11+, excluding final 2",-5.065293244922109,16.000039564311827,4.513234752153839
2023,BOS,1665,1909,1931,2226,1884.879311576501,2255.3066709704112,46.120688423498834,29.306670970411385,38.24665979384453,23.88364728871121,0,0,60,115.97597597597597,113.20596465924932,2.7700113167266567,2.2970966843149867,2.472959164798865,116.60555264536407,118.1407370859304,1.5351844405663377,1.2511077678738192,1.3896003305078894,-0.6295766693881006,4.305195757292994,3.5482044521888056,3.862559495306755,True,"Ahead 11+, excluding final 2",-4.94774521754155,12.726570550277916,-3.5928981473607404
2023,CHA,597,733,617,893,677.8809910299946,861.4662134077618,-60.88099102999457,-31.53378659223822,-66.73623012264494,-37.240517577857155,0,0,28,103.35008375209381,113.54790469514148,-10.197820943047667,-11.178598010493289,-7.638769263487398,121.8281036834925,117.52608641306436,-4.302017270428133,-5.080561743227443,-3.3798270731230677,-18.47801993139869,-14.499838213475801,-16.25915975372073,-11.018596336610466,True,"Ahead 11+, excluding final 2",-34.67224077218196,-1.8150483987213692,-6.5610801755824575
2023,CHI,1045,1217,1197,1440,1183.6343339349837,1435.7551832900242,13.365666065016288,-4.244816709975852,9.117919147195177,-8.76220842811062,0,0,41,114.54545454545455,113.26644343875442,1.2790111067001233,0.8725281480569548,1.07354747510171,118.32374691865242,117.97495343385573,-0.3487934847967011,-0.7199842586779474,-0.2995636351429677,-3.7782923731978713,0.9302176219034222,0.15254388937900742,0.7739838399587423,True,"Ahead 11+, excluding final 2",-8.740525023584128,10.504729400495775,-0.6665896955025314
2023,CLE,1344,1515,1555,1661,1517.0138423254882,1799.870586635335,37.98615767451187,138.87058663533494,29.430452814753213,119.72044730098989,0,0,49,115.69940476190476,112.87305374445597,2.8263510174488,2.1897658344310424,2.4602433727015462,109.63696369636963,118.8033390518373,9.166375355467654,7.9023397558409165,8.09741029943644,6.0624410655351255,11.992726372916454,10.09210559027196,10.557653672137986,True,"Ahead 11+, excluding final 2",4.992682107131506,18.28188673363051,4.6631130873399975
2023,DAL,1076,1199,1264,1421,1214.8690344294903,1416.053064414408,49.13096557050964,-4.946935585591919,49.61867551927665,-4.705491399985551,0,0,39,117.4721189591078,112.90604409196007,4.566074867147735,4.611401070564744,3.8503891512938586,118.51542952460383,118.10284106875797,-0.4125884558458648,-0.39245132610388245,-0.3536051169115024,-1.0433105654960286,4.153486411301871,4.218949744460861,3.4967840343823564,True,"Ahead 11+, excluding final 2",-5.716869378371504,11.907334832775833,3.8916263784912677
2023,DEN,1450,1652,1680,1883,1640.762520848356,1955.126682607721,39.237479151644145,72.12668260772104,32.367955733175066,67.30548410321704,0,0,50,115.86206896551724,113.15603592057629,2.7060330449409755,2.2322728091844874,2.3780290394935846,113.98305084745763,118.34907279707754,4.366021949619918,4.07418184644171,3.894529298473058,1.879018118059605,7.072054994560894,6.306454655626197,6.272558337966643,True,"Ahead 11+, excluding final 2",-0.8156654486593796,13.775284979602441,2.659192846140991
2023,DET,267,335,310,415,303.10530857796624,395.1150633440876,6.894691422033741,-19.884936655912373,4.47910202586999,-21.37180235534355,0,0,20,116.10486891385767,113.52258748238437,2.5822814314733114,1.6775663018239662,1.4763793194933064,123.88059701492537,117.94479502808585,-5.935801986839514,-6.379642494132404,-3.716810589890163,-7.775728101067699,-3.3535205553662024,-4.7020761923084375,-2.240431270396857,False,"Ahead 11+, excluding final 2",-28.62947194556248,10.804611541728736,6.828511907930839
2023,GSW,1337,1511,1530,1719,1513.4062531125132,1787.1228730311575,16.593746887486837,68.1228730311576,1.6493499523663935,64.1954811396414,0,0,43,114.43530291697832,113.1941849747579,1.2411179422204066,0.12336200092493593,1.079619185913262,113.76571806750496,118.27418087565569,4.5084628081507345,4.248542762385267,3.981465402171689,0.6695848494733525,5.749580750371141,4.371904763310203,5.061084588084951,True,"Ahead 11+, excluding final 2",-3.135328933576223,14.173679087877243,3.621859370093636
2023,HOU,443,542,488,686,502.5177049001155,635.9394282609278,-14.517704900115493,-50.06057173907224,-16.60750225248221,-55.21188121679782,0,0,23,110.15801354401806,113.43514783298318,-3.2771342889651227,-3.748871840289438,-2.257807916036624,126.56826568265683,117.33199783411952,-9.236267848537313,-10.186693951438713,-6.746707781546124,-16.410252138638768,-12.513402137502435,-13.93556579172815,-9.004515697582747,True,"Ahead 11+, excluding final 2",-34.96342135121976,1.5134707262544462,-2.895039553672465
2023,IND,493,651,501,845,559.5671246240868,766.5935162216247,-58.567124624086745,-78.40648377837529,-55.958565336779195,-79.6116872949188,0,0,31,101.62271805273834,113.50245935579854,-11.879741303060191,-11.350621772166164,-8.451244534500251,129.80030721966205,117.75630049487323,-12.044006724788831,-12.22913783332086,-9.213452852923066,-28.17758916692371,-23.923748027849022,-23.579759605487023,-17.664697387423317,True,"Ahead 11+, excluding final 2",-39.0727181574468,-11.36788025948585,-20.172815878979534
2023,LAC,884,1053,967,1263,1001.6182419075891,1239.7854544894308,-34.61824190758911,-23.214545510569273,-43.636661724049134,-35.19246544522545,0,0,44,109.38914027149322,113.3052309850214,-3.9160907135281797,-4.936273950684291,-3.1935647516226116,119.94301994301995,117.73840973308934,-2.204610209930605,-3.3421144772293876,-1.8527171197581225,-10.55387967152673,-6.120700923458784,-8.27838842791368,-5.046281871380734,True,"Ahead 11+, excluding final 2",-16.44900183009496,2.1509343246027237,-6.415434438772531
2023,LAL,787,977,881,1247,894.3080464423651,1150.3951346342528,-13.308046442365175,-96.60486536574713,-20.819166719732078,-106.20110139305173,0,0,43,111.9440914866582,113.63507578683166,-1.6909843001734657,-2.6453833188986122,-1.3483329728840097,127.63561924257932,117.74771081210366,-9.887908430475655,-10.87012296755903,-8.207720082051583,-15.691527755921129,-11.57889273064912,-13.515506286457644,-9.556053054935592,True,"Ahead 11+, excluding final 2",-24.52269511753792,-3.05569433693407,-11.895866169253667
2023,MEM,1659,1880,1923,2172,1873.8577698406657,2224.846922111874,49.14223015933425,52.84692211187409,43.90349508435704,36.36013871864826,0,0,55,115.91320072332731,112.95104097894307,2.9621597443842225,2.6463830671704063,2.6434766088937196,115.53191489361703,118.34292138892945,2.811006495312452,1.9340499318429925,2.540717409224716,0.38128582971027924,5.773166239696675,4.580432999013398,5.184194018118435,True,"Ahead 11+, excluding final 2",-4.0801769338675244,13.885056462377472,0.578081505806594
2023,MIA,628,738,698,894,714.4164578948153,875.9772652387367,-16.41645789481528,-18.022734761263376,-15.825830780192462,-19.027560942494883,0,0,38,111.14649681528662,113.76058246732727,-2.6140856520406497,-2.52003674843829,-1.9826639969583673,121.13821138211382,118.69610640091284,-2.442104981200999,-2.57826029031096,-1.9214002943777586,-9.991714566827198,-5.056190633241648,-5.09829703874925,-3.904064291336126,True,"Ahead 11+, excluding final 2",-19.911943163638245,5.703324266365379,-4.621459515661218
2023,MIL,1550,1814,1697,2095,1765.241977916131,2138.3998485386815,-68.24197791613098,43.3998485386813,-81.29958745751277,28.725143742916273,0,0,55,109.48387096774194,113.88657922039553,-4.402708252653611,-5.245134674678243,-3.899541595207485,115.49062844542448,117.88312285218751,2.3924944067630265,1.583525013391195,2.154908070440978,-6.006757477682541,-2.010213845890585,-3.6616096612870486,-1.7446335247665066,True,"Ahead 11+, excluding final 2",-11.19981713994626,5.245975127947082,-6.626013178384605
2023,MIN,1030,1246,1181,1538,1166.7103780057948,1468.750644467033,14.289621994205058,-69.24935553296709,9.996880283571258,-69.04673052424366,0,0,44,114.66019417475728,113.27285223357231,1.387341941184957,0.9705709013175979,1.1617578857077284,123.43499197431781,117.87725878547616,-5.55773318884166,-5.541471149618271,-4.7890287367197155,-8.774797799560531,-4.1703912476567035,-4.570900248300673,-3.6272708510119873,True,"Ahead 11+, excluding final 2",-14.62197499456128,3.6039190105336485,-4.64455529640392
2023,NOP,1438,1630,1665,1923,1625.1947864577062,1930.0350653375212,39.805213542293885,7.035065337521221,12.150099599206863,-6.480453442598261,0,0,49,115.78581363004173,113.01771811249695,2.7680955175447766,0.8449304310992255,2.4301107168677585,117.97546012269939,118.40705922316081,0.4315991004614246,-0.3975738308342492,0.3844297998645476,-2.1896464926576584,3.199694618006201,0.4473566002649763,2.814540516732306,True,"Ahead 11+, excluding final 2",-6.068169717617346,11.3256514241311,0.6867757021594554
2023,NYK,1259,1457,1423,1689,1420.2422574695695,1718.3424352672998,2.7577425304305736,29.34243526729989,-3.58400389384074,23.526766776136164,0,0,49,113.02621127879269,112.80716898090306,0.21904229788964047,-0.28467068259259254,0.1890159376580242,115.92312971859987,117.93702369713795,2.0138939785380843,1.6147403415330244,1.770816853789975,-2.8969184398071803,2.2329362764277247,1.330069658940432,1.9598327914479994,True,"Ahead 11+, excluding final 2",-7.947084294988863,9.173832871846667,-1.5752406298422108
2023,OKC,971,1054,1160,1200,1096.2140549821752,1250.6954176173422,63.785945017824844,50.695417617342244,57.048113167624386,49.24655529849186,0,0,28,119.46446961894954,112.89537126489961,6.569098354049932,5.87519188132074,5.447134501949176,113.85199240986718,118.66180432802108,4.809811918153914,4.672348700046666,4.042696779692364,5.612477209082357,11.378910272203846,10.547540581367407,9.489831281641539,True,"Ahead 11+, excluding final 2",0.36823317843541853,19.648443602890996,10.71050288546634
2023,ORL,694,838,757,1029,788.4449127525339,987.6686896898354,-31.44491275253394,-41.331310310164554,-35.68763668693182,-46.91208467644704,0,0,34,109.07780979827089,113.60877705367923,-4.530967255408349,-5.142310761805738,-3.5173280483818727,122.79236276849642,117.86022549998036,-4.9321372685160565,-5.598100796712057,-3.98182180252067,-13.714552970225526,-9.463104523924406,-10.740411558517795,-7.499149850902542,True,"Ahead 11+, excluding final 2",-20.875416731068857,1.8946644331590896,-6.056950033382725
2023,PHI,1442,1654,1630,1884,1628.918808146759,1954.7576335729643,1.0811918532411124,70.75763357296437,-8.176138878951134,54.39165730425525,0,0,45,113.0374479889043,112.96246935830504,0.07497863059924496,-0.5669999222573602,0.0658460324750982,113.90568319226118,118.18365378312966,4.277970590868462,3.2884919772826633,3.816485090235403,-0.8682352033568748,4.352949221467707,2.721492055025303,3.882331122710501,True,"Ahead 11+, excluding final 2",-4.6482646342178064,12.154606613871746,-1.1441813831349954
2023,PHX,1296,1509,1437,1743,1468.3252916772547,1787.5490799928514,-31.32529167725475,44.549079992851325,-33.344474158743054,32.49298233142199,0,0,44,110.87962962962963,113.29670460472644,-2.417074975096817,-2.5728760924956062,-2.0939366094421623,115.50695825049702,118.4591835648013,2.952225314304263,2.15327914721153,2.6067337620158764,-4.627328620867388,0.5351503392074459,-0.4195969452840762,0.512797152573714,True,"Ahead 11+, excluding final 2",-8.74547666307731,7.750588375904061,-1.7085350384463944
2023,POR,810,926,945,1142,917.462362931808,1092.9886981161053,27.53763706819204,-49.01130188389476,14.214565419396987,-57.57008264130981,0,0,37,116.66666666666667,113.26695838664297,3.3997082800237086,1.7548846196786403,2.726498719622974,123.32613390928725,118.03333672960099,-5.292797179686259,-6.217071559536697,-4.352691108694028,-6.659467242620579,-1.8930888996625503,-4.462186939858056,-1.6261923890710541,True,"Ahead 11+, excluding final 2",-13.368920016529266,8.407933498484944,2.7457190957884148
2023,SAC,799,982,915,1189,902.2503460076292,1159.4040970265519,12.74965399237074,-29.59590297344803,11.253399263402331,-31.74634900047639,0,0,37,114.51814768460575,112.92244630883971,1.59570137576605,1.4084354522405922,1.276241640877952,121.07942973523421,118.06559032856944,-3.0138394066647685,-3.232825763795966,-2.5038835002917113,-6.5612820506284635,-1.4181380308987184,-1.824390311555374,-1.2276418594137593,True,"Ahead 11+, excluding final 2",-17.003101848745153,9.970358659668928,-3.8877737900650056
2023,SAS,581,695,640,850,660.1556168696118,818.3302227784532,-20.15561686961178,-31.669777221546862,-21.814649276055366,-31.32352656447559,0,0,23,110.15490533562823,113.62403044227398,-3.4691251066457456,-3.7546728530215776,-2.5807447976455546,122.3021582733813,117.74535579546088,-4.556802477920412,-4.50698223949289,-3.5385225945862415,-12.147252937753066,-8.025927584566158,-8.261655092514468,-6.119267392231796,True,"Ahead 11+, excluding final 2",-18.261663633603707,0.7117239435751725,4.252118948981124
2023,TOR,1099,1308,1257,1576,1247.6665939803186,1542.5208923871594,9.333406019681492,-33.47910761284054,0.8525096608346467,-46.774533544093984,0,0,42,114.37670609645131,113.52744258237658,0.8492635140747491,0.07757139771015895,0.718507006903887,120.48929663608563,117.9297318338807,-2.559564802204934,-3.576034674624922,-2.2200999743262955,-6.112590539634311,-1.710301288130185,-3.498463276914763,-1.5015929674224084,True,"Ahead 11+, excluding final 2",-12.11847109202335,7.367473930406815,-3.4808824334144584
2023,UTA,611,763,648,918,694.2916052211549,900.035527431136,-46.291605221154946,-17.96447256886409,-49.41656516046499,-21.54408815172302,0,0,31,106.0556464811784,113.63201394781586,-7.57636746663747,-8.08781753853764,-5.707966118514789,120.31454783748362,117.96009533828781,-2.354452499195818,-2.823602641117041,-1.86546963331922,-14.258901356305216,-9.930819965833289,-10.911420179654682,-7.573435751834009,True,"Ahead 11+, excluding final 2",-22.284227580410647,-1.232497654182692,-8.153773064454013
2023,WAS,1101,1278,1235,1529,1249.1090331771834,1508.6930876690724,-14.109033177183449,-20.3069123309277,-19.881720816359092,-25.670932394865304,0,0,38,112.17075386012716,113.4522282631411,-1.2814744030139371,-1.805787540087111,-1.084476032066368,119.64006259780908,118.05110232152366,-1.5889602762854227,-2.0086801560927467,-1.3739453539193305,-7.469308737681914,-2.87043467929936,-3.814467696179858,-2.4584213859856985,True,"Ahead 11+, excluding final 2",-11.730948378141806,3.4656899370432437,-1.7259444859386663
2024,ATL,975,1157,1104,1434,1136.6812964924507,1355.9620878427752,-32.681296492450635,-78.03791215722488,-39.75177835360136,-90.98833487968334,0,0,43,113.23076923076923,116.58269707614879,-3.351927845379552,-4.0771054721642415,-2.7813869355277134,123.94122731201382,117.19637751450088,-6.744849797512955,-7.864160318036589,-5.750767292352608,-10.710458081244596,-10.096777642892507,-11.94126579020083,-8.532154227880321,True,"Ahead 11+, excluding final 2",-20.444293415508938,0.18536835082086983,-7.337806589370126
2024,BKN,808,929,944,1090,934.4223977226847,1088.0365510988797,9.577602277315389,-1.9634489011202148,6.723445806549657,-14.666228516797556,0,0,27,116.83168316831683,115.64633635181741,1.1853468164994292,0.8321096295234724,0.9501589560828758,117.33046286329386,117.11911206661784,-0.21135079667601883,-1.5787113581052266,-0.17391044296901814,-0.49877969497703134,0.9739960198234103,-0.7466017285817541,0.7762485131138577,True,"Ahead 11+, excluding final 2",-6.361843295989354,8.688048057806133,3.8631530023827034
2024,BOS,2267,2562,2742,2951,2623.390565453303,3007.3950259353696,118.60943454669666,56.39502593536949,89.70883790480394,35.534509995111925,0,0,65,120.95280105866784,115.72080129921937,5.231999759448463,3.957160913312922,4.807840881503716,115.18345042935206,117.38466143385519,2.2012110045031026,1.3869832160465232,2.041818462540532,5.769350629315781,7.433210763951566,5.344144129359446,6.849659344044248,True,"Ahead 11+, excluding final 2",-0.3021738377838671,14.413596723396722,-5.433412056825805
2024,CHA,220,293,212,355,256.08679034052443,344.79125384867535,-44.08679034052442,-10.208746151324624,-46.46929037461618,-18.92543011630461,0,0,15,96.36363636363636,116.4030865184202,-20.03945015478383,-21.122404715734625,-10.496854842982005,121.160409556314,117.67619585279022,-3.4842137035237624,-6.45919116597427,-2.0707395844471854,-24.796773192677634,-23.523663858307593,-27.581595881708893,-12.56759442742919,False,"Ahead 11+, excluding final 2",-54.43827210951437,-8.939161700072091,-12.047898954544404
2024,CHI,647,782,738,969,749.2797495674859,910.3200247408502,-11.279749567485805,-58.67997525914984,-19.52635596160296,-71.87802917866645,0,0,37,114.06491499227202,115.80830750656659,-1.7433925142945603,-3.01798391987681,-1.3317295829381117,123.91304347826087,116.40921032491691,-7.50383315334397,-9.191563833589061,-5.975557562031552,-9.848128485988852,-9.24722566763853,-12.209547753465872,-7.3072871449696635,True,"Ahead 11+, excluding final 2",-22.836665852529354,1.965629769189773,-7.446458721013361
2024,CLE,1366,1559,1568,1794,1588.1388157958024,1830.2125022531561,-20.138815795802316,36.21250225315602,-36.80067875843631,22.471633104116105,0,0,45,114.78770131771596,116.26199237158144,-1.4742910538654697,-2.6940467612325265,-1.2860035629503395,115.07376523412444,117.39656845754689,2.3228032234224516,1.4414132844205327,2.0586982520270616,-0.28606391640848017,0.8485121695569819,-1.2526334768119938,0.7726946890767221,True,"Ahead 11+, excluding final 2",-8.62267559448794,9.097095749345765,-1.8027003069873346
2024,DAL,1521,1736,1794,2039,1761.0436944632734,2034.1168692197737,32.95630553672667,-4.883130780226421,23.50954726683877,-29.158760511478594,0,0,48,117.94871794871794,115.78196544794696,2.166752500770984,1.5456638571228645,1.9149509318260702,117.45391705069125,117.17263071542476,-0.2812863352664989,-1.6796521031957716,-0.25222782955714984,0.49480089802669625,1.885466165504485,-0.13398824607290716,1.6627231022689204,True,"Ahead 11+, excluding final 2",-8.135552119415507,10.531854712694116,-0.6271658415181001
2024,DEN,1461,1705,1744,2068,1694.1248328881532,1998.4793123286279,49.875167111846835,-69.52068767137212,37.50362728829322,-97.10188861045832,0,0,53,119.37029431895962,115.95652518057173,3.4137691383878734,2.5669833872890635,3.0027192722364138,121.29032258064517,117.21286289317466,-4.077459687470506,-5.695125431698435,-3.649379930255754,-1.9200282616855446,-0.6636905490826321,-3.1281420444093717,-0.6466606580193401,True,"Ahead 11+, excluding final 2",-8.81692448354612,7.134712929536396,-6.3205882971026135
2024,DET,299,397,306,502,348.0593708356984,466.5480591905626,-42.05937083569842,-35.451940809437396,-44.70338290867567,-40.70055236132598,0,0,24,102.34113712374582,116.4078163330095,-14.066679209263686,-14.950964183503567,-8.428731630400485,126.44836272040303,117.5184028187815,-8.92995990162151,-10.252028302601003,-5.938348544294371,-24.1072255966572,-22.996639110885198,-25.20299248610457,-14.367080174694856,False,"Ahead 11+, excluding final 2",-39.33323109758306,-12.501254394711788,-13.240080144505315
2024,GSW,1123,1362,1250,1685,1309.3519187610189,1600.380530826571,-59.351918761018815,-84.61946917342901,-69.63867850198922,-92.76582542543963,0,0,53,111.30899376669635,116.59411565102573,-5.285121884329369,-6.201128985039111,-4.4861616599409535,123.7151248164464,117.50224161722254,-6.212883199223862,-6.811000398343586,-5.417379588567798,-12.406131049750059,-11.498005083553231,-13.012129383382696,-9.903541248508752,True,"Ahead 11+, excluding final 2",-20.229211506207346,-4.5556174247433185,-14.358749470126918
2024,HOU,1034,1184,1154,1346,1197.7431462576592,1393.6405709694752,-43.74314625765908,47.64057096947514,-51.737513536096195,36.00094112198255,0,0,39,111.60541586073501,115.83589422221075,-4.2304783614757335,-5.003628001556692,-3.544825466585015,113.68243243243244,117.70612930485431,4.023696872421887,3.040620027194472,3.4422377868117873,-2.0770165716974276,-0.20678148905384663,-1.9630079743622195,-0.10258767977322769,True,"Ahead 11+, excluding final 2",-11.169958712307272,9.687219194047847,-1.0259010993947686
2024,IND,1225,1408,1491,1695,1416.10054545377,1651.950942650055,74.8994545462299,-43.04905734994504,58.810081796156005,-53.08005044162638,0,0,49,121.71428571428571,115.60004452683837,6.114241187447339,4.800823003767838,5.256102073419643,120.38352272727273,117.32606126775958,-3.057461459513142,-3.769889946138237,-2.677180183454294,1.3307629870129745,3.056779727934197,1.0309330576296007,2.578921889965349,True,"Ahead 11+, excluding final 2",-7.2877213850670195,10.638668190388257,0.008270556117162542
2024,LAC,1590,1787,1920,2136,1839.1543013532064,2088.8931623296457,80.84569864679354,-47.10683767035415,68.43919050148818,-66.36685691304518,0,0,47,120.75471698113208,115.6700818461136,5.084635135018461,4.304351603867182,4.516519477474499,119.5299384443201,116.8938535159287,-2.6360849283913907,-3.713870000730005,-2.370751770022856,1.2247785368119821,2.44855020662707,0.5904816031371767,2.145767707451643,True,"Ahead 11+, excluding final 2",-5.509012450822961,8.750471649821387,-1.176121626295974
2024,LAL,1246,1399,1457,1596,1444.06213834664,1643.3404901374397,12.937861653359944,47.34049013743971,-2.3990982036961226,17.60083486381708,0,0,38,116.93418940609952,115.89583774852649,1.0383516575730292,-0.19254399708636616,0.89473455417427,114.08148677626876,117.46536741511363,3.3838806388448686,1.2581011339397485,2.960631027982471,2.852702629830759,4.4222322964178975,1.0655571368533825,3.8553655821567405,True,"Ahead 11+, excluding final 2",-4.132773339992437,12.189842056262126,3.487628641037327
2024,MEM,481,567,497,672,557.9651089255351,667.1627476041031,-60.96510892553507,-4.837252395896907,-70.0196731814442,-9.983244104617565,0,0,26,103.32640332640332,116.0010621466809,-12.67465882027756,-14.557104611526862,-8.952292059549936,118.51851851851852,117.66538758449789,-0.8531309340206185,-1.7607132459642973,-0.630671759569349,-15.192115192115196,-13.52778975429818,-16.31781785749116,-9.582963819119286,True,"Ahead 11+, excluding final 2",-30.53218986084484,-1.860569270716497,-5.749580689400638
2024,MIA,1093,1271,1236,1464,1271.4190093206455,1491.9309729011732,-35.41900932064551,27.9309729011731,-45.898433407836514,7.345672195140918,0,0,51,113.0832570905764,116.32378859292274,-3.2405315023463412,-4.199307722583395,-2.7392891972657005,115.18489378442172,117.38245262794439,2.197558843522667,0.5779443111833924,1.8987745004196532,-2.1016366938453217,-1.042972658823674,-3.6213634114000026,-0.8405146968460473,True,"Ahead 11+, excluding final 2",-12.975333035107631,9.49249126382849,-3.1898193002136925
2024,MIL,1424,1611,1685,1908,1651.5475451899272,1886.2807072489024,33.45245481007293,-21.71929275109747,30.182499858156927,-25.846969527275185,0,0,46,118.32865168539325,115.97946244311285,2.3491892422804024,2.119557574308773,2.059880222295131,118.43575418994413,117.08756717870283,-1.348187011241308,-1.6044053089556292,-1.199298329712726,-0.10710250455088044,1.0010022310390945,0.5151522653531437,0.8605818925824049,True,"Ahead 11+, excluding final 2",-8.11667994769176,7.893371936632307,-2.0471880557794258
2024,MIN,1441,1639,1585,1780,1671.4525623459192,1929.8217347266445,-86.45256234591913,149.82173472664448,-93.4977142681148,129.599674526674,0,0,52,109.99306037473977,115.9925442294184,-5.999483854678636,-6.488390997093324,-5.268285334912806,108.60280658938377,117.74385202725105,9.141045437867266,7.907240666667113,8.146913253216121,1.3902537853559949,3.14156158318863,1.418849669573789,2.878627918303316,True,"Ahead 11+, excluding final 2",-6.574977365420685,11.808176074413785,-4.213557403615004
2024,NOP,1938,2188,2312,2553,2243.1550273074818,2564.3231570316293,68.8449726925182,11.323157031629151,56.974884292847854,-2.6661975464432084,0,0,57,119.29824561403508,115.74587344207852,3.5523721719565633,2.9398805104668657,3.220064204514415,116.68190127970749,117.19941302703972,0.517511747332228,-0.12185546373140806,0.4741690549258438,2.616344334327593,4.069883919288792,2.8180250467354577,3.6942332594402587,True,"Ahead 11+, excluding final 2",-3.50919654524142,11.075503563362144,-1.7389095295780628
2024,NYK,1303,1498,1516,1676,1510.6197922539855,1759.734513089018,5.380207746014644,83.7345130890181,-6.325676933121846,52.14365794722294,0,0,45,116.34689178818113,115.933982521411,0.41290926677011847,-0.4854702174306866,0.3579645872265232,111.88251001335114,117.4722638911227,5.589753877771568,3.4808850432058036,4.9313611948773906,4.464381774829988,6.002663144541687,2.995414825775117,5.289325782103914,True,"Ahead 11+, excluding final 2",-3.705258519399296,14.586583498838415,1.0495161306335268
2024,OKC,1693,1933,2029,2147,1958.8119303717378,2273.953764407192,70.18806962826216,126.95376440719203,58.481811067310524,93.66251901625726,0,0,54,119.84642646190196,115.70064562148482,4.145780840417139,3.45433024614947,3.7077691298606528,111.07087428867047,117.63858067290181,6.567706384231352,4.845448474715844,5.951887689038538,8.775552173231489,10.71348722464849,8.299778720865314,9.65965681889919,True,"Ahead 11+, excluding final 2",0.709447991877906,19.920778311085318,2.6093904752052826
2024,ORL,1238,1378,1421,1542,1440.128967341248,1620.6623398593215,-19.128967341248025,78.66233985932146,-33.276147245794036,60.927180226107495,0,0,44,114.78190630048465,116.32705713580356,-1.5451508353189034,-2.6878955772046877,-1.330248076581921,111.90130624092889,117.60974890125699,5.708442660328118,4.421420916263243,4.98493915458311,2.8806000595557606,4.163291825009215,1.7335253390585557,3.6546910780011888,True,"Ahead 11+, excluding final 2",-2.6935682082222,10.825393803958947,1.917977762391117
2024,PHI,1275,1455,1486,1672,1479.3377109938908,1707.7272110320507,6.662289006109281,35.727211032050725,-11.630347331548911,-1.9540838286905269,0,0,47,116.54901960784314,116.02648713677576,0.5225324710673946,-0.9121841044352088,0.4516806105836801,114.91408934707904,117.36956776852583,2.4554784214467853,-0.13430129406807745,2.158743869006086,1.6349302607640936,2.97801089251418,-1.0464853985032863,2.610424479589766,True,"Ahead 11+, excluding final 2",-6.955620494465037,12.765139366533782,-0.6783737989485292
2024,PHX,1753,1994,2020,2394,2033.6628839845405,2336.6956872356054,-13.662883984540574,-57.304312764394645,-8.452698185320962,-85.44062018328668,0,0,54,115.23103251568739,116.01043262889564,-0.7794001132082472,-0.48218472249406513,-0.6995844334122158,120.06018054162487,117.18634339195614,-2.8738371496687383,-4.284885666162823,-2.6118647568092364,-4.829148025937485,-3.6532372628769854,-4.7670703886568875,-3.311449190221452,True,"Ahead 11+, excluding final 2",-10.134792598201468,1.618738755760612,-7.387627979829649
2024,POR,404,474,452,565,469.3585405670556,555.6961327520291,-17.358540567055602,-9.303867247970876,-23.68820337656465,-16.557974675095554,1,0,20,111.88118811881188,116.17785657600386,-4.296668457191981,-5.863416677367488,-2.873930557459537,119.19831223628692,117.2354710447319,-1.9628411915550372,-3.493243602340834,-1.380395734120308,-7.317124117475046,-6.259509648747018,-9.356660279708322,-4.2543262915798445,True,"Ahead 11+, excluding final 2",-22.929964869930476,7.477055666438576,4.03964092373721
2024,SAC,1571,1784,1779,2113,1829.2989448762505,2095.4009375492055,-50.29894487625058,-17.59906245079462,-62.14985904397368,-19.267082810420735,0,0,53,113.23997453851051,116.44168968021964,-3.201715141709139,-3.9560699582414816,-2.8401436971344203,118.44170403587444,117.45520950387923,-0.9864945319952141,-1.0799934310773955,-0.887049518689245,-5.201729497363928,-4.188209673704353,-5.036063389318877,-3.7271932158236654,True,"Ahead 11+, excluding final 2",-12.179140661903004,2.8002209331549675,-5.714601522961687
2024,SAS,825,943,953,1133,954.8114589120936,1099.207423015072,-1.8114589120936089,-33.79257698492804,-15.779132532239613,-56.88608379880876,0,0,32,115.51515151515152,115.73472229237498,-0.21957077722346774,-1.9126221251199529,-0.17672769874083988,120.14846235418877,116.5649441161264,-3.5835182380623585,-6.032458515250133,-2.9564809260654457,-4.63331083903725,-3.8030890152858263,-7.945080640370087,-3.1332086248062856,True,"Ahead 11+, excluding final 2",-15.21501548745939,5.330665337583018,3.0120664188541464
2024,TOR,779,878,932,1085,904.361216396082,1023.1450995611817,27.63878360391797,-61.85490043881831,21.02070650710683,-69.9765302193529,0,0,31,119.6405648267009,116.09258233582568,3.547982490875221,2.6984218879469615,2.823164821646371,123.57630979498862,116.53133252405259,-7.044977270936027,-7.969992052318098,-5.737931395066634,-3.9357449682877217,-3.4969947800608057,-5.271570164371136,-2.914766573420263,True,"Ahead 11+, excluding final 2",-16.28213977102036,5.676617498304263,4.038008711853566
2024,UTA,739,863,857,1022,858.7744460035808,1012.4182134880621,-1.7744460035807719,-9.581786511937974,-10.615979496126347,-30.99736308379903,0,0,29,115.96752368064952,116.20763816015979,-0.2401144795102533,-1.4365330847261633,-0.18897188536536444,118.42410196987254,117.31381384566188,-1.1102881242106575,-3.5918149575665153,-0.9013910171155196,-2.4565782892230175,-1.3504026037209107,-5.028348042292679,-1.090362902480884,True,"Ahead 11+, excluding final 2",-13.016025068826861,7.145428686874067,3.3404525682887956
2024,WAS,535,640,587,787,624.3831056082201,750.2339336471889,-37.383105608220156,-36.76606635281111,-46.559925961810364,-47.786530760001966,0,0,24,109.7196261682243,116.70712254359255,-6.987496375368254,-8.702789899403808,-5.0861368174449195,122.96875,117.22405213237327,-5.744697867626735,-7.466645431250308,-4.376912661048942,-13.249123831775705,-12.73219424299499,-16.169435330654117,-9.463049478493861,True,"Ahead 11+, excluding final 2",-25.37481510909736,-2.188146232165217,-2.514095248558826
2025,ATL,906,1070,1045,1338,1056.4052577628158,1246.015781633668,-11.405257762815738,-91.98421836633199,-20.9900721579428,-119.2053439808,0,0,39,115.34216335540839,116.60102182812537,-1.258858472716969,-2.3167850063954525,-1.0312167959146237,125.04672897196262,116.45007304987551,-8.596655922087102,-11.140686353345794,-7.242851839868661,-9.704565616554234,-9.855514394804072,-13.457471359741247,-8.274068635783284,True,"Ahead 11+, excluding final 2",-20.377888344244724,-0.6843840921461432,-8.869622160861985
2025,BKN,578,699,582,868,673.8640023466604,815.0924749262863,-91.8640023466604,-52.90752507371368,-90.6867945781273,-57.99162899024153,0,0,31,100.69204152249135,116.58546753402429,-15.893426011532942,-15.68975684742687,-11.80771238388951,124.17739628040057,116.60836551162893,-7.569030768771627,-8.296370384870034,-5.8851529559192075,-23.48535475790922,-23.46245678030457,-23.9861272322969,-17.69286533980872,True,"Ahead 11+, excluding final 2",-33.38695141458657,-14.650887680007477,-15.760420053300347
2025,BOS,2086,2309,2513,2631,2416.1591717836004,2696.606362554156,96.84082821639937,65.60636255415619,83.30408304421019,46.97646257826065,0,0,58,120.46979865771812,115.8273811976798,4.64241746003832,3.9934843261845727,4.236256702379675,113.94543092247726,116.7867632115269,2.84133228904964,2.034493831886559,2.614841074298772,6.524367735240858,7.483749749087961,6.027978158071132,6.851097776678447,True,"Ahead 11+, excluding final 2",0.8491242315520338,14.06289482038133,-2.5883294360647735
2025,CHA,314,396,373,534,363.8999099564286,460.18116585069237,9.100090043571422,-73.8188341493076,1.3921816295258955,-78.37384299375974,0,0,19,118.78980891719745,115.8916910689263,2.8981178482711534,0.44336994570888394,1.7704455337687592,134.84848484848484,116.20736511381119,-18.641119734673637,-19.79137449337367,-12.385710427736175,-16.058675931287397,-15.743001886402483,-19.348004547664786,-10.615264893967415,False,"Ahead 11+, excluding final 2",-49.16486728123403,2.174186628787221,-5.486181986044588
2025,CHI,904,1045,1125,1254,1051.7814970941004,1218.6320126157948,73.21850290589963,-35.367987384205314,59.24738927820162,-61.39452104082608,0,0,36,124.44690265486726,116.34751074049782,8.099391914369427,6.5539147431638956,6.632110770461923,120.0,116.61550359959759,-3.3844964004024223,-5.875073783811108,-2.840802199534563,4.446902654867259,4.714895513967004,0.6788409593527875,3.7913085709273595,True,"Ahead 11+, excluding final 2",-5.954351962282258,13.591159522523634,6.152124432188222
2025,CLE,2172,2398,2661,2777,2515.9124865146287,2804.53545974521,145.0875134853715,27.535459745210098,138.5899949409287,-3.010277053048741,0,0,60,122.51381215469613,115.83390821890556,6.679903935790584,6.38075483153447,6.116674261609253,115.80483736447039,116.95310507694788,1.1482677124774852,-0.12553282122805423,1.0598714297617435,6.708974790225739,7.82817164826807,6.255222010306416,7.176545691370997,True,"Ahead 11+, excluding final 2",1.0997362132855706,13.709329435644838,-2.388199653481662
2025,DAL,1077,1243,1239,1449,1251.700573249868,1449.4766456523603,-12.70057324986797,0.47664565236026335,-20.264321021509836,-17.606190766132226,0,0,43,115.041782729805,116.22103744195617,-1.1792547121511578,-1.8815525553862429,-0.9945632928635842,116.57280772325021,116.61115411523413,0.03834639198393108,-1.416427253912488,0.03303157674014299,-1.5310249934452003,-1.1409083201672268,-3.297979809298731,-0.9615317161234412,True,"Ahead 11+, excluding final 2",-13.589534448094941,7.702538143526465,-0.08515644271649725
2025,DEN,1478,1711,1789,2033,1719.093008457666,2000.019031538951,69.90699154233405,-32.98096846104918,60.870134806685655,-47.89326202929211,1,0,46,121.04194857916103,116.31211153299499,4.729837046166039,4.118412368517298,4.16609007999607,118.81940385739334,116.89181949380192,-1.927584363591419,-2.7991386340907134,-1.7258486897461631,2.22254472176769,2.80225268257462,1.3192737344265844,2.4402413902499065,True,"Ahead 11+, excluding final 2",-4.677975137556571,9.558940448523643,-2.0156499785295487
2025,DET,1375,1588,1529,1826,1603.475977919628,1855.8251323721688,-74.47597791962788,29.825132372168703,-93.74223057850982,4.340795527719496,0,0,44,111.2,116.61643475779113,-5.4164347577911185,-6.817616769346169,-4.728633518706531,114.98740554156171,116.86556249195019,1.8781569503884574,0.2733498443148297,1.6680722803226344,-3.7874055415617107,-3.538277807402661,-6.544266925031339,-3.060561238383897,True,"Ahead 11+, excluding final 2",-13.004996521135663,5.340404200917487,-5.322407761765396
2025,GSW,1308,1499,1543,1742,1517.3301445634559,1749.0310843775599,25.669855436544104,7.031084377559958,12.980394333576754,-0.36118913397488517,0,0,46,117.96636085626912,116.0038336822214,1.9625271740477144,0.9923848878881312,1.702245055473747,116.2108072048032,116.6798588644136,0.4690516596104042,-0.024095339157764187,0.4138366319929346,1.7555536514659167,2.4315788336581186,0.968289548730367,2.1160816874666817,True,"Ahead 11+, excluding final 2",-8.066003074252745,11.308340970184124,-0.9420422619154918
2025,HOU,1554,1732,1873,2015,1803.6919019364436,2024.6831767652209,69.30809806355637,9.683176765220821,47.53792179508337,-7.418880164176624,0,0,51,120.52767052767052,116.06768995730012,4.459980570370423,3.0590683265819414,3.9514309044216858,116.33949191685912,116.8985667878303,0.559074870971179,-0.42834181086470113,0.501199625529028,4.188178610811406,5.019055441341601,2.63072651571724,4.452630529950714,True,"Ahead 11+, excluding final 2",-3.833908225477625,12.229834783246398,0.04422275973035017
2025,IND,963,1166,1113,1413,1122.908112091944,1360.4677982364196,-9.908112091944117,-52.53220176358027,-16.71253576938154,-65.19451282151383,0,0,46,115.57632398753894,116.60520374786543,-1.0288797603264919,-1.735465811981468,-0.8519442899350058,121.1835334476844,116.67819881959002,-4.505334628094363,-5.591296125344239,-3.845695590306023,-5.607209460145455,-5.534214388420855,-7.326761937325707,-4.697639880241029,True,"Ahead 11+, excluding final 2",-18.188638285354305,7.192374206124885,-7.968053632055369
2025,LAC,1395,1562,1630,1742,1621.74774715438,1828.3990847900927,8.25225284561995,86.39908479009281,-14.543212602880967,62.24407517163851,0,0,50,116.84587813620071,116.25431879242866,0.5915593437720394,-1.0425242009233668,0.5173826235498401,111.52368758002561,117.05499902625432,5.531311446228734,3.9848959776977275,4.903466787178934,5.3221905561751015,6.122870790000773,2.942371776774361,5.420849410728774,True,"Ahead 11+, excluding final 2",-2.9842122512084197,15.130459744653018,0.9996455671380362
2025,LAL,1492,1755,1641,2072,1739.3597969863224,2043.0285582137392,-98.35979698632251,-28.971441786260826,-104.98799824346392,-33.80861826501533,0,0,51,109.98659517426273,116.57907486503501,-6.5924796907722865,-7.036729104789806,-5.813226772241283,118.06267806267806,116.41188365890252,-1.6507944037755455,-1.926416995157569,-1.4819151808829067,-8.076082888415328,-8.243274094547832,-8.963146099947375,-7.2951419531241894,True,"Ahead 11+, excluding final 2",-15.706708340492302,-0.6936485993726448,-9.871651783096004
2025,MEM,1618,1821,1908,2055,1880.7408859054128,2131.977535506521,27.2591140945872,76.977535506521,5.496687837141239,36.67254921904461,0,0,48,117.92336217552534,116.2386208841417,1.684741291383634,0.33972112714099123,1.4994012153238283,112.8500823723229,117.07729464615709,4.227212273834211,2.0138687105461073,3.8088834985908457,5.073279803202439,5.9119535652178445,2.3535898376870987,5.308284713914674,True,"Ahead 11+, excluding final 2",-2.900841135804091,13.152120404152274,1.1117187808402198
2025,MIA,1019,1242,1155,1462,1186.5538915384122,1448.2989585347786,-31.553891538412213,-13.701041465221376,-44.776130887704156,-43.08919982513507,0,0,52,113.34641805691855,116.44297267305322,-3.0965546161346627,-4.394124719107376,-2.588506278786892,117.7133655394525,116.6102221042495,-1.1031434352030094,-3.4693397604778635,-0.950141571790664,-4.366947482533945,-4.199698051337672,-7.8634644795852395,-3.538647850577556,True,"Ahead 11+, excluding final 2",-15.899618443731173,6.284250682158226,-4.529555431869086
2025,MIL,1363,1533,1532,1726,1588.7762117372765,1792.144973843013,-56.77621173727657,66.14497384301313,-67.64090191084642,45.48273622606077,0,0,41,112.3991195891416,116.56465236517069,-4.165532776029096,-4.962648709526516,-3.6325151463388723,112.58969341161122,116.90443404064011,4.314740629028906,2.9669103865662603,3.816790181362558,-0.19057382246961652,0.14920785299981,-1.995738322960256,0.1842750350236857,True,"Ahead 11+, excluding final 2",-7.75394755759236,7.54778439324519,-2.182485819924458
2025,MIN,1242,1431,1465,1643,1446.4258316793926,1673.1439000218695,18.57416832060748,30.143900021869452,4.135725183007546,15.19301806237054,0,0,50,117.9549114331723,116.45940673747121,1.4955046957010854,0.3329891451696897,1.28808379477167,114.81481481481481,116.92130678000487,2.1064919651900387,1.0617063635479063,1.8481851638178697,3.1400966183574894,3.601996660891124,1.394695508717596,3.1362689585895396,True,"Ahead 11+, excluding final 2",-3.9331222894522693,10.473400608153753,-2.0800447347975135
2025,NOP,356,458,388,591,413.0065002418007,533.0357279809834,-25.006500241800712,-57.96427201901656,-33.97190644553453,-64.8722091922171,0,0,27,108.98876404494382,116.01306186567437,-7.0242978207305375,-9.54267034986925,-4.49757198593538,129.03930131004367,116.38334672073874,-12.655954589304926,-14.164237814894562,-8.809159881309508,-20.050537265099848,-19.680252410035465,-23.70690816476381,-13.306731867244888,True,"Ahead 11+, excluding final 2",-41.48528735261432,-7.714265952773938,-8.797815458433572
2025,NYK,1593,1795,1932,2081,1844.8989315191845,2099.713771248456,87.10106848081551,18.71377124845592,70.48126484716406,1.0294339102703516,0,0,50,121.28060263653484,115.81286450214593,5.467738134388922,4.424435960273952,4.857839848344424,115.93314763231197,116.97569756258808,1.0425499302760959,0.0573500785665934,0.9380336465391439,5.347455004222866,6.510288064665017,4.4817860388405455,5.795873494883568,True,"Ahead 11+, excluding final 2",-0.8971293934209426,12.86114612709565,1.6477032444021171
2025,OKC,2595,2797,3138,3133,3010.4640051730116,3277.5744726613275,127.5359948269885,144.57447266132732,99.94838930206956,114.7152663822161,0,0,65,120.92485549132948,116.01017360974997,4.914681881579519,3.8515756956481524,4.5630051816453845,112.01287093314265,117.18178307691554,5.168912143772875,4.1013681223530964,4.8239730617726835,8.91198455818683,10.083594025352394,7.952943818001248,9.386978243418067,True,"Ahead 11+, excluding final 2",4.93665718724645,14.908042123534349,-3.76101372749123
2025,ORL,1065,1186,1214,1301,1237.9315002820604,1385.2509522677415,-23.931500282060455,84.25095226774148,-40.57508374816049,61.18337227903277,0,0,41,113.9906103286385,116.23769955700097,-2.247089228362484,-3.8098670186066186,-1.891818204115451,109.6964586846543,116.80024892645375,7.103790241799451,5.158800360795342,6.078712284829833,4.294151643984193,4.856701013436966,1.3489333421887237,4.1868940807143815,True,"Ahead 11+, excluding final 2",-3.335386602195726,12.498473711864708,4.820310985479689
2025,PHI,569,669,618,815,662.252925756911,779.4661978558509,-44.252925756911,-35.533802144149185,-44.96692781010536,-48.62348201389618,0,0,27,108.6115992970123,116.38891489576643,-7.77731559875413,-7.9027992636389035,-5.754606730417555,121.8236173393124,116.51213719818399,-5.3114801411284285,-7.26808400805623,-4.0890451259089975,-13.212018042300102,-13.088795739882558,-15.170883271695134,-9.843651856326552,True,"Ahead 11+, excluding final 2",-24.240547712257406,-4.230878174001533,-5.8201060401362295
2025,PHX,867,1069,951,1336,1009.612896153578,1246.7804375336777,-58.61289615357803,-89.21956246632219,-71.15379587925395,-106.35286936393354,0,0,40,109.68858131487889,116.44900763017047,-6.760426315291584,-8.206896871886268,-5.493242376155392,124.97661365762394,116.63053671970793,-8.346076937916013,-9.94881846248209,-7.030698381900882,-15.288032342745055,-15.106503253207597,-18.15571533436836,-12.523940758056273,True,"Ahead 11+, excluding final 2",-29.35413443506818,-4.197758662075667,-11.969322748524636
2025,POR,917,1034,1048,1164,1070.1174201739684,1207.50950841926,-22.11742017396846,43.50950841926016,-34.82690690256695,28.438595760316158,0,0,36,114.28571428571429,116.69764669290822,-2.411932407193943,-3.797917873780474,-1.9800734264967286,112.5725338491296,116.78041667497679,4.207882825847211,2.7503477524483713,3.525892092322541,1.7131804365846932,1.7959504186532675,-1.047570121332103,1.5458186658258124,True,"Ahead 11+, excluding final 2",-9.374455837043582,12.33989570475937,4.690333860793577
2025,SAC,909,1091,1087,1310,1058.5055622743089,1272.7589023518203,28.494437725691142,-37.24109764817977,15.33727028109963,-53.91256926595724,0,0,43,119.58195819581958,116.44725657583156,3.134701619988024,1.687268457766736,2.569381219629499,120.07332722273144,116.65984439521726,-3.4134828275141857,-4.941573718236227,-2.88467061566071,-0.4913690269118547,-0.27878120752616153,-3.254305260469491,-0.31528939603121087,True,"Ahead 11+, excluding final 2",-14.884952770946594,10.503355316422194,-0.9269329640710695
2025,SAS,882,1036,999,1226,1025.8863925782878,1207.2380803270448,-26.886392578287694,-18.76191967295523,-26.770698774500566,-22.74944326495379,0,0,40,113.26530612244898,116.31364995218682,-3.048343829737834,-3.0352266184241006,-2.4848791662003418,118.33976833976834,116.52877223234024,-1.810996107428111,-2.1958922070418714,-1.5179546660967014,-5.074462217319365,-4.859339937165945,-5.2311188254659715,-4.002833832297043,True,"Ahead 11+, excluding final 2",-17.02841244183792,5.954140560916097,-1.6415950922128468
2025,TOR,837,1014,885,1165,978.0580343379162,1183.6565466721365,-93.05803433791623,18.65654667213653,-108.19917183805792,-9.769566284032836,0,0,36,105.73476702508961,116.85281174885498,-11.11804472376538,-12.92702172497705,-8.973773803077746,114.89151873767258,116.73141485918505,1.839896121512478,-0.963468075348406,1.5367830866669299,-9.156751712582974,-9.278148602252902,-13.890489800325456,-7.436990716410817,True,"Ahead 11+, excluding final 2",-21.041868982919762,1.9511065678642538,-4.713544982804942
2025,UTA,591,705,645,842,688.3283303806758,822.6017277135727,-43.32833038067574,-19.398272286427343,-43.27830347709734,-30.093166451408305,0,0,30,109.13705583756345,116.46841461601959,-7.331358778456131,-7.322893989356572,-5.477665029162545,119.43262411347517,116.68109612958479,-2.751527983890403,-4.26853424842671,-2.14345550126269,-10.29556827591172,-10.082886762346535,-11.591428237783283,-7.621120530425236,True,"Ahead 11+, excluding final 2",-28.933898403685628,3.938250738908107,-0.3926343853850991
2025,WAS,310,409,318,524,360.7095960221615,476.87164997595823,-42.70959602216155,-47.12835002404176,-47.50820385475288,-55.676630452754,0,0,23,102.58064516129032,116.35793420069726,-13.777289039406952,-15.325227049920285,-8.374430592580696,128.11735941320293,116.59453544644455,-11.522823966758375,-13.612868081357945,-7.7386453241447875,-25.536714251912613,-25.300113006165326,-28.93809513127823,-16.113075916725485,True,"Ahead 11+, excluding final 2",-39.20551963338704,-13.269316269164603,-11.301959875904306
2026,ATL,1608,1792,1880,2022,1858.6154922840808,2058.8173143823396,21.384507715919202,36.81731438233984,-1.6159251408416095,13.705628304403117,0,0,45,116.91542288557214,115.5855405649304,1.3298823206417414,-0.10049285701751304,1.1827714444645576,112.83482142857143,114.88935906151448,2.054537632943071,0.7648230080582097,1.848258754133526,4.080601457000711,3.3844199535848123,0.6643301510406967,3.0310301985980836,True,"Ahead 11+, excluding final 2",-3.572995452231459,10.872542333491811,0.9691680670215379
2026,BKN,601,713,655,822,696.5623430437698,814.6845151002211,-41.56234304376988,-7.31548489977892,-61.09593856265416,-22.069094670756396,0,0,28,108.98502495840266,115.9005562468835,-6.915531288480845,-10.165713571157099,-5.188806871881384,115.2875175315568,114.26150281910536,-1.0260147124514614,-3.0952446943557357,-0.8012579298772092,-6.30249257315414,-7.9415460009323064,-13.260958265512834,-5.990064801758593,True,"Ahead 11+, excluding final 2",-24.22251780626064,5.159274327140426,2.5395555286285054
2026,BOS,1880,2110,2276,2411,2170.664663157068,2413.033099793841,105.33533684293187,2.0330997938410533,80.18668645573398,-21.267870293278992,0,0,57,121.06382978723404,115.4608863381419,5.602943449092121,4.265249279560318,5.064198886679416,114.26540284360189,114.36175828406829,0.09635544046640063,-1.0079559380700944,0.08801297808835729,6.798426943632151,5.699298889558521,3.2572933414902234,5.152211864767773,True,"Ahead 11+, excluding final 2",-1.6402952972152471,12.189671237356816,-2.9596502773300832
2026,CHA,1651,1850,1976,2030,1905.8306215067162,2121.6657926794896,70.16937849328382,91.66579267948951,52.361780211472,71.83865180218471,0,0,49,119.68503937007874,115.43492559095797,4.250113779120764,3.1715190921545733,3.7908902481514755,109.72972972972973,114.68463744213457,4.954907712404839,3.8831703676856604,4.471502081926317,9.955309640349014,9.205021491525603,7.054689459840233,8.262392330077793,True,"Ahead 11+, excluding final 2",0.8111614340398314,16.372967396242313,4.154649629740133
2026,CHI,636,746,697,867,736.2828560149453,853.7552226704905,-39.28285601494537,-13.244777329509445,-47.08429429084714,-20.348128686626556,0,0,29,109.59119496855345,115.76774465643794,-6.176549687884491,-7.403190926233827,-4.698906221883417,116.21983914209115,114.44439982178156,-1.775439320309577,-2.727631191236804,-1.4000821701384192,-6.628644173537694,-7.951989008194069,-10.13082211747063,-6.098988392021836,True,"Ahead 11+, excluding final 2",-21.924961132658684,2.670223227129589,-2.610472812901447
2026,CLE,1487,1699,1735,1992,1718.3974237150676,1934.1568238844393,16.602576284932404,-57.84317611556062,1.5011941422123043,-80.12745468108935,0,0,50,116.67787491593813,115.56136003463803,1.1165148813000945,0.10095454890466068,0.9841479718395023,117.24543849323132,113.84089604970214,-3.4045424435291713,-4.716153895296607,-3.045980838102192,-0.5675635772931855,-2.288027562229077,-4.615199346391946,-2.0618328662626895,True,"Ahead 11+, excluding final 2",-10.304569741066214,4.970978255192497,-6.906756344427149
2026,DAL,596,716,685,908,692.0690312753608,814.3969936379247,-7.06903127536077,-93.60300636207532,-17.51484496406739,-95.86076136965853,0,0,26,114.93288590604027,116.11896497908738,-1.186079073047109,-2.9387323765213744,-0.8880692556985891,126.81564245810056,113.74259687680511,-13.073045581295435,-13.388374492969069,-10.21866881682045,-11.882756552060286,-14.259124654342545,-16.327106869490443,-11.10673807251904,True,"Ahead 11+, excluding final 2",-26.971945770040083,-5.206044668233107,-8.650883064926223
2026,DEN,1386,1641,1607,1934,1608.1650793676015,1877.5554773894596,-1.1650793676015827,-56.44452261054032,-14.811504053893648,-76.4746998096902,0,0,58,115.94516594516594,116.02922650559894,-0.08406056043301463,-1.0686510861395129,-0.07346023755369374,117.85496648385131,114.41532464286773,-3.439641840983566,-4.660249836056685,-3.0659708099152807,-1.9098005386853742,-3.5237024014165805,-5.728900922196198,-3.1394310474689746,True,"Ahead 11+, excluding final 2",-14.250460774098059,6.205069871269667,-8.963791697915209
2026,DET,1853,2103,2140,2387,2145.1048154157006,2410.7476372836873,-5.104815415700797,23.74763728368726,-31.410271524729293,-8.607879988322583,0,0,55,115.48839719373989,115.76388642286567,-0.27548922912578505,-1.6951036980425953,-0.24865150587923998,113.50451735615788,114.63374404582441,1.1292266896665366,-0.4093143123310786,1.0311609762782137,1.983879837582009,0.8537374605407515,-2.104418010373674,0.7825094703989737,True,"Ahead 11+, excluding final 2",-7.342938348268502,8.508064667319319,-7.969643895791776
2026,GSW,943,1133,1069,1339,1090.0662601550055,1297.061359007103,-21.066260155005484,-41.93864099289703,-37.803242086150995,-53.41364263357833,0,0,41,113.36161187698833,115.59557371739189,-2.2339618404035506,-4.008827368626829,-1.8430673801404622,118.18181818181819,114.48026116567547,-3.7015570161427207,-4.7143550426812295,-3.1461846206224324,-4.820206304829853,-5.935518856546271,-8.72318241130806,-4.989252000762894,True,"Ahead 11+, excluding final 2",-16.838870874525004,3.9250215850631593,-6.025713615019566
2026,HOU,1530,1733,1835,1971,1767.5982208771827,1986.237166234058,67.40177912281735,15.237166234057895,36.92973878606507,-3.633995913545492,0,0,50,119.93464052287581,115.52929548216879,4.405345040707016,2.413708417389874,3.896056596694644,113.733410271206,114.61264663785677,0.879236366650773,-0.20969393615380794,0.7882651957608844,6.201230251669813,5.2845814073577895,2.204014481236066,4.6843217924555285,True,"Ahead 11+, excluding final 2",-3.656705679964661,11.887359380604392,-0.2542131040623232
2026,IND,579,672,609,748,670.5272957897221,768.9313486891406,-61.5272957897221,20.931348689140563,-69.76286029144839,13.624234947646796,0,0,26,105.18134715025907,115.80782310703319,-10.626475956774112,-12.048853245500585,-7.898240794572799,111.30952380952381,114.42430784064592,3.1147840311221078,2.027415914828392,2.4003840239840097,-6.128176659264739,-7.511691925652004,-10.021437330672192,-5.49785677058879,True,"Ahead 11+, excluding final 2",-24.054538610251317,2.9317023347771967,0.7862404645079852
2026,LAC,1435,1597,1657,1792,1657.8037149645659,1824.0551778884349,-0.8037149645657986,32.055177888434855,-17.19262634322649,9.020685791113067,0,0,44,115.47038327526133,115.52639128672934,-0.056008011467999906,-1.198092428099407,-0.04915687856671551,112.21039448966813,114.21760663045929,2.007212140791162,0.5648519593683824,1.7838162430959852,3.259988785593194,1.951204129323162,-0.6332404687310246,1.7346593645292696,True,"Ahead 11+, excluding final 2",-6.716717375088481,9.137669002042395,0.7114580925298151
2026,LAL,1414,1575,1669,1822,1635.0277571758484,1800.074034866302,33.97224282415172,-21.92596513369795,3.387986955262976,-50.03619679042249,0,0,48,118.03394625176803,115.6313831100317,2.402563141736331,0.23960303785452447,2.104847758621544,115.68253968253968,114.29041491214616,-1.3921247703935207,-3.176901383518888,-1.2352656413350958,2.3514065692283452,1.0104383713428102,-2.9372983456643635,0.8695821172864484,True,"Ahead 11+, excluding final 2",-5.357600546529286,6.108556654749699,-0.5455796099540089
2026,MEM,766,883,859,1051,884.6271510044104,1005.3583692075675,-25.627151004410386,-45.64163079243244,-26.833272409500264,-60.6553027343998,0,0,33,112.14099216710183,115.48657323817368,-3.3455810710718517,-3.5030381735640033,-2.6529141826511786,119.02604756511892,113.85711995555693,-5.168927609561997,-6.869230207746296,-4.214370340944823,-6.885055398017087,-8.514508680633849,-10.372268381310299,-6.867284523596002,True,"Ahead 11+, excluding final 2",-23.0548456349177,2.1965846223969554,-1.973734266705641
2026,MIA,1529,1730,1763,1984,1767.6420268665213,1977.3407528309335,-4.64202686652135,-6.659247169066408,-33.5428048482475,-24.541405980738144,0,0,51,115.30412034009156,115.60771921952396,-0.303598879432397,-2.1937740253922495,-0.26848044340782823,114.6820809248555,114.29715334282852,-0.38492758202696,-1.4185783803894882,-0.34503871342313,0.6220394152360598,-0.6885264614593569,-3.6123524057817376,-0.6135191568309581,True,"Ahead 11+, excluding final 2",-10.981021534918126,7.361976676073014,-3.0198669960384525
2026,MIL,737,847,808,970,856.2533374069496,972.566061036662,-48.25333740694967,2.566061036661921,-64.87843159145497,-23.52855382143482,0,0,35,109.6336499321574,116.18091416647891,-6.547264234321529,-8.803043635204203,-5.1497692003147995,114.52184179456907,114.82480059464723,0.30295880007814885,-2.7778694004055278,0.24508701400782434,-4.888191862411674,-6.24430543424338,-11.580913035609731,-4.904682186306975,True,"Ahead 11+, excluding final 2",-15.175933540547843,1.2467784794955887,0.25578170022812863
2026,MIN,1321,1476,1563,1653,1525.863732768265,1696.9569716113613,37.13626723173507,43.95697161136132,15.750557591552962,16.68110570622176,0,0,47,118.31945495836487,115.50823109525093,2.811223863113934,1.192320786642919,2.441569180258716,111.99186991869918,114.96998452651499,2.978114607815807,1.1301562131586558,2.6227310030645175,6.327585039665692,5.789338470929741,2.322476999801575,5.064300183323233,True,"Ahead 11+, excluding final 2",-3.6241910384076914,13.346663657716668,2.4791397221652467
2026,NOP,647,767,745,926,749.8233379679838,879.8009109894949,-4.823337967983742,-46.19908901050506,-25.767965001322246,-66.52639204696283,0,0,31,115.14683153013911,115.89232426089394,-0.7454927307548287,-3.982683926015803,-0.5694613893723426,120.73011734028684,114.70676805599672,-6.023349284290099,-8.673584360751347,-4.777568667063605,-5.5832858101477285,-6.768842015044927,-12.65626828676715,-5.347030056435948,True,"Ahead 11+, excluding final 2",-20.057209954674484,3.62224711008566,-1.9633438021683975
2026,NYK,1582,1772,1925,1972,1825.239679138445,2029.341021427916,99.76032086155502,57.34102142791617,77.03133479918681,38.66010222972318,0,0,49,121.68141592920354,115.37545380141876,6.305962127784767,4.86923734508134,5.598222270569866,111.28668171557563,114.52263100609008,3.2359492905144562,2.1817213447925043,2.90775970729798,10.394734213627913,9.541911418299224,7.050958689873845,8.505981977867846,True,"Ahead 11+, excluding final 2",-0.32055662903563653,17.2906400280538,2.8209484891700267
2026,OKC,2204,2408,2600,2536,2542.3711727762175,2764.6991104899857,57.628827223782324,228.69911048998577,35.15105100294275,209.57945129491162,0,0,63,117.96733212341198,115.35259404610788,2.6147380773040982,1.5948752723658235,2.397205791338699,105.3156146179402,114.8130859838034,9.497471365863197,8.703465585336861,8.769137672162032,12.65171750547178,12.112209443167295,10.298340857702685,11.16634346350073,True,"Ahead 11+, excluding final 2",5.367652273475943,18.157831674161496,0.9563216871796048
2026,ORL,957,1169,1090,1374,1108.1459589441329,1342.5548459906195,-18.145958944132893,-31.4451540093806,-26.520236335806544,-39.66133129256722,0,0,43,113.89759665621735,115.79372611746425,-1.8961294612469062,-2.7711845700947277,-1.5683629165196968,117.53635585970915,114.84643678277327,-2.6899190769358943,-3.392757167884279,-2.296943316974478,-3.6387592034918015,-4.5860485381828004,-6.163941737979007,-3.8653062334941746,True,"Ahead 11+, excluding final 2",-17.82296602455218,6.77345773707706,-5.319843283554056
2026,PHI,1086,1253,1198,1430,1257.4164765865742,1433.802074549558,-59.416476586574205,3.8020745495579913,-81.1501915422462,-26.222769941058026,0,0,42,110.31307550644567,115.78420594719836,-5.47113044075269,-7.472393328015304,-4.62025478900266,114.12609736632083,114.4295350797732,0.30343771345235365,-2.092798877977496,0.26167065034810677,-3.813021859875164,-5.167692727300336,-9.565192205992801,-4.358584138654553,True,"Ahead 11+, excluding final 2",-14.746233459479047,3.004910874229237,-4.890915954706216
2026,PHX,1330,1484,1533,1701,1540.0905818494948,1700.9975917587306,-7.090581849494922,-0.0024082412695363153,-21.789463611341343,-20.179113073899973,0,0,51,115.26315789473684,115.79628434958607,-0.5331264548492423,-1.638305534687319,-0.4634367221892106,114.62264150943396,114.62247922902496,-0.000162280408998404,-1.3597785090229093,-0.00014300720127887858,0.6405163853028739,-0.5332887352582406,-2.9980840437102283,-0.46357972939048947,True,"Ahead 11+, excluding final 2",-8.853972410305628,6.137816363261895,-1.988380880423437
2026,POR,1159,1354,1269,1580,1346.573507714762,1550.7876635241719,-77.5735077147619,-29.21233647582813,-105.19341544315769,-54.162856801351126,0,0,43,109.4909404659189,116.18408177003985,-6.6931413041209575,-9.07622221252439,-5.708131546340096,116.69128508124076,114.53380085112052,-2.157484230120246,-4.0002109897600535,-1.8798157320352724,-7.2003446153218675,-8.850625534241203,-13.076433202284445,-7.587947278375368,True,"Ahead 11+, excluding final 2",-19.644060259990916,0.4485228896530826,-8.38541990653942
2026,SAC,453,546,474,661,527.0521805589078,625.1707086371083,-53.05218055890786,-35.82929136289175,-55.549615245577,-41.098305366377424,0,0,22,104.63576158940397,116.34705972602822,-11.71129813662425,-12.26260822198168,-8.124376808408554,121.06227106227107,114.50012978701618,-6.5621412752549,-7.527162155014181,-4.802854070092728,-16.426509472867096,-18.273439411879153,-19.78977037699586,-12.927230878501282,True,"Ahead 11+, excluding final 2",-34.91608538632813,-9.048937849549679,-7.780039038308621
2026,SAS,2164,2451,2497,2819,2506.5588284546047,2807.2750745946287,-9.558828454604742,-11.724925405371225,-24.360824177220493,-33.101064099746104,0,0,63,115.38817005545286,115.82989040917766,-0.4417203537248032,-1.1257312466368066,-0.40434976542321244,115.01427988576091,114.5359067562068,-0.47837312955410954,-1.3505126111687518,-0.44228311600796777,0.373890169691947,-0.9200934832789127,-2.4762438578055583,-0.8466328814311802,True,"Ahead 11+, excluding final 2",-7.746890132732403,5.232960894806135,-9.985461572895808
2026,TOR,1293,1503,1510,1713,1496.7691109683064,1723.018971374952,13.230889031693632,10.018971374951825,-6.958264843328278,-16.21717778456567,0,0,50,116.78267594740913,115.75940533397575,1.0232706134333822,-0.538148866460037,0.8861948447216097,113.97205588822355,114.63865411676326,0.666598228539709,-1.0789872112152807,0.5883130578362786,2.810620059185581,1.6898688419730912,-1.6171360776753176,1.4745079025578884,True,"Ahead 11+, excluding final 2",-8.983058414184608,10.516184734720632,-1.2420104982969933
2026,UTA,572,682,669,815,659.7522329182267,777.5701044267856,9.247767081773356,-37.4298955732144,-4.347615520202723,-46.55138272051278,0,0,30,116.95804195804196,115.34129946122843,1.6167424968135236,-0.7600726433920845,1.1978972903851497,119.50146627565982,114.01321179278382,-5.4882544828760125,-6.825715941424161,-4.243752332563991,-2.5434243176178626,-3.871511986062489,-7.585788584816245,-3.0458550421788413,True,"Ahead 11+, excluding final 2",-27.56516848474341,11.099669262306302,4.65039805256766
2026,WAS,523,575,575,674,606.2716153662604,657.433413127293,-31.271615366260473,-16.56658687270705,-36.569039083514106,-26.63598909049183,0,0,19,109.94263862332696,115.92191498398861,-5.979276360661658,-6.992168084801933,-4.325258003632154,117.21739130434783,114.33624576126836,-2.881145543079487,-4.632345928781188,-2.137624112607361,-7.274752681020871,-8.860421903741145,-11.62451401358312,-6.4628821162395145,False,"Ahead 11+, excluding final 2",-23.450817917183187,-0.28029417763666425,4.027294176679797
2023,ATL,1140,979,1378,1113,1342.902837938257,1108.2518199368842,35.09716206174298,-4.748180063115862,46.124104418391624,-1.3732047048564509,0,0,35,120.87719298245614,117.79849455598747,3.0786984264686823,4.045974071788739,2.6191911986375356,113.68743615934628,113.20243308854793,-0.48500307079835164,-0.14026605769728812,-0.40272943707513675,7.18975682310986,2.593695355670331,3.9057080140914504,2.2164617615623987,True,"Behind 11+, excluding final 2",-5.806983782085122,13.861072680354377,2.034409774095777
2023,BKN,1145,963,1391,1123,1347.1735854707988,1091.0978788024695,43.8264145292013,-31.902121197530583,56.402604430665626,-21.12400787664842,0,0,43,121.48471615720524,117.65708170050644,3.827634456698804,4.925991653333242,3.2584694817250037,116.61474558670821,113.30196041562508,-3.312785171083134,-2.1935626040133354,-2.743088667027565,4.869970570497031,0.5148492856156697,2.732429049319907,0.5153808146974388,True,"Behind 11+, excluding final 2",-8.151676510336545,12.326996504686146,-0.8679383335474027
2023,BOS,611,513,742,558,724.0870167989127,581.5338947586539,17.912983201087247,23.53389475865388,20.432067559398952,23.840207034723083,0,0,25,121.44026186579379,118.50851338771075,2.931748478083019,3.344037243764149,2.2087525525385017,108.7719298245614,113.35943367615086,4.5875038515894495,4.647213846924578,3.30068650191499,12.66833204123239,7.519252329672469,7.991251090688728,5.509439054453491,True,"Behind 11+, excluding final 2",-7.939569824668678,27.412431834227554,-0.3788415749812657
2023,CHA,2014,1748,2286,1917,2386.0996879532054,1980.7339066507755,-100.0996879532053,63.73390665077556,-74.42190662580201,74.46936932085457,0,0,55,113.50546176762661,118.47565481396254,-4.970193046335914,-3.6952287301788487,-4.521214451364287,109.66819221967964,113.31429671915191,3.646104499472286,4.2602614027948835,3.2717611217030576,3.837269547946974,-1.3240885468636279,0.5650326726160348,-1.2494533296612294,True,"Behind 11+, excluding final 2",-9.082322504096444,7.742843352368875,6.614669491029716
2023,CHI,1065,884,1264,976,1256.2502462992695,1001.5770004459459,7.749753700730507,25.57700044594595,17.733322516701207,33.399520513944324,0,0,40,118.68544600938966,117.9577696055652,0.7276764038244606,1.6651007057935405,0.6126287510458898,110.40723981900453,113.3005656613061,2.893325842301578,3.77822630248239,2.3595018861573753,8.278206190385134,3.621002246126039,5.44332700827593,2.972130637203265,True,"Behind 11+, excluding final 2",-4.213255827475701,13.705011080415453,2.0241949287200853
2023,CLE,829,680,1059,744,978.927371219346,771.5263422806781,80.07262878065401,27.526342280678094,84.92079964926322,33.24520313769827,0,0,35,127.74427020506634,118.08532825323836,9.658941951827988,10.24376352825853,7.781596577323033,109.41176470588235,113.45975621774677,4.047991511864426,4.889000461426216,3.127993440986147,18.332505499183995,13.706933463692414,15.132763989684745,10.909590018309181,True,"Behind 11+, excluding final 2",3.7604708886671,26.717460189850517,6.377320178115957
2023,DAL,1195,1017,1504,1182,1406.2023403465216,1153.9062066391177,97.79765965347836,-28.093793360882163,101.38089920566033,-30.328377454056596,0,0,38,125.85774058577405,117.67383601226122,8.183904573512834,8.483757255703793,7.0105849213962985,116.22418879056048,113.46177056431836,-2.762418226242101,-2.9821413425817695,-2.3084464552902353,9.633551795213577,5.421486347270733,5.5016159131220235,4.702138466106064,True,"Behind 11+, excluding final 2",-1.3036263980311802,14.810360064262916,5.15962631446013
2023,DEN,843,709,973,782,991.7792890176747,803.8483504814105,-18.779289017674724,21.848350481410577,-17.013266493799584,23.63535648724225,0,0,36,115.42111506524319,117.64878873282025,-2.2276736675770725,-2.0181810787425367,-1.8005070966131087,110.29619181946403,113.37776452488161,3.0815727054175706,3.3336186864939705,2.403558908846048,5.124923245779158,0.853899037840498,1.3154376077514338,0.6030518122329394,True,"Behind 11+, excluding final 2",-10.56690905764704,14.896380294464612,-3.5589631105794046
2023,DET,1944,1717,2159,1959,2305.4580923498484,1944.7122556736915,-146.45809234984844,-14.28774432630841,-127.79627862832145,-3.9714407523762087,0,0,56,111.059670781893,118.59352326902511,-7.533852487132122,-6.573882645489786,-6.831067740198155,114.09435061153174,113.26221640499077,-0.8321342065409674,-0.23130115040047808,-0.745317909562254,-3.0346798296387334,-8.36598669367309,-6.805183795890264,-7.576385649760409,True,"Behind 11+, excluding final 2",-15.899191363592138,-0.4574147063462125,1.8160457696239511
2023,GSW,1011,835,1196,925,1189.6233360172773,947.0738680829198,6.37666398272269,22.07386808291981,14.444879872834907,24.240853148410817,0,0,40,118.29871414441148,117.6679857583855,0.6307283860259831,1.428771500774966,0.5265618482842848,110.77844311377245,113.42202012969099,2.64357701591854,2.903096185438421,2.132740877576793,7.520271030639023,3.274305401944523,4.331867686213387,2.6593027258610777,True,"Behind 11+, excluding final 2",-8.572013346255375,18.514922821768582,1.1465840216670178
2023,HOU,1888,1643,2217,1952,2237.0157878840746,1853.4523457267187,-20.01578788407455,-98.54765427328134,-10.850088771636212,-86.45370404106409,0,0,52,117.42584745762711,118.48600571419887,-1.0601582565717451,-0.5746869052773418,-0.9586105308464822,118.80706025562995,112.80902895476073,-5.998031300869223,-5.261941816254661,-5.347132624703273,-1.381212798002835,-7.0581895574409685,-5.836628721532003,-6.305743155549756,True,"Behind 11+, excluding final 2",-14.273150663754427,1.6547240577731421,2.560173026389002
2023,IND,1646,1463,1991,1682,1938.070009494437,1655.8615485931261,52.92999050556289,-26.138451406873934,57.59637850065034,-27.527425022027725,0,0,49,120.9599027946537,117.74422900938256,3.2156737852711355,3.49917244839917,2.867280092392356,114.96924128503076,113.18260755933876,-1.7866337256919982,-1.8815738224215806,-1.5717649673405854,5.990661509622939,1.4290400595791373,1.6175986259775894,1.2955151250517707,True,"Behind 11+, excluding final 2",-4.564558359835104,8.729876342082136,5.179972208448627
2023,LAC,1079,972,1220,1131,1275.5490937604254,1097.7395069162283,-55.54909376042535,-33.26049308377168,-49.309995848785924,-22.56556970910921,0,0,40,113.06765523632994,118.21585669698105,-5.148201460651098,-4.569971811750317,-4.343166048508627,116.35802469135803,112.93616326298645,-3.4218614283715723,-2.3215606696614413,-2.8379260310385392,-3.2903694550280846,-8.57006288902267,-6.891532481411758,-7.181092079547167,True,"Behind 11+, excluding final 2",-15.99265274383229,0.21592014447331223,-8.864796404336417
2023,LAL,1165,1008,1426,1120,1376.9098437699045,1145.0744790057279,49.09015623009555,25.07447900572794,47.40571580862518,31.679141974904216,0,0,41,122.40343347639485,118.18968616050681,4.21374731588803,4.069160155246797,3.596348441765242,111.11111111111111,113.59865863152062,2.487547520409518,3.1427720213198627,2.075701904447677,11.292322365283738,6.7012948362975475,7.211932176566659,5.672050346212919,True,"Behind 11+, excluding final 2",-0.5017966815688789,15.28440537897697,6.384321397693
2023,MEM,838,743,951,847,988.6245196805265,840.2022464733917,-37.62451968052648,-6.797753526608275,-40.195503536171074,-3.3044994975690907,0,0,29,113.48448687350836,117.97428635805807,-4.4897994845497,-4.796599467323517,-3.6247128786634377,113.99730820995963,113.08240194796659,-0.9149062619930385,-0.44475094179933927,-0.7208646369680038,-0.5128213364512675,-5.404705746542738,-5.241350409122856,-4.345577515631442,True,"Behind 11+, excluding final 2",-14.617617560971501,6.2796483512516055,-10.59979048043282
2023,MIA,782,647,906,696,925.1286953911945,731.0933506144003,-19.128695391194434,35.09335061440022,-11.542293000303236,39.23950035507734,0,0,41,115.85677749360613,118.30290222393792,-2.446124730331769,-1.4759965473533552,-1.9479323208955635,107.57341576506956,112.99742667919634,5.424010914126773,6.064837767399898,4.143252728972872,8.283361728536576,2.9778861837950044,4.588841220046543,2.1953204080773085,True,"Behind 11+, excluding final 2",-9.402631588306399,19.362087288794473,3.412617301375435
2023,MIL,892,784,1005,921,1055.466856862812,888.3697659206662,-50.46685686281183,-32.63023407933388,-42.50942647115661,-31.43017070478851,0,0,30,112.66816143497758,118.32588081421659,-5.657719379238994,-4.765630770309037,-4.621507038719032,117.47448979591837,113.3124701429421,-4.1620196529762605,-4.008950344998534,-3.316080699119297,-4.806328360940796,-9.819739032215255,-8.774581115307571,-7.937587737838329,True,"Behind 11+, excluding final 2",-20.4286471879423,5.059915005321402,-14.435538364709275
2023,MIN,976,849,1158,953,1154.1824573128422,961.6151414661338,3.8175426871577836,8.615141466133768,2.0811957431774655,9.008739698796827,0,0,34,118.64754098360656,118.25639931484038,0.39114166876616635,0.21323726876818294,0.32462097679913127,112.24970553592462,113.26444540237146,1.0147398664468512,1.0611000823082246,0.8212718270861551,6.397835447681942,1.4058815352130176,1.2743373510764076,1.1458928038852862,True,"Behind 11+, excluding final 2",-8.125485340702612,14.469840907938174,0.9317174864658018
2023,NOP,1259,1092,1507,1259,1485.347996058248,1234.479908988065,21.65200394175185,-24.520091011934902,33.06733176707013,-13.134752209386521,0,0,39,119.69817315329627,117.97839523893948,1.7197779143567793,2.6264759147792,1.4840304278102707,115.29304029304029,113.04761071319277,-2.2454295798475186,-1.202816136390707,-1.8978398616048684,4.405132860255975,-0.5256516654907393,1.423659778388493,-0.41380943379459767,True,"Behind 11+, excluding final 2",-7.506453931117435,8.327895354171627,-3.038570581337485
2023,NYK,800,660,976,700,940.4585574543854,749.126532733887,35.54144254561462,49.12653273388699,35.13601457144164,51.6298016102571,0,0,34,122.0,117.55731968179818,4.442680318201828,4.392001821430205,3.554144254561462,106.06060606060606,113.504020111195,7.443414050588937,7.822697213675318,5.712387527196161,15.939393939393938,11.886094368790765,12.214699035105523,9.266531781757623,True,"Behind 11+, excluding final 2",1.0893214548212353,23.756653861921958,8.07791746252083
2023,OKC,1168,939,1413,1000,1376.34285260652,1066.3153742703478,36.657147393480024,66.31537427034782,40.068164101974084,70.55273211525449,0,0,47,120.97602739726027,117.83757299713355,3.1384544001267143,3.430493501881343,2.6796160375350895,106.49627263045794,113.55861280834375,7.062340177885817,7.513602994169807,5.82224532663282,14.47975476680233,10.20079457801253,10.944096496051149,8.50186136416791,True,"Behind 11+, excluding final 2",0.22502524061128215,23.32645547028217,9.532387191275024
2023,ORL,1430,1222,1697,1370,1691.145510738169,1385.086993021856,5.854489261831148,15.086993021855896,11.889780147895866,17.483933948078715,0,0,44,118.67132867132867,118.26192382784399,0.40940484348469564,0.8314531571955152,0.3591711203577391,112.11129296235679,113.34590777592929,1.2346148135724957,1.4307638255383563,1.0609699734075877,6.560035708971881,1.6440196570571914,2.2622169827338716,1.4201410937653267,True,"Behind 11+, excluding final 2",-5.050328991723167,9.770158239468834,5.050174147598873
2023,PHI,810,640,1042,698,950.1243256944043,726.8106796711044,91.87567430559571,28.81067967110433,99.54372749408579,32.75757198163125,0,0,35,128.64197530864197,117.29929946844497,11.342675840197002,12.289349073343923,9.096601416395615,109.0625,113.56416869861005,4.501668698610052,5.118370622129882,3.429842817988611,19.579475308641975,15.844344538807054,17.407719695473805,12.526444234384225,True,"Behind 11+, excluding final 2",3.125163138136896,30.84032715450136,10.347213934204351
2023,PHX,1109,980,1276,1155,1311.0058059925627,1107.8580714844811,-35.00580599256272,-47.14192851551886,-30.17616044228056,-37.71025671072081,0,0,31,115.05861136158701,118.21513128877932,-3.15651992719231,-2.721024386138914,-2.6742403355662887,117.85714285714286,113.04674198821235,-4.810400868930497,-3.847985378644981,-3.995078687755836,-2.7985314955558493,-7.966920796122807,-6.569009764783895,-6.6693190233221245,True,"Behind 11+, excluding final 2",-17.3136558168393,3.907376098436205,-10.210606173776647
2023,POR,1459,1280,1671,1500,1720.8229600762877,1446.7683001734551,-49.8229600762876,-53.2316998265449,-36.1981731511687,-39.58777412379576,0,0,49,114.53050034270048,117.94537080714788,-3.4148704644474024,-2.4810262612178686,-3.0031922891071487,117.1875,113.0287734510512,-4.15872654894882,-3.0927948534215437,-3.5967364747665473,-2.6569996572995223,-7.573597013396222,-5.573821114639412,-6.599928763873696,True,"Behind 11+, excluding final 2",-16.491308927331865,1.7726787602165617,-2.934789017945257
2023,SAC,922,767,1135,844,1086.8883117904566,868.8688149550027,48.11168820954352,24.86881495500266,52.961276724702714,34.601457293449656,0,0,39,123.10195227765726,117.8837648362751,5.218187441382161,5.74417318055344,4.28802925218748,110.03911342894393,113.28146218448536,3.242348755541416,4.5112721373467615,2.5717492197520846,13.062838848713326,8.460536196923577,10.2554453179002,6.859778471939564,True,"Behind 11+, excluding final 2",-0.06227678580342361,19.53565995783083,5.99090043775729
2023,SAS,2097,1811,2360,2177,2489.054279531319,2034.5477723328295,-129.0542795313189,-142.4522276671706,-116.9788485907398,-138.60833283500256,0,0,57,112.54172627563186,118.69595992042532,-6.154233644793463,-5.578390490736281,-5.618383958699126,120.20982882385422,112.34388582732355,-7.86594299653068,-7.653690382937744,-7.08365130120192,-7.668102548222365,-14.020176641324142,-13.232080873674025,-12.702035259901045,True,"Behind 11+, excluding final 2",-21.550644352925616,-5.517776577275217,-1.742130107776859
2023,TOR,1010,870,1210,959,1197.3020604964756,988.4350774247278,12.69793950352439,29.435077424727712,25.20977972369832,37.65817040917064,0,0,33,119.8019801980198,118.54475846499759,1.2572217330222168,2.496017794425576,1.0494164878945778,110.22988505747126,113.6132272901986,3.383342232727323,4.32852533438743,2.7509418153951133,9.57209514054854,4.64056396574954,6.824543128813006,3.8003583032896913,True,"Behind 11+, excluding final 2",-4.067375782466267,16.16484562707186,2.8699828204652666
2023,UTA,1204,988,1453,1082,1413.7272698396243,1119.8153088018714,39.272730160375644,37.81530880187141,45.425887755099964,42.37119389709723,0,0,43,120.68106312292359,117.41920845844056,3.261854664483027,3.7729142653737515,2.7972030028757584,109.51417004048584,113.34163044553354,3.8274604050477135,4.288582378248707,3.1831068015043273,11.166893082437753,7.08931506953074,8.061496643622458,5.980309804380086,True,"Behind 11+, excluding final 2",-2.377943354663147,19.120708640394316,8.866361970910017
2023,WAS,1251,1077,1443,1197,1484.2142259399252,1223.0561842597947,-41.21422593992513,26.056184259794634,-26.210865751954792,33.84910940035093,0,0,38,115.34772182254197,118.64222429575742,-3.294502473215438,-2.095193105671846,-2.8404015120554877,111.14206128133705,113.56139129617407,2.4193300148370134,3.1429070938116004,2.0404216334999714,4.205660541204921,-0.8751724583784246,1.0477139881397544,-0.7999798785555163,True,"Behind 11+, excluding final 2",-8.831680298706564,7.2817527056755775,0.26931773498226885
2024,ATL,1239,1063,1517,1275,1451.4048696276398,1233.6674918664344,65.59513037236016,-41.33250813356563,70.25176520907146,-20.552841375596277,0,0,46,122.43744955609363,117.14325017172233,5.2941993843712805,5.670037547140554,4.558382930671311,119.94355597365946,116.05526734397314,-3.888288629686325,-1.9334751999620203,-3.272565964652861,2.4938935824341684,1.4059107546849554,3.7365623471785336,1.2858169660184497,True,"Behind 11+, excluding final 2",-6.96721356690046,13.25122058580009,4.164881808207337
2024,BKN,1512,1313,1711,1463,1771.4343130056966,1524.9245606727125,-60.43431300569661,61.92456067271239,-45.60102430511148,86.22407633986553,0,0,46,113.16137566137566,117.15835403476828,-3.996978373392633,-3.0159407609200715,-3.530041647529008,111.42421934501142,116.14048443813499,4.716265093123563,6.566951739517558,4.0928328270133765,1.737156316364235,0.7192867197309298,3.5510109785974864,0.5627911794843685,True,"Behind 11+, excluding final 2",-7.2658441149944,9.534512077602622,3.608443702290223
2024,BOS,409,359,470,406,479.7577506589801,416.8030399498029,-9.757750658980138,10.803039949802915,-7.61639312747534,18.96873720142886,0,0,15,114.91442542787286,117.30018353520298,-2.385758107330107,-1.8621988086736772,-1.602257907878512,113.09192200557104,116.10112533420694,3.0092033286359094,5.2837708081974535,1.9325652861901457,1.8225034223018213,0.6234452213058024,3.4215719995237763,0.3303073783116337,False,"Behind 11+, excluding final 2",-13.514484840920531,25.113112551482356,-12.243177599471569
2024,CHA,2321,2058,2682,2494,2725.1502290728918,2378.4211717812595,-43.150229072891605,-115.57882821874043,-36.697915296721035,-89.84921240451571,0,0,66,115.55364067212409,117.412762993231,-1.8591223211069197,-1.5811251743524788,-1.711631458662896,121.18561710398446,115.56954187469677,-5.616075229287678,-4.365850942882202,-5.11863721075024,-5.631976431860366,-7.475197550394598,-5.94697611723468,-6.830268669413136,True,"Behind 11+, excluding final 2",-14.594145191739592,-0.4066314757270123,4.000567353368591
2024,CHI,1427,1191,1722,1319,1669.0025916660031,1384.6186066724604,52.9974083339968,65.61860667246046,67.59344123688055,80.5965649817147,0,0,49,120.67274001401542,116.95883613637022,3.7139038776451856,4.736751313025967,3.257369903749035,110.7472712006717,116.25680996410247,5.509538763430768,6.767133919539439,4.717369279112901,9.925468813343713,9.223442641075954,11.503885232565406,7.974739182861937,True,"Behind 11+, excluding final 2",1.981958266311592,17.951386977538153,11.024209587701122
2024,CLE,848,711,1005,779,996.0252586188997,824.3710308572191,8.974741381100342,45.37103085721907,18.501220747397973,54.496973223543286,0,0,34,118.51415094339623,117.45580879939855,1.058342143997682,2.1817477296459873,0.8563684523950709,109.56399437412095,115.94529266627555,6.381298292154581,7.664834489949829,4.980354649530084,8.95015656927528,7.439640436152263,9.846582219595817,5.836723101925155,True,"Behind 11+, excluding final 2",-4.73033201960825,22.928024968527,4.7884279596079455
2024,DAL,1217,1051,1399,1242,1429.1720269007167,1218.0987427207497,-30.172026900716762,-23.901257279250267,-12.770834716826236,-12.172747850574103,0,0,42,114.95480690221856,117.43402028765132,-2.4792133854327663,-1.0493701492872831,-2.129289124962369,118.17316841103711,115.89902404574212,-2.2741443652949824,-1.1582062655160899,-1.9105721246403091,-3.218361508818546,-4.753357750727749,-2.207576414803373,-4.039861249602678,True,"Behind 11+, excluding final 2",-16.019880670661376,7.677724374651628,-7.265989757750334
2024,DEN,833,753,946,846,978.6710427078451,876.0503356926007,-32.67104270784513,30.050335692600687,-22.804964693166063,38.466097768636125,0,0,29,113.56542617046819,117.4875201329946,-3.9220939625264264,-2.7376908395157336,-3.1627340472260532,112.35059760956176,116.34134604151403,3.990748431952283,5.108379517747161,3.153235644554112,1.214828560906426,0.0686544694258564,2.3706886782314274,-0.009498402671941353,True,"Behind 11+, excluding final 2",-10.152284413985587,11.712231762369939,-5.588243278594126
2024,DET,2089,1888,2362,2218,2453.6200431469942,2188.0610877410622,-91.62004314699404,-29.93891225893799,-78.4769408176447,-16.860967800031606,0,0,58,113.06845380564863,117.45428641201504,-4.385832606366397,-3.7566750032381377,-4.002623116950373,117.47881355932203,115.89306608797999,-1.5857474713420545,-0.8930597351711655,-1.4338559510985627,-4.410359753673404,-5.971580077708452,-4.649734738409303,-5.436479068048936,True,"Behind 11+, excluding final 2",-12.209124229724505,0.6765499040415983,3.7849788886714313
2024,GSW,746,602,936,690,874.8229099789379,700.2205898718979,61.17709002106208,10.220589871897955,70.5322951926243,20.465172370071713,0,0,33,125.46916890080429,117.26848659235094,8.200682308453361,9.45473125906492,6.4669228352074075,114.61794019933555,116.31571260330531,1.69777240396976,3.3995302940318464,1.2743877645758048,10.851228701468742,9.89845471242312,12.854261553096766,7.741310599783212,True,"Behind 11+, excluding final 2",-5.414713150324799,31.614792611388932,7.037710325849433
2024,HOU,1279,1074,1549,1178,1500.3270799624156,1251.8540212248352,48.67292003758431,73.85402122483521,64.35855042693318,88.2819358298825,0,0,41,121.11024237685692,117.3046974169207,3.805544959936224,5.031942957539733,3.290934417686566,109.68342644320298,116.55996473229378,6.876538289090801,8.219919537233007,5.797018934445464,11.426815933653941,10.682083249027025,13.251862494772741,9.087953352132029,True,"Behind 11+, excluding final 2",2.172998101607382,20.915023990816938,9.862963638686104
2024,IND,1023,874,1248,1041,1197.1981667928264,1012.8253561343081,50.80183320717361,-28.17464386569187,60.95394385989174,-17.932331734292372,0,0,37,121.99413489736071,117.02816879695273,4.965966100407977,5.958352283469377,4.153870254061619,119.10755148741418,115.88390802452038,-3.2236434628938064,-2.0517542030082807,-2.623337417662185,2.8865834099465246,1.7423226375141705,3.9065980804610967,1.5305328363994342,True,"Behind 11+, excluding final 2",-8.093260150959356,14.928895315658528,-1.306186534302864
2024,LAC,916,760,1162,872,1074.3206405908593,878.9449152135666,87.67935940914077,6.944915213566589,99.00855468291316,20.662223258011903,0,0,37,126.85589519650655,117.28391272825975,9.57198246824681,10.808794179357331,7.856573423758134,114.73684210526316,115.65064673862717,0.913804633364025,2.7187135865805137,0.7234286680798531,12.119053091243387,10.485787101610835,13.527507765937845,8.580002091837988,True,"Behind 11+, excluding final 2",-1.1484218627511722,22.939183883690287,6.861115268687792
2024,LAL,1331,1138,1625,1278,1563.5791627541068,1324.7904135490774,61.4208372458931,46.790413549077265,72.5239010248727,62.69164651139468,0,0,42,122.08865514650638,117.47401673584574,4.614638410660638,5.448828025910797,4.011811707765715,112.30228471001757,116.4139203470191,4.111635637001517,5.508932030878268,3.4970413713809614,9.78637043648881,8.726274047662155,10.957760056789065,7.508853079146677,True,"Behind 11+, excluding final 2",1.6066323994829566,16.943673338891916,7.791670392281585
2024,MEM,1915,1712,2143,1974,2250.1370019774363,1989.7280628218496,-107.13700197743636,15.728062821849653,-92.52585644800362,30.47977242660568,0,0,53,111.90600522193212,117.50062673511417,-5.594621513182055,-4.831637412428387,-5.065579289713303,115.30373831775701,116.22243357604262,0.9186952582856106,1.7803605389372479,0.822597427921007,-3.39773309582489,-4.675926254896445,-3.0512768734911395,-4.242981861792296,True,"Behind 11+, excluding final 2",-11.305307706680948,3.329354405886493,3.102282810001097
2024,MIA,871,740,1022,825,1018.3287486554751,859.8480719359637,3.671251344524899,34.84807193596373,5.986811909127088,45.06885758684376,0,0,34,117.33639494833524,116.91489651612802,0.4214984322072215,0.687349243298173,0.3427872403851447,111.48648648648648,116.19568539675184,4.709198910265369,6.090386160384292,3.7072416953152905,5.849908461848756,5.13069734247259,6.777735403682465,4.0500289357004355,True,"Behind 11+, excluding final 2",-4.649233269415549,16.031391405250307,2.983850701082572
2024,MIL,1112,980,1282,1136,1304.208653304381,1138.4903286390154,-22.208653304380913,2.4903286390154307,-18.46787354582816,14.344091110534459,0,0,31,115.28776978417267,117.28495083672492,-1.9971810525522404,-1.6607799951284314,-1.6927327213704966,115.91836734693878,116.17248251418523,0.25411516724647254,1.4636827663810672,0.21104479991656191,-0.6305975627661127,-1.743065885305768,-0.19709722874736424,-1.4816879214539347,True,"Behind 11+, excluding final 2",-11.039180138718537,8.481637866200998,-4.791256172124288
2024,MIN,625,525,786,614,732.8752773142918,607.8661894802127,53.12472268570826,-6.133810519787284,56.54880874748235,4.007434600934557,0,0,29,125.76,117.26004437028668,8.499955629713321,9.047809399597176,6.439360325540394,116.95238095238095,115.78403609146909,-1.1683448609118636,0.7633208763684871,-0.8460428303154873,8.807619047619056,7.331610768801458,9.811130275965663,5.593317495224907,True,"Behind 11+, excluding final 2",-2.524523006823569,22.236341700537334,-0.02350821800217684
2024,NOP,919,823,1039,961,1078.089698054588,954.3908417400986,-39.08969805458808,-6.609158259901381,-30.85683664938264,12.232974762531388,0,0,31,113.05767138193688,117.31117497873646,-4.253503596799573,-3.3576536071145417,-3.493270603627174,116.76792223572296,115.96486533901562,-0.8030568967073368,1.4863881849977385,-0.6460565258945632,-3.7102508537860786,-5.056560493506909,-1.8712654221168032,-4.139327129521737,True,"Behind 11+, excluding final 2",-12.681290127165646,4.669149585480353,-10.865353942373764
2024,NYK,1012,852,1242,965,1189.5091237092088,990.5543863893964,52.490876290791185,25.554386389396402,60.160844427764374,41.10049427920167,0,0,34,122.72727272727273,117.54042724399297,5.186845483279761,5.9447474730992464,4.3309303870289755,113.26291079812206,116.26225192363808,2.99934112551601,4.824001675962637,2.4291241815015594,9.46436192915067,8.18618660879577,10.768749149061883,6.760054568530535,True,"Behind 11+, excluding final 2",-0.03805229782810827,18.32956100641544,3.23303959488761
2024,OKC,791,653,977,752,927.2733720957174,758.5398893976435,49.72662790428263,6.539889397643515,46.91635417598648,15.46762646486335,0,0,34,123.51453855878634,117.22798635849777,6.286552200288575,5.931271071553285,5.0178231992212545,115.16079632465544,116.16231078064986,1.0015144559944127,2.368702368279227,0.7666927781528153,8.353742234130905,7.288066656282988,8.299973439832511,5.7845159773740695,True,"Behind 11+, excluding final 2",-4.422827892202362,23.94662460394894,-0.8160300931602205
2024,ORL,1130,959,1340,1094,1324.4562027700772,1113.8264698284786,15.543797229922784,19.826469828478526,31.75572247182698,29.08688665340665,0,0,42,118.58407079646018,117.20851351947586,1.3755572769843172,2.8102409267103523,1.1687065586408107,114.0771637122002,116.14457453894458,2.067410826744372,3.0330434466534566,1.7106531344675173,4.5069070842599785,3.442968103728689,5.843284373363809,2.879359693108328,True,"Behind 11+, excluding final 2",-4.524527673627496,13.46037489496086,1.1976540411105914
2024,PHI,988,868,1168,999,1159.7537791522393,1008.7188626546707,8.246220847760792,9.718862654670703,14.483645262958898,26.39022019432558,0,0,33,118.21862348178138,117.38398574415378,0.8346377376276105,1.4659559982751922,0.6941263339865986,115.09216589861751,116.21185053625238,1.1196846376348737,3.040347948655021,0.9100058665422006,3.1264575831638695,1.954322375262484,4.506303946930213,1.6041322005287992,True,"Behind 11+, excluding final 2",-8.075334753043904,12.600240232284433,-1.7020623162002253
2024,PHX,940,781,1172,861,1097.8119541276935,907.4626093321157,74.18804587230647,46.462609332115655,77.75017992028559,58.65627645506551,0,0,36,124.68085106382979,116.78850575826526,7.892345305564518,8.271295736200594,6.507723322132147,110.24327784891165,116.19239556109035,5.949117712178701,7.5104067163976325,4.736249677076009,14.437573214918146,13.84146301774322,15.781702452598227,11.243972999208157,True,"Behind 11+, excluding final 2",4.959036634082077,23.538501798191227,10.107072300790556
2024,POR,2336,2006,2620,2266,2741.4794553987967,2330.045366085918,-121.47945539879694,64.045366085918,-99.30655129185352,86.25952809552092,0,0,63,112.15753424657534,117.3578533989211,-5.2003191523457595,-4.251136613521127,-4.790199345378428,112.96111665004985,116.15380688364496,3.192690233595115,4.3000761762473045,2.9032350900234816,-0.8035824034745076,-2.0076289187506444,0.0489395627261775,-1.8869642553549468,True,"Behind 11+, excluding final 2",-10.604863057567899,8.304312573824461,8.291521653733584
2024,SAC,1225,1065,1434,1245,1436.6523885437741,1234.053259720732,-2.6523885437742343,-10.946740279267884,13.01742712454276,4.914448088044418,0,0,35,117.06122448979592,117.2777460035734,-0.21652151377748852,1.0626471122075722,-0.18613252938766556,116.90140845070422,115.87354551368375,-1.0278629370204586,0.46145052469900644,-0.865354962787975,0.1598160390916945,-1.2443844507979471,1.5240976369065786,-1.0514874921756405,True,"Behind 11+, excluding final 2",-12.288803250912604,11.010792287604797,-2.7707763000552816
2024,SAS,2045,1848,2339,2199,2404.7800766392734,2139.8845525799875,-65.78007663927329,-59.115447420012416,-46.14654905436005,-21.53184844297765,0,0,56,114.37652811735941,117.59315778187155,-3.2166296645121415,-2.2565549659833763,-2.9300702289208593,118.99350649350649,115.79461864610322,-3.1988878474032694,-1.1651433140139422,-2.8864964560552937,-4.616978376147074,-6.415517511915411,-3.421698279997319,-5.816566684976153,True,"Behind 11+, excluding final 2",-13.084809202102763,0.8090246950583461,0.39963792222456185
2024,TOR,2010,1804,2332,2190,2361.868506401406,2086.8079374305416,-29.86850640140616,-103.1920625694583,-13.793932502613856,-96.37611519017747,0,1,53,116.01990049751244,117.50589584086597,-1.4859953433535404,-0.6862652986375053,-1.3515161267604598,121.39689578713968,115.67671493517415,-5.720180851965538,-5.342356717859062,-5.149304519434047,-5.376995289627246,-7.206176195319078,-6.028622016496567,-6.500820646194507,True,"Behind 11+, excluding final 2",-14.613860213177654,1.2337645549133367,0.32882729659529364
2024,UTA,2047,1809,2411,2159,2398.9915784463246,2094.9187752881367,12.008421553675587,-64.08122471186321,31.203653017826646,-40.243548459093844,0,0,54,117.78212017586712,117.19548502424644,0.586635151620693,1.5243601865083853,0.5344201848542762,119.34770591487009,115.80534965661342,-3.542356258256673,-2.2246295444496322,-3.1897075516109115,-1.5655857390029695,-2.95572110663598,-0.7002693579412469,-2.6552873667566352,True,"Behind 11+, excluding final 2",-9.457604797237886,5.02731834258522,1.735134065373726
2024,WAS,2220,2014,2532,2430,2600.8878925092913,2329.3349860864682,-68.8878925092915,-100.6650139135317,-52.98343416369277,-68.87770797789389,0,0,55,114.05405405405405,117.15711227519331,-3.103058221139257,-2.3866411785447195,-2.8466071284831203,120.65541211519364,115.65714925950687,-4.998262855686777,-3.4199457784455753,-4.546748595913807,-6.601358061139592,-8.101321076826034,-5.806586956990294,-7.393355724396928,True,"Behind 11+, excluding final 2",-14.056593852375808,-1.9421130172988523,2.116777917610129
2025,ATL,1402,1212,1656,1368,1636.4181853146874,1411.3555783184297,19.581814685312587,43.355578318429636,37.34224823912649,66.46778137591474,0,0,45,118.1169757489301,116.72026999391494,1.3967057550151631,2.663498447869222,1.222335498458963,112.87128712871286,116.44848005927638,3.577192930563501,5.4841403775507205,3.0705083794921837,5.245688620217237,4.973898685578664,8.147638825419943,4.292843877951147,True,"Behind 11+, excluding final 2",-3.2887721388293856,15.091425225472213,5.959790919520751
2025,BKN,1599,1431,1752,1682,1872.8908159952684,1665.521718729601,-120.8908159952685,-16.47828127039898,-111.45168018937186,-10.96441741477697,0,0,47,109.56848030018762,117.12888155067344,-7.5604012504858344,-6.970086315783106,-6.719889716246164,117.54018169112508,116.38865958976945,-1.151522101355624,-0.766206667699299,-1.0103176744573255,-7.9717013909374685,-8.711923351841458,-7.736292983482405,-7.730207390703489,True,"Behind 11+, excluding final 2",-17.267350962981283,0.11287105341828939,-1.0098866248372342
2025,BOS,478,397,610,467,557.723031236784,461.66512301624357,52.276968763216075,-5.334876983756415,53.06159203597624,-7.538677537087609,0,0,24,127.61506276150628,116.67845841773725,10.936604343769053,11.100751471961555,7.710467369205911,117.63224181360202,116.28844408469612,-1.3437977289058982,-1.898911218409977,-0.893614235135078,9.982820947904258,9.592806614863155,9.201840253551579,6.816853134070833,True,"Behind 11+, excluding final 2",-1.860810356254727,25.731198025248222,-0.47927257028957904
2025,CHA,2346,2084,2644,2397,2744.150903614932,2424.9029987431672,-100.1509036149318,27.9029987431672,-80.61955107729825,41.755944712611594,0,0,58,112.70247229326513,116.97147926747364,-4.2690069742085175,-3.4364685028686384,-3.9336568584026637,115.01919385796545,116.35810934468174,1.3389154867162765,2.0036441800677345,1.221672449350578,-2.316721564700316,-2.9300914874922412,-1.4328243228009039,-2.7119844090520857,True,"Behind 11+, excluding final 2",-9.697908884166297,4.175511614319016,7.326728412865654
2025,CHI,1552,1331,1893,1568,1808.6870750551209,1545.7916873202482,84.31292494487903,-22.20831267975177,102.17620165791902,-5.814356450704555,0,0,54,121.97164948453609,116.53911566076809,5.4325338237679786,6.583518148061793,4.812381560780767,117.8061607813674,116.13761737943263,-1.6685434019347687,-0.4368412059131897,-1.4505756159210823,4.165488703168691,3.76399042183321,6.146676942148603,3.3618059448596846,True,"Behind 11+, excluding final 2",-4.456864544347735,13.971067764689108,5.201219340054427
2025,CLE,559,451,737,511,649.6975154576228,525.3685126723694,87.30248454237723,14.368512672369391,96.30318986971157,24.581885606336694,0,0,27,131.84257602862255,116.22495804250855,15.617617986113993,17.227762051826755,11.502303628771703,113.30376940133037,116.48969238855197,3.1859229872215944,5.450528959276429,2.207144803743378,18.538806627292175,18.803540973335586,22.678291011103184,13.709448432515082,True,"Behind 11+, excluding final 2",7.183632313058438,35.84171563174408,8.587169671585855
2025,DAL,1304,1149,1508,1351,1524.5798230634177,1335.6078413661483,-16.579823063417848,-15.392158633851649,2.0066284701464934,12.137800592162877,0,0,40,115.6441717791411,116.91563060302285,-1.2714588238817368,0.15388255139160226,-1.1023818526208675,117.5805047867711,116.2408913286465,-1.3396134581245995,1.0563795119375872,-1.1410050877577205,-1.9363330076299974,-2.6110722820063366,1.2102620633291894,-2.243386940378588,True,"Behind 11+, excluding final 2",-11.05086436330611,8.289669252751569,-1.555320404555607
2025,DEN,952,795,1171,908,1108.9715818941133,925.891583020428,62.02841810588676,17.89158302042805,71.39934339313346,34.50000908791853,0,0,42,123.00420168067227,116.4886115434993,6.515590137172979,7.49993102869049,5.384411293913781,114.21383647798743,116.46435006546265,2.2505135874752265,4.33962378464384,1.7981490472792012,8.79036520268484,8.766103724648206,11.839554813334331,7.182560341192983,True,"Behind 11+, excluding final 2",0.8135807134770843,20.03094518619777,3.9482010635440368
2025,DET,1104,954,1301,1061,1289.9701950492856,1110.9102959296586,11.029804950714372,49.910295929658474,19.491879962706488,71.69956937928998,0,0,37,117.84420289855072,116.84512636315993,0.9990765353907946,1.7655688372016745,0.8458439379382187,111.21593291404612,116.44762011841286,5.231687204366716,7.515678132001047,4.324982316261567,6.628269984504598,6.230763739757511,9.281246969202721,5.170826254199786,True,"Behind 11+, excluding final 2",-2.234514278192521,17.03870680160652,4.446633785394776
2025,GSW,1067,914,1254,1042,1246.3211444779693,1057.7867051719784,7.678855522030755,15.786705171978454,12.718225192077849,37.14114844158261,0,0,38,117.52577319587628,116.80610538687621,0.7196678090000708,1.1919611239060777,0.6060659449116618,114.00437636761488,115.73158699912236,1.7272106315074895,4.063582980479498,1.4171189561919617,3.521396828261402,2.44687844050756,5.255544104385575,2.0231849011036234,True,"Behind 11+, excluding final 2",-9.852478525983667,19.775442929741452,-0.9267426550660502
2025,HOU,793,675,965,746,923.4938781195666,788.2375438628746,41.50612188043341,42.23754386287465,49.03783071231099,51.53098347608515,0,0,33,121.68978562421185,116.45572233538041,5.234063288831452,6.1838374164326595,4.17987128705271,110.51851851851852,116.77593242412956,6.25741390561106,7.634219774234837,4.827147870042817,11.171267105693332,11.491477194442512,13.818057190667496,9.007019157095527,True,"Behind 11+, excluding final 2",2.590394120325564,25.359006802073395,6.5166445128312604
2025,IND,1216,1032,1480,1189,1416.677234154219,1203.4731987887108,63.32276584578105,14.47319878871074,72.69080767498949,18.83744140973989,0,0,41,121.71052631578948,116.50306201926144,5.207464296528047,5.977862473272161,4.47194674052126,115.21317829457364,116.61562003766576,1.402441743092126,1.8253334699360357,1.1747726289537939,6.497348021215842,6.609906039620173,7.8031959432081965,5.646719369475054,True,"Behind 11+, excluding final 2",-2.7914504318766,17.324674910809804,4.176066795985659
2025,LAC,954,821,1105,925,1113.1985119119583,953.6587192934131,-8.198511911958336,28.658719293413085,-3.103617052119454,46.09111922721677,0,0,37,115.82809224318659,116.68747504318222,-0.8593827999956327,-0.3253267350230035,-0.7104429733066149,112.66747868453106,116.1581874900625,3.490708805531436,5.61402183035527,2.8069264733999106,3.160613558655527,2.6313260055358034,5.288695095332266,2.0964835000932958,True,"Behind 11+, excluding final 2",-9.223141643026178,21.23672403170903,-2.4918992173269334
2025,LAL,1004,865,1124,990,1173.7089867398358,1007.8881312702711,-49.70898673983591,17.88813127027111,-44.1799938002992,27.277740122511908,0,0,31,111.95219123505976,116.90328553185616,-4.951094296796406,-4.400397788874423,-4.128653383707301,114.45086705202313,116.51885910638973,2.067992054366602,3.1534959679204517,1.6796367389925926,-2.4986758169633703,-2.8831022424298034,-1.2469018209539708,-2.4490166447147086,True,"Behind 11+, excluding final 2",-12.932936266718377,9.5281386346947,-4.511479930977975
2025,MEM,1006,829,1229,912,1175.179071812222,967.1901403058479,53.82092818777807,55.1901403058479,71.77455937010009,76.00628493753086,0,0,38,122.16699801192843,116.81700515032027,5.3499928616081585,7.134648048717703,4.462763531324882,110.01206272617611,116.66949822748467,6.657435501308552,9.168430028652697,5.3634733047471235,12.154935285752316,12.007428362916711,16.3030780773704,9.826236836072006,True,"Behind 11+, excluding final 2",2.758850387906578,23.730676668221182,7.207193578539086
2025,MIA,975,825,1159,948,1136.5391520000037,961.9200678598986,22.460847999996258,13.920067859898587,30.951133762298028,27.073786951246017,0,0,37,118.87179487179488,116.56811815384653,2.3036767179483344,3.1744752576715927,1.9115615319145751,114.9090909090909,116.59637186180589,1.6872809527149804,3.2816711456055776,1.358055400965716,3.9627039627039693,3.990957670663315,6.45614640327717,3.2696169328802913,True,"Behind 11+, excluding final 2",-5.171139545410545,15.845554412230955,3.661100290131901
2025,MIL,999,856,1166,957,1166.90856660708,998.6782477278562,-0.9085666070800023,41.67824772785621,13.996634482240069,59.26996690564378,0,0,38,116.71671671671672,116.80766432503303,-0.09094760831631654,1.4010645127367438,-0.07577703144954147,111.79906542056075,116.66801959437572,4.868954173814977,6.924061554397638,3.9468037621075953,4.917651296155967,4.778006565498661,8.325126067134383,3.8710267306580537,True,"Behind 11+, excluding final 2",-4.965902617626244,15.910906810642214,2.446312892574393
2025,MIN,937,797,1185,900,1089.2137718173572,925.7741412446437,95.7862281826429,25.774141244643683,108.57968300030637,44.7242795769958,0,0,43,126.46744930629669,116.24479955361336,10.22264975268334,11.588013127033765,8.424470376661645,112.92346298619825,116.15735774713221,3.2338947609339628,5.611578365996963,2.585169633364462,13.54398632009844,13.456544513617303,17.199591493030727,11.009640010026107,True,"Behind 11+, excluding final 2",5.1017744285601605,25.01340838516006,7.774503117928665
2025,NOP,2273,2047,2529,2448,2661.988225605974,2374.112027161329,-132.9882256059742,-73.88797283867095,-100.68954375023966,-60.625135583724955,0,0,60,111.26264848218214,117.11342831526501,-5.850779833082895,-4.429808348008784,-5.377607181802435,119.58964338055691,115.98006971965458,-3.6095736609023423,-2.9616578204066903,-3.288294296336046,-8.326994898374764,-9.460353493985238,-7.391466168415475,-8.66590147813848,True,"Behind 11+, excluding final 2",-16.088049130762737,-2.455630419805573,1.4220834576166546
2025,NYK,844,726,1062,899,983.6397406627655,842.993666913985,78.36025933723451,-56.00633308601506,89.12219999078415,-38.673464966696116,0,0,32,125.82938388625593,116.54499296952197,9.284390916733948,10.559502368576322,7.505771967168057,123.82920110192838,116.11483015344145,-7.714370948486923,-5.326923549131696,-6.048200117280245,2.0001827843275493,1.5700199682470242,5.232578819444625,1.4575718498878123,True,"Behind 11+, excluding final 2",-8.054019766235477,15.389840366513752,-3.292564852015876
2025,OKC,446,360,562,387,518.8406955241123,418.6911978460443,43.15930447588771,31.691197846044318,46.771220283630626,32.64140159502927,0,0,23,126.00896860986548,116.33199451213281,9.676974097732671,10.486820691397002,6.681006884812339,107.5,116.30311051279008,8.803110512790088,9.067055998619242,5.659142472507914,18.508968609865477,18.48008461052276,19.553876690016246,12.340149357320254,True,"Behind 11+, excluding final 2",5.7314398613417765,36.994322206087695,4.635476857679135
2025,ORL,1354,1212,1431,1312,1585.9435028625512,1412.1766207018507,-154.94350286255124,100.17662070185075,-142.0072622818646,123.55965387018674,0,0,42,105.68685376661743,117.1302439337187,-11.443390167101274,-10.487980966164299,-9.970624379829554,108.25082508250826,116.5162228301857,8.265397747677454,10.194690913381745,7.094661522793962,-2.563971315890825,-3.17799241942382,-0.29329005278255416,-2.8759628570355913,True,"Behind 11+, excluding final 2",-11.094662118995998,5.739254257764313,-3.214382447381097
2025,PHI,1797,1550,2104,1815,2098.7202133956503,1804.5134286484918,5.279786604349873,-10.486571351508172,20.90034828981498,7.806432014693587,0,0,57,117.08402893711742,116.79021777382583,0.29381116329159007,1.1630689087264874,0.2643859090811153,117.09677419354838,116.42022120312849,-0.676552990419882,0.5036407751415217,-0.5992326486576097,-0.012745256430960694,-0.38274182712829197,1.666709683868009,-0.3348467395764944,True,"Behind 11+, excluding final 2",-6.780551686239563,7.147404707963474,6.885947872618036
2025,PHX,1547,1311,1823,1507,1806.1597398690935,1528.8133260835446,16.840260130906405,21.813326083544524,41.456459195576876,51.44066859137577,0,0,46,117.8409825468649,116.75240723135704,1.0885753155078477,2.6797969745039993,0.9639530698858846,114.95041952707857,116.61428879355793,1.6638692664793688,3.9237733479310273,1.4436350816376258,2.8905630197863275,2.7524445819872163,6.603570322435027,2.4075881515235102,True,"Behind 11+, excluding final 2",-5.449706521194757,12.483090213081516,5.889625086670177
2025,POR,1597,1388,1840,1614,1862.9424975565187,1612.2030757364278,-22.942497556518774,-1.7969242635722196,-13.342606465896006,19.29668387247786,0,0,46,115.21603005635566,116.65262977811638,-1.4365997217607247,-0.8354794280460868,-1.2767110493332652,116.28242074927954,116.1529593470049,-0.12946140227465558,1.3902509994580592,-0.11315643977155035,-1.066390692923875,-1.5660611240353803,0.5547715714119724,-1.3898674891048155,True,"Behind 11+, excluding final 2",-9.454875037294684,9.015339244626517,1.3283223181049288
2025,SAC,1206,1051,1422,1241,1405.2054191978232,1216.8156890189946,16.7945808021769,-24.184310981005336,31.961966299325415,-12.855806971519588,0,0,41,117.91044776119404,116.51786228837672,1.3925854728173217,2.650245961801444,1.1944936559158534,118.07802093244528,115.77694472112222,-2.301076211323058,-1.2231976186031956,-1.9331983198245672,-0.1675731712512487,-0.9084907385057361,1.4270483431982481,-0.7387046639087138,True,"Behind 11+, excluding final 2",-8.123360775233492,7.629315191958745,-1.5566424950506441
2025,SAS,1734,1516,2079,1801,2022.3187903010773,1762.4226650071564,56.68120969892275,-38.577334992843646,72.70829240052888,-25.44335847996899,0,1,51,119.8961937716263,116.6273812169018,3.2688125547244953,4.193096447550685,2.9307760961180325,118.7994722955145,116.2547932062768,-2.5446790892377074,-1.67832179947025,-2.2480964448044083,1.0967214761117958,0.7241334654867879,2.514774648080435,0.6826796513136242,True,"Behind 11+, excluding final 2",-6.325731130315713,9.550324647958005,3.9418783104398862
2025,TOR,1689,1509,1947,1829,1975.093253461396,1753.9364379757155,-28.093253461396078,-75.06356202428441,-8.219482573068857,-43.0210667812468,0,0,43,115.2753108348135,116.93861773010042,-1.66330689528692,-0.4866478728874397,-1.4872024066382254,121.20609675281644,116.23170563126016,-4.974391121556289,-2.8509653267890522,-4.392250557301604,-5.93078591800294,-6.63769801684321,-3.337613199676492,-5.879452963939829,True,"Behind 11+, excluding final 2",-14.170477699299603,1.5668145668603024,-2.0730943973952503
2025,UTA,2020,1739,2425,2165,2355.4363485170747,2014.052078046766,69.56365148292524,-150.94792195323413,87.87382895160366,-116.91974404679489,0,0,61,120.04950495049505,116.60575982757796,3.4437451229170906,4.350189552059588,3.133497814546182,124.49683726279471,115.81668073874444,-8.680156524050266,-6.723389536905974,-7.7848335200223895,-4.447332312299665,-5.236411401133176,-2.3731999848463863,-4.651335705476208,True,"Behind 11+, excluding final 2",-12.523839507752943,4.352711582192801,4.4538409758282596
2025,WAS,2709,2508,2905,2999,3179.1671729825125,2911.9097395215877,-274.16717298251245,-87.09026047841247,-249.9408802906905,-62.71065100091904,0,0,57,107.23514211886305,117.35574651098237,-10.120604392119322,-9.226315256208583,-9.424791095995616,119.57735247208932,116.1048540479102,-3.472498424179126,-2.5004246810573783,-3.216036206736059,-12.342210353226264,-13.593102816298448,-11.726739937265961,-12.640827302731674,True,"Behind 11+, excluding final 2",-19.176010439667643,-8.354859744190081,0.4050503139625725
2026,ATL,1249,1110,1433,1288,1430.814656364681,1286.058386621366,2.1853436353189393,-1.941613378633971,20.400105921107453,13.895280066974978,0,0,41,114.73178542834268,114.55681796354533,0.174967464797353,1.6333151257892278,0.15081736613657276,116.03603603603604,115.86111591183479,-0.17492012420125866,1.2518270330608088,-0.14821476172778406,-1.304250607693362,4.7340596094347376e-05,2.8851421588500363,0.0026026044087887057,True,"Behind 11+, excluding final 2",-8.442591857257499,9.620122371771714,-2.41520454596718
2026,BKN,2622,2393,2872,2848,3006.141600587745,2762.9762044413055,-134.141600587745,-85.02379555869432,-99.82548861623052,-62.06523162166226,0,0,55,109.534706331045,114.65070940456694,-5.11600307352193,-3.8072268732353365,-4.753423125008681,119.01379022147931,115.46076909491457,-3.5530211265647433,-2.5936160309929903,-3.2789739899226498,-9.47908389043431,-8.669024200086673,-6.400842904228327,-8.032397114931332,True,"Behind 11+, excluding final 2",-15.960012628217138,-1.995300395473661,1.812077329474139
2026,BOS,648,549,727,579,738.3420828542617,636.1444754862707,-11.342082854261696,57.14447548627072,-3.746773639075167,64.74644353703023,0,0,35,112.19135802469135,113.94167945281816,-1.750321428126805,-0.5782058084992542,-1.3375097705497283,105.46448087431693,115.87331065323693,10.408829778919985,11.79352341293811,7.629435979475397,6.7268771503744205,8.65850835079318,11.215317604438857,6.291926208925668,True,"Behind 11+, excluding final 2",-2.9915354281333264,26.508877090135794,-0.00044081609542345745
2026,CHA,941,788,1106,861,1078.1061053817914,913.6404179522324,27.893894618208677,52.6404179522324,42.29451856107564,66.21957361316446,0,0,39,117.5345377258236,114.57025561974405,2.964282106079562,4.49463534124077,2.4446883977395863,109.26395939086295,115.94421547617162,6.68025608530868,8.403499189487876,5.327977525529596,8.270578334960646,9.644538191388243,12.898134530728646,7.772665923269182,True,"Behind 11+, excluding final 2",0.5870651560411534,19.325856070280338,4.594166329602773
2026,CHI,1984,1765,2283,2072,2269.504119820504,2042.2148351030473,13.495880179496142,-29.7851648969527,25.59138293069204,-25.18172729786944,0,0,59,115.07056451612904,114.39032861998508,0.6802358961439587,1.2898882525550424,0.6179432316619112,117.39376770538243,115.70622295201402,-1.687544753368425,-1.4267267590860873,-1.515784473127364,-2.323203189253391,-1.0073088572244662,-0.1368385065310449,-0.8978412414654527,True,"Behind 11+, excluding final 2",-9.212359588947743,7.239318750392142,4.334207338068156
2026,CLE,859,702,1086,750,984.5011720248536,816.3040742147826,101.49882797514633,66.3040742147826,115.2330738916288,75.3866266569367,0,0,43,126.42607683352736,114.61014808205513,11.815928751472214,13.414793235346776,9.584403019371702,106.83760683760684,116.28263165452744,9.445024816920599,10.738835706116339,7.350784281018027,19.58846999592052,21.260953568392814,24.153628941463115,16.935187300389728,True,"Behind 11+, excluding final 2",11.80359336608921,34.4471570383714,16.642224786194742
2026,DAL,1897,1605,2183,1744,2172.2633945482107,1863.7100477228153,10.736605451789305,119.7100477228153,19.607483094445026,130.62189520541523,0,0,54,115.0764364786505,114.51045833148186,0.5659781471686508,1.0336048020266224,0.5119983524935291,108.66043613707166,116.11900608864893,7.458569951577278,8.138435838343627,6.632135607912206,6.416000341578851,8.024548098745928,9.172040640370248,7.144133960405735,True,"Behind 11+, excluding final 2",1.2702129679472065,16.444642269273896,13.632789688162248
2026,DEN,705,578,905,665,803.9602227879974,666.9585905054354,101.03977721200265,1.9585905054354056,115.2357138343685,8.443409338372383,0,0,28,128.36879432624113,114.03691103375849,14.331883292482646,16.3454913240239,11.16461626651963,115.05190311418686,115.3907596030165,0.3388564888296549,1.4607974633862255,0.25174685159838117,13.316891212054273,14.670739781312301,17.806288787410125,11.416363118118012,True,"Behind 11+, excluding final 2",-1.5925243921116186,30.89714347577881,9.230650484813673
2026,DET,696,598,816,634,792.184156921304,691.9538182378691,23.815843078696,57.95381823786905,27.554529332717603,61.88765081726439,0,0,25,117.24137931034483,113.81956277604942,3.421816534295402,3.958984099528391,2.658018200747321,106.0200668896321,115.71134084245303,9.691273952820913,10.349105487836853,7.262383237828202,11.22131242071272,13.113090487116315,14.308089587365245,9.920401438575524,True,"Behind 11+, excluding final 2",3.4726761652699287,30.228868482479346,4.289709130783788
2026,GSW,1283,1094,1498,1245,1465.385513240325,1268.687793224215,32.61448675967499,23.6877932242151,56.01895860332215,44.26123579378271,0,0,48,116.75759937646141,114.21555052535659,2.5420488511048314,4.36624774772581,2.199223652034726,113.80255941499085,115.96780559636335,2.165246181372495,4.045816800162953,1.8305868024895748,2.955039961470561,4.707295032477326,8.412064547888763,4.029810454524301,True,"Behind 11+, excluding final 2",-3.2571226488732004,15.785781005480967,4.617100274004032
2026,HOU,554,439,663,492,633.0030386430241,507.0986119380726,29.99696135697597,15.098611938072596,34.2862190245738,21.021702617999626,0,0,32,119.67509025270758,114.26047628935451,5.414613963353063,6.188848199381552,3.9783768377952216,112.07289293849658,115.51221228657691,3.4393193480803177,4.788542737585336,2.3628500685559617,7.602197314210997,8.85393331143338,10.977390936966888,6.341226906351183,True,"Behind 11+, excluding final 2",-9.105292018836792,30.02743187474845,3.3151388000132673
2026,IND,2265,2050,2594,2419,2600.5321469763667,2370.9797735709567,-6.53214697636681,-48.02022642904313,14.729114643231048,-22.03498540221382,0,0,57,114.52538631346579,114.81378132345989,-0.28839500999411966,0.6502920372287438,-0.26499582054226406,118.0,115.65754993029057,-2.342450069709421,-1.074877336693357,-2.13423228573525,-3.4746136865342123,-2.6308450797035405,-0.4245852994646132,-2.3992281062775143,True,"Behind 11+, excluding final 2",-8.647387445015953,3.722557222752589,5.6670873104564485
2026,LAC,1275,1120,1523,1327,1456.2272431059819,1297.2486030566383,66.77275689401814,-29.751396943361577,81.30455887366496,-19.174294903761467,0,0,39,119.45098039215686,114.21390142007701,5.237078972079855,6.376828146954114,4.526966569085976,118.48214285714286,115.825768130057,-2.656374727085855,-1.7119906164072738,-2.2538937078304224,0.9688375350140035,2.580704244994,4.664837530546841,2.273072861255554,True,"Behind 11+, excluding final 2",-4.17305981448569,10.2404890392617,1.3409582082006533
2026,LAL,1302,1127,1507,1315,1490.5931701059083,1301.900442828455,16.40682989409165,-13.099557171545069,49.68071394388918,7.275172254449788,0,0,38,115.74500768049155,114.48488249661355,1.260125183878007,3.815723037165067,1.0923322166505758,116.68145519077196,115.51911648877152,-1.1623387020004496,0.6455343615305934,-0.9871557778104799,-0.9364475102804022,0.09778648187755734,4.46125739869566,0.10517643884009586,True,"Behind 11+, excluding final 2",-9.803430791488378,11.624561367336419,-1.4582314994192618
2026,MEM,1658,1471,1845,1732,1905.5615617942983,1701.4123911363451,-60.561561794298406,-30.587608863654957,-41.23534342335449,-11.561009676575772,0,0,48,111.27864897466827,114.93133665828096,-3.6526876836126903,-2.4870532824701144,-3.2595027876371585,117.74303195105371,115.66365677337492,-2.079375177678787,-0.7859285979997126,-1.8304972389979028,-6.464382976385437,-5.732062861291477,-3.272981880469827,-5.090000026635061,True,"Behind 11+, excluding final 2",-14.498092210157942,3.2445200972565473,0.8087115526367308
2026,MIA,1059,946,1208,1086,1216.9972193809313,1096.9353701408809,-8.997219380931359,10.93537014088098,5.503197579123267,19.073806088463147,0,0,34,114.06987724268177,114.91947302936083,-0.8495957866790708,0.5196598280569656,-0.71463219864427,114.79915433403805,115.95511312271468,1.1559587886766363,2.016258571719149,0.9542207801815864,-0.7292770913562805,0.3063630019975655,2.5359183997761146,0.23958858153731644,True,"Behind 11+, excluding final 2",-8.118229428111293,8.49721929726308,-2.0249775325815302
2026,MIL,1963,1763,2137,2092,2255.4916175068734,2035.7182687792372,-118.49161750687324,-56.28173122076278,-90.20869896338993,-34.580461460058324,0,0,53,108.86398369842078,114.90023522704399,-6.0362515286231915,-4.595450787742738,-5.478114540308518,118.66137266023823,115.46898858645702,-3.1923840737812124,-1.9614555564411982,-2.8671284371249506,-9.797388961817447,-9.228635602404404,-6.556906344183936,-8.345242977433468,True,"Behind 11+, excluding final 2",-15.841303026572316,-1.5565430966489673,-2.728548467932896
2026,MIN,945,798,1133,939,1081.918058178926,921.6994299549107,51.081941821074,-17.30057004508935,59.378987358285876,-8.245536668621815,0,0,40,119.8941798941799,114.48868340517735,5.405496489002539,6.283490725744537,4.461304962539214,117.66917293233082,115.50118169861037,-2.16799123372047,-1.0332752717571196,-1.7335240526141633,2.2250069618490755,3.2375052552820693,5.250215453987417,2.7277809099250505,True,"Behind 11+, excluding final 2",-6.381423926351881,15.230366117077322,-0.07269349348242526
2026,NOP,1646,1422,1931,1656,1881.444372560452,1642.4738173542623,49.55562743954815,-13.52618264573777,80.48640871049548,9.990716026694866,0,0,49,117.31470230862698,114.30403235482697,3.010669953800009,4.889818269167405,2.6844868602138754,116.45569620253164,115.50448785894953,-0.9512083435821216,0.7025819990643365,-0.833920015150294,0.859006106095336,2.059461610217887,5.592400268231741,1.8505668450635815,True,"Behind 11+, excluding final 2",-4.1024904714176955,11.170567043007756,6.864959823094416
2026,NYK,1000,846,1166,896,1144.4218896970683,984.5756958676344,21.57811030293158,88.5756958676344,29.82937558739613,91.23851803437451,0,0,32,116.6,114.44218896970682,2.1578110302931583,2.982937558739613,1.7981758585776317,105.91016548463357,116.38010589451943,10.469940409885861,10.784694803117553,8.468039757900037,10.689834515366428,12.62775144017902,13.767632361857165,10.26621561647767,True,"Behind 11+, excluding final 2",2.8765845004554813,23.10119045196814,5.9067885110498235
2026,OKC,578,506,675,573,661.3256118923164,584.4137524935821,13.674388107683644,11.413752493582159,18.07361569110745,16.310928208499853,0,0,19,116.78200692041523,114.41619582912048,2.365811091294748,3.1269231299493856,1.7576334328642216,113.2411067193676,115.4967890303522,2.255682310984616,3.223503598517757,1.6166788234535634,3.5409002010476343,4.621493402279365,6.350426728467143,3.374312256317785,False,"Behind 11+, excluding final 2",-5.9615028614999686,19.249171630083765,-6.5343943537083256
2026,ORL,1183,1042,1359,1185,1350.07974786379,1208.4455461805167,8.920252136209902,23.445546180516594,22.327467099374232,37.74082755844615,0,0,47,114.87743026204565,114.12339373320287,0.7540365288427643,1.8873598562446519,0.644992923804042,113.7236084452975,115.97366086185382,2.250052416556295,3.6219604182769816,1.8877251353072941,1.1538218167481489,3.0040889453990594,5.509320274521634,2.5327180591113363,True,"Behind 11+, excluding final 2",-7.224822277467461,15.530776210522967,2.270294200027804
2026,PHI,1186,1064,1289,1205,1357.3968329961954,1230.476508848483,-68.39683299619527,25.47650884848298,-43.656079501397876,51.880947178094324,0,0,37,108.68465430016863,114.45167225937566,-5.767017959207021,-3.6809510540807655,-4.934836435511924,113.25187969924812,115.64628842560931,2.3944087263611826,4.8760288701216465,2.01554658611416,-4.56722539907949,-3.372609232845839,1.195077816040881,-2.919289849397764,True,"Behind 11+, excluding final 2",-13.256768501118605,8.081292574941013,-3.0958324602517187
2026,PHX,1052,919,1211,1058,1203.6990763532012,1062.96232857635,7.300923646798839,4.962328576350153,25.569739943608734,22.92466602542081,0,0,36,115.11406844106465,114.4200642921294,0.694004148935251,2.4305836448297273,0.5831408663577348,115.12513601741023,115.66510648273669,0.5399704653264584,2.494522962504985,0.44346099878017453,-0.011067576345581642,1.2339746142617094,4.925106607334712,1.0266018651379092,True,"Behind 11+, excluding final 2",-9.54922723502268,12.469897474765895,-0.22111753090348696
2026,POR,1251,1118,1349,1257,1430.784932354931,1289.2699099727283,-81.78493235493102,32.26990997272843,-56.965037145348,53.95330383116666,0,0,42,107.83373301358912,114.3712975503542,-6.537564536765069,-4.553560123529016,-5.6364529534756045,112.43291592128801,115.31931216214028,2.8863962408522745,4.825876907975551,2.4483998461857683,-4.599182907698889,-3.651168295912795,0.2723167844465344,-3.188053107289836,True,"Behind 11+, excluding final 2",-13.256419475413463,8.662734561313293,-3.185962668211011
2026,SAC,2302,2022,2526,2367,2644.35643230011,2338.0432876270793,-118.35643230011021,-28.95671237292063,-106.27641795063299,-13.96116854822284,0,0,62,109.73066898349262,114.87212998697262,-5.1414610034800265,-4.616699302807688,-4.73047291367347,117.06231454005935,115.63023183121065,-1.4320827088486958,-0.690463330772643,-1.3031823750189302,-7.331645556566727,-6.573543712328722,-5.307162633580331,-6.0336552886924,True,"Behind 11+, excluding final 2",-14.266294451381318,2.4692422028724503,3.91985666124181
2026,SAS,511,409,641,440,585.2584684486843,475.2790261394044,55.74153155131568,35.27902613940439,62.35516677191476,44.74328831659448,0,0,22,125.44031311154599,114.5319899116799,10.908323199866082,12.202576667693691,7.839877855318662,107.57946210268949,116.20514086538005,8.625678762690558,10.939679295010876,5.792943536848011,17.8608510088565,19.53400196255664,23.142255962704567,13.632821392166672,True,"Behind 11+, excluding final 2",8.108850175109533,38.3901688423495,10.468633872939746
2026,TOR,1026,836,1218,931,1174.003905523753,969.8817750687095,43.99609447624698,38.88177506870954,62.984030854873716,54.67152629797086,0,0,39,118.71345029239767,114.42533192239308,4.288118370004579,6.1387944302995825,3.5885884564638646,111.36363636363636,116.01456639577866,4.650930032142289,6.539656255738141,3.7530670915742794,7.349813928761307,8.939048402146867,12.678450686037724,7.341655548038144,True,"Behind 11+, excluding final 2",1.0735344371035829,20.218210151412773,6.007169061876782
2026,UTA,2400,2155,2750,2643,2746.5217489712613,2476.0555223782894,3.478251028738657,-166.94447762171075,28.459439256680415,-147.66464115676195,0,0,60,114.58333333333333,114.4384062071359,0.14492712619744405,1.1858099690283508,0.13377888572071758,122.64501160092807,114.89816809179997,-7.74684350912811,-6.852187524675728,-7.088937478628907,-8.061678267594743,-7.601916382930666,-5.666377555647377,-6.955158592908189,True,"Behind 11+, excluding final 2",-13.49413692781228,-0.4802248245819474,0.9199936556994821
2026,WAS,2940,2687,3270,3269,3374.257123790191,3093.785435354164,-104.25712379019127,-175.21456464583636,-81.63080527428637,-155.49546189345148,0,0,65,111.22448979591837,114.77065046905412,-3.5461606731357573,-2.7765580025267473,-3.320290566566601,121.65984369184964,115.1390188073749,-6.520824884474743,-5.786954294508801,-6.069087795145007,-10.435353895931271,-10.0669855576105,-8.563512297035548,-9.389378361711609,True,"Behind 11+, excluding final 2",-14.650196719389713,-4.894383866443636,2.8207305228104413
2023,ATL,529,511,614,610,608.2906390468312,582.0108054953014,5.7093609531688605,-27.98919450469858,9.699325919903217,-27.510458829875887,0,0,44,116.06805293005671,114.98877864779418,1.0792742822625445,1.8335209678455988,0.7831770854826969,119.37377690802349,113.89643943156582,-5.477337476457648,-5.383651434417982,-3.9365955702810944,-3.305723977966778,-4.398063194195103,-3.550130466572383,-3.1534184847983973,True,Trailing 1–10 in Q4/OT,-16.916592452743856,8.956447975294722,-4.957348775769657
2023,BKN,505,501,571,597,581.4307235778767,572.6599458356176,-10.430723577876776,-24.340054164382398,-7.6993161069795,-20.14665205007607,0,0,42,113.06930693069307,115.1347967480944,-2.065489817401342,-1.5246170508870298,-1.4795352592733018,119.16167664670658,114.30338240231887,-4.858294244387705,-4.021287834346521,-3.4721903230217404,-6.092369716013508,-6.923784061789046,-5.545904885233551,-4.951725582295042,True,Trailing 1–10 in Q4/OT,-24.096741498613593,10.233450620930194,-8.306571680952118
2023,BOS,361,334,395,359,413.4952294605483,382.4626146263772,-18.495229460548256,23.462614626377245,-15.925354452942313,23.430394847404685,0,0,31,109.41828254847645,114.54161480901615,-5.123332260539683,-4.411455527130834,-3.29683234590878,107.48502994011976,114.50976485819676,7.024734918077019,7.015088277666074,4.393748057374016,1.933252608356696,1.9014026575373366,2.6036327505352395,1.0969157114652361,True,Trailing 1–10 in Q4/OT,-15.53998313588143,18.6695525119013,-5.996691247116398
2023,CHA,589,617,646,715,677.3940919181651,701.5114508056487,-31.394091918165138,-13.488549194351304,-30.991018535205807,-10.874004411593589,0,0,49,109.6774193548387,115.00748589442533,-5.3300665395866105,-5.261633028048524,-3.9789723597167472,115.88330632090762,113.69715572214727,-2.186150598760341,-1.7623994184106304,-1.6509852135068914,-6.205886966068917,-7.516217138346951,-7.024032446459154,-5.629957573223638,True,Trailing 1–10 in Q4/OT,-21.134323273801073,5.704202423561218,0.4225408995463926
2023,CHI,608,557,679,590,699.4833558276307,637.9719034382307,-20.483355827630753,47.971903438230726,-19.534238459011274,51.07793138100619,0,0,42,111.67763157894737,115.04660457691296,-3.3689729979655842,-3.2128681676005386,-2.5350687905483604,105.9245960502693,114.53714603917966,8.612549988910365,9.170185167146533,6.337107455512646,5.753035528678069,5.2435769909447805,5.957316999545995,3.8020386649642854,True,Trailing 1–10 in Q4/OT,-9.368166918749292,19.284829405931074,3.646769673538827
2023,CLE,481,465,629,518,553.9279159035776,533.8718721258488,75.07208409642239,15.871872125848807,76.0812034203442,19.027496440329475,0,0,45,130.76923076923077,115.16172887808266,15.607501891148106,15.817298008387565,11.02380089521621,111.39784946236558,114.81115529588145,3.413305833515872,4.091934718350425,2.386747688097565,19.37138130686519,19.020807724663978,19.90923272673799,13.410548583313775,True,Trailing 1–10 in Q4/OT,3.151499342583321,34.33544457391272,11.691194439087521
2023,DAL,616,551,747,614,708.8317839505274,629.8324270206542,38.16821604947251,15.832427020654253,34.890129834016605,12.509647491447154,0,0,55,121.26623376623377,115.07009479716355,6.196138969070213,5.663982115911787,4.6774774570432,111.43375680580762,114.30715553913869,2.87339873333108,2.2703534467236213,2.10817936360243,9.832476960426149,9.069537702401293,7.9343355626354075,6.785656820645631,True,Trailing 1–10 in Q4/OT,-3.8115383976240866,21.163875243253777,8.80767766959069
2023,DEN,453,444,560,513,521.5164099605864,510.71235408122556,38.48359003941353,-2.287645918774427,36.34406441151245,-2.846216534001856,0,0,40,123.62030905077263,115.12503531138773,8.495273739384885,8.022972276272064,5.893352226556436,115.54054054054055,115.025304973249,-0.5152355672915376,-0.6410397599103279,-0.3552245215488241,8.079768510232086,7.980038172093347,7.381932516361736,5.538127705007612,True,Trailing 1–10 in Q4/OT,-9.296096953635056,25.931094614311693,3.5671760236734444
2023,DET,642,653,715,795,737.3765542272733,740.0564187942032,-22.376554227273346,-54.943581205796846,-20.74385532554045,-55.81953901111241,0,0,51,111.37071651090342,114.85616109459086,-3.485444583687437,-3.2311301130125316,-2.6575480079897087,121.74578866768759,113.33176398073556,-8.414024686952043,-8.548168301854886,-6.441217022953909,-10.37507215678417,-11.89946927063948,-11.779298414867418,-9.098765030943618,True,Trailing 1–10 in Q4/OT,-22.510359093500014,-1.2651627867495796,-1.7174368073424393
2023,GSW,602,591,709,663,689.9224203260454,674.7116698441299,19.07757967395461,11.711669844129924,17.942241247891936,13.427296270695283,0,0,45,117.77408637873754,114.60505321030655,3.1690331684309982,2.9804387454969996,2.378750582787358,112.18274111675127,114.16441114113874,1.981670024387466,2.271962143941672,1.4806156566535935,5.5913452619862625,5.150703192818464,5.252400889438672,3.8593662394409516,True,Trailing 1–10 in Q4/OT,-7.195386085735372,16.195466544378405,3.022981812540959
2023,HOU,611,629,614,728,706.02413208093,717.1078696281123,-92.02413208093003,-10.892130371887657,-92.46635809880087,-10.868271295573368,0,0,49,100.49099836333879,115.5522311098085,-15.061232746469727,-15.133610163469863,-11.346995324405675,115.73926868044515,114.00761043372216,-1.7316582467229977,-1.7278650708383732,-1.3138878615063518,-15.24827031710636,-16.792890993192724,-16.861475234308237,-12.660883185912027,True,Trailing 1–10 in Q4/OT,-28.288857740484644,-4.661416241175048,-7.174528409362754
2023,IND,525,503,637,569,606.4044272857631,576.1383703014532,30.595572714236933,7.138370301453158,34.31859642351114,7.070279658756913,0,0,48,121.33333333333333,115.5056051972882,5.82772813604513,6.536875509240217,4.220078995067163,113.12127236580517,114.54043147146186,1.4191591056566915,1.4056221985600224,1.0154154056121134,8.21206096752816,7.246887241701822,7.942497707800239,5.2354944006792765,True,Trailing 1–10 in Q4/OT,-7.41009019525643,21.17302011270476,10.997819390571312
2023,LAC,482,435,558,480,556.6699383404643,500.1516913825759,1.3300616595356212,20.151691382575912,1.0426355676604506,20.850433112813583,0,0,39,115.76763485477179,115.4916884523785,0.2759464023932824,0.2163144331245748,0.19502370374422598,110.34482758620689,114.97740031783354,4.632572731626646,4.7932030144399045,3.1734947059174665,5.422807268564895,4.908519134019929,5.0095174475644795,3.3685184096616925,True,Trailing 1–10 in Q4/OT,-10.227233335618374,21.288163700505734,4.613785618706182
2023,LAL,562,528,665,579,644.6323433784343,601.573850477897,20.36765662156572,22.57385047789704,22.229965004787232,24.858889325274234,0,0,46,118.32740213523131,114.70326394634061,3.624138188890698,3.955509787328689,2.6729208164784413,109.6590909090909,113.9344413783896,4.275350469298682,4.708122978271636,3.1008036370737693,8.668311226140403,7.89948865818938,8.663632765600324,5.7737244535522105,True,Trailing 1–10 in Q4/OT,-6.138095318149199,21.62053109572322,7.582515219584833
2023,MEM,315,304,335,362,363.0733683185261,344.8585744430798,-28.07336831852607,-17.141425556920208,-28.764945751059525,-16.192525968468175,0,0,36,106.34920634920636,115.26138676778606,-8.912180418579705,-9.131728809860167,-5.451139479325451,119.07894736842105,113.4403205404868,-5.638626827934279,-5.3264888054171635,-3.40107649938893,-12.7297410192147,-14.550807246513983,-14.45821761527733,-8.85221597871438,True,Trailing 1–10 in Q4/OT,-33.38214759672164,4.903707243630116,-19.745891980404064
2023,MIA,783,724,937,760,901.6744179236254,833.1339276097798,35.325582076374694,73.13392760977978,36.606672611767365,72.24728980423423,0,0,62,119.66794380587484,115.15637521374525,4.51156859212959,4.675181687326611,3.5936502620930515,104.97237569060773,115.07374690742814,10.10137121682041,9.978907431524064,7.914927230495647,14.695568115267108,14.612939808950001,14.654089118850674,11.5085774925887,True,Trailing 1–10 in Q4/OT,4.901178516453102,25.86626906074001,15.047670926530431
2023,MIL,250,217,307,239,286.52478369747934,247.7414148228144,20.475216302520653,8.741414822814395,22.499013397700548,10.27290114236842,0,0,30,122.8,114.60991347899173,8.190086521008261,8.999605359080219,4.550048067226812,110.13824884792626,114.1665506095919,4.028301761665619,4.734055825976231,2.096262547437505,12.661751152073734,12.218388282673882,13.73366118505645,6.646310614664317,False,Trailing 1–10 in Q4/OT,-18.616999167256438,38.638956373783316,7.602588950179861
2023,MIN,479,453,524,484,550.6303579361044,515.4707292641302,-26.630357936104357,31.47072926413026,-29.014534426990995,29.42723268511231,0,0,43,109.3945720250522,114.95414570691113,-5.5595736818589465,-6.057314076616074,-3.921996750530833,106.84326710816777,113.79044796117664,6.947180853008887,6.496077855433181,4.819407237998508,2.5513049168844333,1.3876071711499405,0.4387637788171066,0.8974104874676749,True,Trailing 1–10 in Q4/OT,-15.949284456905511,18.8869134689757,0.9134431224027246
2023,NOP,462,454,534,515,530.3227606109516,515.8720144243968,3.677239389048423,0.8720144243967156,6.363165331602283,3.379577632543856,0,0,39,115.58441558441558,114.78847632271679,0.7959392616987928,1.3773085133338276,0.555474227952934,113.43612334801762,113.62819700977903,0.19207366176139112,0.7444003595911576,0.13333553889858038,2.148292236397964,0.988012923460184,2.121708872924985,0.6888097668515144,True,Trailing 1–10 in Q4/OT,-13.302082692702555,14.93009080149638,-1.5249059923865615
2023,NYK,593,552,707,662,675.4580616578278,625.9310413484451,31.541938342172205,-36.06895865155491,34.7302182836695,-33.37561171837666,0,0,48,119.22428330522766,113.90523805359659,5.319045251631064,5.856697855593508,3.97754581868502,119.92753623188406,113.39330459210962,-6.53423163977444,-6.046306470720409,-4.7964040760046425,-0.703252926656404,-1.2151863881433762,-0.1896086151269012,-0.8188582573196226,True,Trailing 1–10 in Q4/OT,-15.550657168982056,11.782352878098331,-5.023363294413311
2023,OKC,699,691,776,793,804.4318272466412,787.9090414986949,-28.43182724664125,-5.090958501305041,-29.651262970553653,-4.702930398581214,0,0,52,111.01573676680972,115.08323708821763,-4.067500321407905,-4.241954645286645,-3.162605922874444,114.76121562952243,114.02446331384876,-0.7367523156736673,-0.6805977421969919,-0.5713758138389495,-3.7454788627127016,-4.8042526370815715,-4.922552387483637,-3.7339817367133934,True,Trailing 1–10 in Q4/OT,-14.79124490266577,5.956186608553282,-5.472660023819079
2023,ORL,625,628,686,683,720.4675126906784,718.8271308153998,-34.467512690678376,35.827130815399755,-33.894985504499644,37.47706002178728,0,0,51,109.76,115.27480203050855,-5.51480203050854,-5.423197680719944,-4.177880326142834,108.75796178343948,114.46291891964964,5.704957136210152,5.967684716845109,4.326948166111081,1.0020382165605213,0.19015510570161176,0.5444870361251652,0.14906783996824746,True,Trailing 1–10 in Q4/OT,-12.359005768743158,14.259989295194488,3.596309596243293
2023,PHI,545,503,638,531,626.889727500355,575.6677223794759,11.110272499645053,44.667722379475926,13.055023936812002,44.78923829502401,0,0,44,117.06422018348624,115.02563807345963,2.0385821100266153,2.395417236112294,1.491311744918799,105.56660039761431,114.44686329611847,8.88026289850416,8.904421132211533,6.353872315714925,11.497619785871933,10.918845008530775,11.299838368323828,7.845184060633724,True,Trailing 1–10 in Q4/OT,-2.3059692583742226,24.147554017502735,5.421714403928073
2023,PHX,436,404,508,489,501.11367740849926,460.66395415464814,6.886322591500749,-28.33604584535187,6.440209546505853,-25.1478045878473,0,0,36,116.5137614678899,114.93432968084846,1.5794317870414563,1.4771122813086819,1.0827551244498033,121.03960396039604,114.02573122639807,-7.013872733997987,-6.224704105902797,-4.691398318766866,-4.525842492506129,-5.4344409469565305,-4.747591824594115,-3.6086431943170627,True,Trailing 1–10 in Q4/OT,-19.63439452775016,8.916947363536016,-7.678126324610371
2023,POR,464,442,521,523,535.8285769287602,503.81669605304086,-14.828576928760151,-19.183303946959168,-12.13205524991596,-18.506133774485413,0,0,47,112.28448275862068,115.48029675188796,-3.195813993267274,-2.614667079723267,-2.2332194169819504,118.32579185520362,113.98567784005449,-4.340114015149133,-4.1869080937749805,-2.9880535742927052,-6.0413090965829355,-7.535928008416407,-6.8015751734982475,-5.221272991274656,True,Trailing 1–10 in Q4/OT,-24.36102729473868,9.11437755937241,-2.897120012965442
2023,SAC,604,550,768,643,693.6809907379995,628.2293357697706,74.3190092620005,-14.77066423022937,72.3810268338221,-15.515730501795991,0,0,45,127.1523178807947,114.84784614867542,12.30447173211929,11.983613714208959,9.243657868408024,116.9090909090909,114.22351559450375,-2.685575314587158,-2.8210419094174526,-1.969421897363916,10.243226971703791,9.618896417532131,9.162571804791506,7.274235971044107,True,Trailing 1–10 in Q4/OT,-0.7844024222336522,20.99046612985595,7.149260658365844
2023,SAS,525,573,526,734,603.9486837913091,648.8973559812858,-77.94868379130915,-85.10264401871413,-77.14196769368819,-82.96683191072361,0,0,47,100.19047619047619,115.03784453167793,-14.847368341201742,-14.693708132131082,-10.75154259190471,128.0977312390925,113.24561186409876,-14.85211937499374,-14.479377296810403,-11.009397673831064,-27.907255048616307,-29.69948771619548,-29.173085428941484,-21.760940265735776,True,Trailing 1–10 in Q4/OT,-45.084386579815856,-15.454570139539756,-17.4214411826482
2023,TOR,533,510,589,558,614.2767793792196,582.2679697044617,-25.2767793792197,24.26796970446174,-21.147558575383844,29.197575481814976,0,0,40,110.50656660412758,115.24892671279919,-4.742360108671614,-3.967647012267138,-3.4484010067148296,109.41176470588235,114.17019013812975,4.7584254322474,5.725014800355877,3.4180239020368655,1.0948018982452368,0.016065323575786827,1.7573677880887395,-0.030377104677964173,True,Trailing 1–10 in Q4/OT,-12.412331869238322,12.426247518977345,-1.7545158217084866
2023,UTA,816,741,1005,858,939.0837010671202,845.8277944153306,65.91629893287987,-12.172205584669372,66.52650844772509,-9.007647613769942,0,0,57,123.16176470588235,115.0837868954804,8.077977810401945,8.152758388201605,6.487824698118097,115.78947368421052,114.14680086576661,-1.6426728184439099,-1.2156069654210448,-1.2935393820052468,7.372291021671828,6.435304991958035,6.93715142278056,5.19428531611285,True,Trailing 1–10 in Q4/OT,-4.007109255952899,17.477083922554378,8.21235189333731
2023,WAS,558,541,628,632,643.0870878367654,614.8838742141112,-15.087087836765365,-17.116125785888816,-12.154757099961522,-16.496371677396233,0,0,45,112.54480286738351,115.24858204959952,-2.703779182216015,-2.1782718817135343,-1.9903809811036102,116.82070240295748,113.6569083575067,-3.163794045450798,-3.049236908945699,-2.3098685271105017,-4.27589953557397,-5.8675732276668136,-5.2275087906592335,-4.300249508214112,True,Trailing 1–10 in Q4/OT,-19.883525487683773,7.672693839118394,-4.72308303430612
2024,ATL,695,669,831,790,818.185495434864,773.7660575023767,12.81450456513599,-16.23394249762326,16.2229732671315,-13.914485506850092,0,0,49,119.56834532374101,117.72453171724662,1.843813606494387,2.334240757860648,1.431788219568267,118.08669656203288,115.66009828137172,-2.426598280661175,-2.0798931998281156,-1.8681176637080854,1.4816487617081293,-0.5827846741667879,0.2543475580325323,-0.43632944413981845,True,Trailing 1–10 in Q4/OT,-11.412517564399021,11.906010460058546,2.176186379355593
2024,BKN,516,501,623,613,607.8074258483882,580.3057600672623,15.192574151611733,-32.69423993273765,12.84968010772211,-32.43342901843036,0,0,51,120.73643410852713,117.7921367923233,2.9442973162038246,2.490248082891882,2.1218678982697954,122.35528942115768,115.82949302739766,-6.52579639376001,-6.473738327032009,-4.663942929063859,-1.6188553126305436,-3.5814990775561855,-3.9834902441401265,-2.542075030794064,True,Trailing 1–10 in Q4/OT,-18.442458490013074,11.908537256682791,-0.6923420949968921
2024,BOS,256,225,332,236,298.9455429210005,261.2331172498752,33.054457078999526,25.23311724987519,35.546285627775596,28.326897130362653,0,0,25,129.6875,116.77560270351582,12.91189729648419,13.885267823349842,7.248784447149019,104.88888888888889,116.1036076666112,11.214718777722307,12.589732057938958,5.937204058794163,24.798611111111114,24.126616074206495,26.474999881288802,13.185988505943183,False,Trailing 1–10 in Q4/OT,2.2138802349455786,44.63463317380001,11.259993253429124
2024,CHA,585,592,732,733,687.5329895835538,685.0146474686114,44.46701041644622,-47.985352531388585,44.51934281850779,-48.4755197238356,0,0,52,125.12820512820512,117.52700676641943,7.601198361785679,7.610144071539792,5.664587314196971,123.81756756756756,115.71193369402219,-8.10563387354537,-8.188432385783042,-6.058756632751084,1.3106375606375593,-0.5044355117596915,-0.5782883142432498,-0.3941693185541135,True,Trailing 1–10 in Q4/OT,-14.473519427321158,12.280385564845465,10.971329392003497
2024,CHI,608,596,732,727,713.8258283449367,690.6251410673406,18.17417165506329,-36.37485893265939,19.838019892593753,-35.71955981967691,0,0,57,120.39473684210526,117.40556387252246,2.989172969582778,3.262832219176604,2.2492786701811003,121.97986577181209,115.87670152136587,-6.103164250446207,-5.993214734845119,-4.569705896062738,-1.5851289297068263,-3.1139912808634294,-2.730382515668515,-2.3204272258816374,True,Trailing 1–10 in Q4/OT,-16.673744520213475,11.905712353120348,-1.3132243342382606
2024,CLE,449,417,531,493,529.3823808595736,484.1798570095229,1.6176191404264666,-8.820142990477098,1.9338025613405254,-4.570439583393206,0,0,39,118.26280623608018,117.90253471259992,0.3602715234802821,0.4306909936170435,0.24924794151409346,118.22541966426859,116.11027746031723,-2.1151422039513426,-1.0960286770727112,-1.4295207439995297,0.037386571811595104,-1.7548706804710605,-0.6653376834556677,-1.1802728024854363,True,Trailing 1–10 in Q4/OT,-16.147175453145746,13.708215530039515,-4.406083157015377
2024,DAL,348,319,485,381,409.12322722487664,370.54046143101243,75.87677277512337,-10.45953856898759,79.92637741217743,-7.092084171303567,0,0,35,139.367816091954,117.56414575427489,21.80367033767913,22.967349831085468,13.846126418818134,119.43573667711598,116.15688446113242,-3.2788522159835702,-2.2232238781515883,-2.015325350479304,19.93207941483803,18.52481812169556,20.744125952933878,11.830801068338829,True,Trailing 1–10 in Q4/OT,0.018100708055678854,40.002831186528866,16.012186114672975
2024,DEN,338,306,404,307,398.1727629033556,356.7526076271971,5.827237096644407,49.75260762719711,8.82719221131027,53.87885720318664,0,0,32,119.5266272189349,117.80259257495729,1.7240346439776355,2.611595328790021,1.0831295718669902,100.32679738562092,116.58581948601214,16.25902210039121,17.607469674244,9.83253115161998,19.199829833313984,17.983056744368845,20.21906500303402,10.91566072348697,True,Trailing 1–10 in Q4/OT,5.848877195849266,35.58050990735051,12.326158996348862
2024,DET,605,604,656,717,715.0620393197232,698.844301958015,-59.0620393197232,-18.15569804198506,-60.574284903958265,-17.073951829109927,0,0,46,108.4297520661157,118.1920726148303,-9.762320548714579,-10.012278496522027,-7.336899294375552,118.70860927152317,115.70269899967136,-3.0059102718518314,-2.826813216740054,-2.2581713982568483,-10.278857205407476,-12.76823082056641,-12.839091713262082,-9.595070692632401,True,Trailing 1–10 in Q4/OT,-24.865145983046343,-2.3088928754947644,-3.0116718541865275
2024,GSW,541,492,685,578,634.2647168061653,566.8980791962379,50.735283193834654,-11.101920803762148,55.9292855975737,-3.2979528621695158,0,0,41,126.6173752310536,117.23931918783093,9.378056043222672,10.338130424690148,6.846866827777957,117.47967479674797,115.22318682850363,-2.256487968244339,-0.670315622392178,-1.6043238155725648,9.137700434305629,7.121568074978334,9.66781480229797,5.242543012205392,True,Trailing 1–10 in Q4/OT,-4.672419639038741,19.309107898557127,4.260823688404646
2024,HOU,499,497,592,572,587.3341953974758,573.1983354558854,4.665804602524158,1.1983354558854082,3.814179269553142,6.559203983044673,0,0,42,118.6372745490982,117.70224356662841,0.9350309824697712,0.7643645830767819,0.6674970819061743,115.09054325955735,115.33165703337734,0.24111377382000168,1.3197593527252864,0.17192761203520923,3.546731289540844,1.1761447562897729,2.0841239358020682,0.8394246939413835,True,Trailing 1–10 in Q4/OT,-11.713892352226962,14.564986972223005,0.35702514594885093
2024,IND,525,480,627,560,618.728738223675,556.9825407634154,8.271261776324938,-3.0174592365845987,9.720012245027258,-4.508229302328584,0,0,38,119.42857142857143,117.85309299498572,1.5754784335857024,1.8514309038147159,1.1408636932861982,116.66666666666667,116.03802932571153,-0.6286373409551247,-0.9392144379851217,-0.443744005380088,2.761904761904759,0.9468410926305777,0.9122164658295941,0.6971196879061101,True,Trailing 1–10 in Q4/OT,-12.867875180592982,15.707978946634297,-2.1016680791864566
2024,LAC,536,502,670,596,630.3802615283389,583.4868108088809,39.61973847166111,-12.513189191119096,42.43762949193379,-10.03586389971851,0,0,44,125.0,117.60825774782442,7.39174225217558,7.9174681887936185,5.383116640171346,118.72509960159363,116.23243243204799,-2.4926671695456366,-1.9991760756411376,-1.7825055827804979,6.274900398406373,4.899075082629944,5.91829211315248,3.6006110573908483,True,Trailing 1–10 in Q4/OT,-9.854054597357853,19.634204605948124,1.2744032497068996
2024,LAL,451,445,542,495,531.4683229825871,517.5209589289916,10.53167701741295,22.520958928991618,14.928001194722771,28.948905404505627,0,0,44,120.17738359201773,117.84220021786854,2.3351833741492127,3.3099780919562685,1.6177691270987633,111.23595505617978,116.29684470314417,5.060889646964409,6.505372001012501,3.4916215393785452,8.941428535837957,7.396073021113621,9.81535009296877,5.109390666477308,True,Trailing 1–10 in Q4/OT,-10.053602403991558,24.157476308348397,6.461469365733051
2024,MEM,566,576,635,630,668.3003245119056,667.2770211977954,-33.300324511905636,37.27702119779538,-31.797153375351062,40.047872028120636,0,0,51,112.19081272084806,118.07426228125541,-5.883449560407357,-5.61787162108676,-4.34730085011823,109.375,115.8467050690617,6.471705069061698,6.952755560437611,4.803739845076724,2.815812720848058,0.5882555086543411,1.334883939350851,0.4564389949584946,True,Trailing 1–10 in Q4/OT,-13.32506829147189,14.76696837695805,8.366464573551884
2024,MIA,407,397,437,454,480.76353480359865,460.936699225016,-43.76353480359864,6.936699225016034,-42.8702562990538,13.332121639610584,0,0,40,107.37100737100737,118.12371862496282,-10.75271125395544,-10.533232505910025,-7.209808040131572,114.35768261964735,116.10496202141461,1.747279401767263,3.358217037685286,1.1619261683443944,-6.986675248639983,-9.005431852188176,-7.175015468224739,-6.047881871787177,True,Trailing 1–10 in Q4/OT,-21.42934115150778,3.531475940759916,-11.152278493578194
2024,MIL,439,406,544,471,514.619699964825,469.56358074000434,29.380300035175015,-1.4364192599956827,26.608543839349725,-1.7743089876878069,0,0,41,123.91799544419135,117.22544418333145,6.692551260859912,6.061171717391737,4.597856030543821,116.00985221674877,115.6560543694592,-0.35379784728957697,-0.4370219181497061,-0.23703288118740637,7.908143227442579,6.338753413570335,5.624149799242031,4.360823149356414,True,Trailing 1–10 in Q4/OT,-9.41821571132361,23.77719971302235,3.290563126751815
2024,MIN,352,301,398,297,413.6692621262105,350.5079219457032,-15.669262126210523,53.50792194570319,-15.312011988345445,56.44077994624136,0,0,36,113.06818181818181,117.51967674040071,-4.451494922218898,-4.3500034057799555,-2.83863444315408,98.67109634551495,116.44781459990139,17.77671825438644,18.751089683136666,10.680223941258122,14.39708547266686,13.325223332167543,14.401086277356711,7.841589498104042,True,Trailing 1–10 in Q4/OT,-11.111793915005839,38.89439830172431,5.970104345363908
2024,NOP,241,220,263,262,284.1451755083715,254.61030212105464,-21.14517550837151,-7.389697878945369,-21.71139568258479,-6.05686064100708,0,0,24,109.12863070539419,117.90256245160643,-8.773931746212243,-9.0088778765912,-4.794824378315535,119.0909090909091,115.73195550957028,-3.3589535813388043,-2.753118473185036,-1.7594518759393736,-9.962278385514907,-12.132885327551048,-11.761996349776236,-6.5542762542549085,False,Trailing 1–10 in Q4/OT,-26.287314222424023,3.106972592505045,-17.941678776417902
2024,NYK,434,441,525,499,511.3541039681874,512.1313244705682,13.645896031812576,13.131324470568163,16.15151061560016,19.10895743559633,0,0,38,120.96774193548387,117.82352625995101,3.144215675532852,3.7215462247926636,2.1523495318316366,113.15192743764172,116.12955203414245,2.9776245965007173,4.333096924171503,2.0485685601510397,7.815814497842155,6.12184027203357,8.054643148964168,4.200918091982676,True,Trailing 1–10 in Q4/OT,-7.149929703636272,21.839875481812168,1.1686932581254093
2024,OKC,435,399,540,451,510.9062826626023,462.2120973427248,29.093717337397727,11.212097342724777,32.24178315071694,16.02771630324045,0,0,34,124.13793103448276,117.44972015232237,6.688210882160398,7.411904172578607,4.5816877696689335,113.03258145363408,115.84263091296361,2.8100494593295178,4.016971504571541,1.8718025613897789,11.105349580848682,9.498260341489916,11.428875677150149,6.453490331058712,True,Trailing 1–10 in Q4/OT,-4.734270383521532,26.509142937992696,1.3941635920467075
2024,ORL,405,383,502,426,477.42043434378394,445.88820232075307,24.579565656216086,19.888202320753074,26.068286921110058,23.855445072292664,0,0,40,123.95061728395062,117.88158872686023,6.069028557090392,6.436614054595076,4.062738124994395,111.22715404699738,116.41989616729845,5.192742120301063,6.228575736891035,3.411355458105158,12.723463236953236,11.261770677391455,12.66518979148611,7.4740935830995525,True,Trailing 1–10 in Q4/OT,-4.137715290430835,28.311677589823624,9.016456614773357
2024,PHI,485,446,578,515,570.5608533931637,518.9621147357822,7.4391466068363,3.962114735782217,10.087906671900296,10.179300024570807,0,0,39,119.17525773195877,117.6414130707554,1.533844661203361,2.0799807570928444,1.086006803917708,115.47085201793722,116.35921855062381,0.8883665326865958,2.2823542655988356,0.6133304544554516,3.704405714021547,2.422211193889957,4.3623350226916795,1.6993372583731596,True,Trailing 1–10 in Q4/OT,-12.23899344007437,16.411089216549342,-1.2341734975727525
2024,PHX,482,472,546,571,569.8355089241759,547.7391180457594,-23.8355089241759,-23.260881954240578,-23.986906346705872,-21.677856542118374,0,0,40,113.27800829875518,118.22313463157175,-4.945126332816577,-4.9765365864535,-3.494942657503798,120.97457627118644,116.04642331477953,-4.928152956406902,-4.592766216550503,-3.4614407670000857,-7.696567972431254,-9.873279289223479,-9.569302803004003,-6.956383424503883,True,Trailing 1–10 in Q4/OT,-24.668598030125214,4.312753970910428,-13.607670006176143
2024,POR,547,585,562,679,648.8468275241041,679.0271583461125,-86.84682752410417,0.027158346112500897,-84.10656709428231,1.368361168657237,0,0,55,102.74223034734918,118.61916408118906,-15.876933733839886,-15.37597204648671,-11.626081328528002,116.06837606837607,116.073018520703,0.004642452326923231,0.23390789207816018,0.00345966192515935,-13.32614572102689,-15.872291281512963,-15.14206415440855,-11.622621666602843,True,Trailing 1–10 in Q4/OT,-31.880493452539337,-0.04896941096554279,-5.573140709028735
2024,SAC,429,400,514,459,504.9075918750987,464.194633663805,9.092408124901272,5.1946336638049875,12.5548614513816,5.829008784153589,0,0,41,119.81351981351982,117.69407736016288,2.11944245335694,2.926541130858182,1.4455338831321578,114.75,116.04865841595125,1.2986584159512469,1.4572521960383973,0.8657722773008313,5.063519813519818,3.4181008693081867,4.383793326896579,2.311306160432989,True,Trailing 1–10 in Q4/OT,-14.465183436942311,20.383319118350787,1.8917090200508524
2024,SAS,622,620,701,714,735.2173333154012,717.5661836880026,-34.2173333154012,3.566183688002598,-30.997381965861102,1.0680981435243702,0,0,54,112.70096463022509,118.20214361983942,-5.50117898961434,-4.983501923771881,-4.162692617445401,115.16129032258064,115.73648124000043,0.5751909174197739,0.1722738941168339,0.4349004497564144,-2.4603256923555534,-4.925988072194566,-4.811228029655047,-3.727792167688987,True,Trailing 1–10 in Q4/OT,-18.584131681530714,8.335971304090188,1.8891673619454066
2024,TOR,589,566,696,662,694.5195984337174,654.390214894336,1.480401566282569,-7.609785105663896,-1.1753745253751715,-8.390579815887778,0,0,48,118.16638370118845,117.9150421788994,0.2513415222890609,-0.19955424879035172,0.1876301097950024,116.96113074204948,115.61664574104877,-1.3444850010006884,-1.482434596446604,-0.9934445307655216,1.2052529591389742,-1.0931434787116274,-1.6819888452369556,-0.8058144209705193,True,Trailing 1–10 in Q4/OT,-12.39591826578686,12.042623997337644,6.441860013202745
2024,UTA,488,484,590,577,574.0776204975595,561.9327370655386,15.922379502440595,-15.0672629344614,21.13623988908353,-12.537226467182995,0,0,39,120.90163934426229,117.63885665933596,3.2627826849263513,4.331196698582691,2.31429934628497,119.21487603305785,116.10180517883029,-3.113070854227562,-2.5903360469386354,-2.202816218488509,1.6867633112044444,0.14971183069878924,1.7408606516440552,0.11148312779646119,True,Trailing 1–10 in Q4/OT,-15.666892161887212,16.531430381216307,4.840567002708495
2024,WAS,600,606,660,722,709.4998685138202,699.5097000065384,-49.499868513820175,-22.4902999934616,-47.37252540726738,-22.619102784692,0,0,51,110.0,118.24997808563668,-8.249978085636696,-7.895420901211231,-6.187483564227522,119.14191419141915,115.43064356543539,-3.7112706259837625,-3.7325252119953793,-2.7903598006776176,-9.141914191419147,-11.96124871162046,-11.62794611320661,-8.977843364905139,True,Trailing 1–10 in Q4/OT,-22.741024479856236,-0.8667340580701026,-1.7431497171842967
2025,ATL,589,563,680,591,681.7041037681987,644.5705088268141,-1.7041037681986761,53.5705088268141,0.45409319039438056,55.297640782888394,0,0,41,115.44991511035654,115.73923663297091,-0.28932152261437627,0.07709561806356208,-0.21598273361199952,104.97335701598578,114.48854508469168,9.51518806870588,9.821961062679998,7.021036543488087,10.476558094370759,9.225866546091504,9.899056680743561,6.805053809876087,True,Trailing 1–10 in Q4/OT,-5.225014183958583,24.452432242694304,10.211758780033591
2025,BKN,546,530,621,621,633.6346204277987,605.1779593967306,-12.634620427798772,-15.822040603269475,-10.855969492211475,-9.899730465164392,0,0,54,113.73626373626374,116.05029678164811,-2.3140330453843907,-1.9882728007713324,-1.6936488509113636,117.16981132075472,114.18452064089256,-2.9852906798621652,-1.867873672672527,-2.1674028223656814,-3.433547584490981,-5.2993237252465555,-3.856146473443859,-3.861051673277045,True,Trailing 1–10 in Q4/OT,-22.00113768213538,8.327436615150654,2.402713001757668
2025,BOS,300,256,357,284,347.25030537759216,292.93638656908473,9.749694622407855,8.936386569084721,13.998137082410521,10.909808830201367,0,0,31,119.0,115.75010179253071,3.249898207469285,4.666045694136841,1.9499389244815708,110.9375,114.42827600354872,3.4907760035487194,4.261644074297409,1.9597338967291056,8.0625,6.740674211018004,8.927689768434249,3.9096728212106764,False,Trailing 1–10 in Q4/OT,-16.261232847608618,31.87952822307187,-3.3314049741347302
2025,CHA,700,684,812,774,813.3654200895016,781.8559063011486,-1.3654200895016864,7.855906301148586,-4.014735307217617,6.911018511618834,0,0,54,116.0,116.19506001278596,-0.19506001278595517,-0.5735336153168024,-0.15171334327796512,113.15789473684211,114.30641904987553,1.148524313033419,1.0103828233360868,0.8886771833878492,2.8421052631578902,0.9534643002474639,0.4368492080192844,0.736963840109884,True,Trailing 1–10 in Q4/OT,-10.90817942478832,13.257498324686168,11.21028420060536
2025,CHI,597,606,674,693,691.3327566046361,693.2042042558884,-17.332756604636057,0.2042042558884094,-17.389079007112304,2.2098875525695454,0,0,47,112.89782244556113,115.80113175957054,-2.9033093140093897,-2.912743552280118,-2.1747498876582254,114.35643564356435,114.39013271549312,0.03369707192878043,0.3646679129652715,0.025335515618909357,-1.4586131980032206,-2.8696122420806094,-2.5480756393148463,-2.149414372039316,True,Trailing 1–10 in Q4/OT,-18.225962340879533,12.641462130654324,-1.4323833238593917
2025,CLE,353,308,493,351,407.141546911905,352.3815997922331,85.85845308809502,1.3815997922331147,88.39662909869432,3.0477191650377575,0,0,30,139.6600566572238,115.33754870025636,24.322507956967424,25.041537988298675,15.525940883923148,113.96103896103897,114.40961032215361,0.4485713611146476,0.9895192094278433,0.2719684630380147,25.69901769618484,24.771079318082073,26.03105719772652,15.797909346961163,True,Trailing 1–10 in Q4/OT,3.9906507187050124,46.78466310066281,14.554708016332341
2025,DAL,414,394,485,444,480.5936258869466,450.4555165773956,4.406374113053404,6.455516577395595,3.05031817093363,7.711724728443005,0,0,39,117.14975845410628,116.08541688090497,1.0643415732013053,0.7367918287279299,0.7176505070119551,112.69035532994924,114.3288113140598,1.638455984110557,1.9572905402139607,1.0867873025918509,4.459403124157035,2.7027975573118623,2.6940823689418907,1.8044378096038058,True,Trailing 1–10 in Q4/OT,-14.102949029544018,18.308881271094396,3.7585494347625916
2025,DEN,575,533,699,593,665.3157229015738,610.6936688458283,33.684277098426115,17.6936688458283,33.222790505364244,18.488193680060434,0,0,40,121.56521739130434,115.70708224375198,5.8581351475523675,5.7778766096285645,4.346358335280789,111.25703564727955,114.5766733294237,3.3196376821441462,3.468704255170813,2.413870238175757,10.308181744024793,9.177772829696513,9.246580864799377,6.760228573456546,True,Trailing 1–10 in Q4/OT,-5.471746010056079,24.918985561582314,4.359870168592344
2025,DET,585,561,678,645,678.5994304024023,639.4443574352608,-0.5994304024023132,-5.555642564739169,4.137478757684402,-1.1632417791730147,0,0,44,115.8974358974359,115.99990263288927,-0.10246673545338686,0.7072613260998978,-0.07636056081558129,114.97326203208556,113.982951414485,-0.9903106176005648,-0.20735147578841617,-0.7300450150774204,0.9241738653503404,-1.0927773530539517,0.4999098503114816,-0.8064055758930017,True,Trailing 1–10 in Q4/OT,-12.245512230025437,10.887255508869945,-2.8769073074166864
2025,GSW,454,430,531,489,528.145777611579,491.9096166478749,2.8542223884209807,2.909616647874872,4.880913296231938,5.5957638867630966,0,0,40,116.96035242290749,116.3316690774403,0.6286833454671764,1.0750910344123212,0.4364254416545842,113.72093023255815,114.39758526694764,0.6766550343895051,1.3013404387821155,0.46184391236109085,3.2394221903493445,1.3053383798566816,2.3764314731944367,0.898269354015675,True,Trailing 1–10 in Q4/OT,-10.18953827867745,13.813809636155385,-2.068282715716929
2025,HOU,482,447,553,485,560.0134256582967,512.2320536655463,-7.013425658296633,27.232053665546303,-4.19389267512142,32.00523352861336,0,0,40,114.73029045643153,116.18535802039351,-1.455067563961957,-0.8701022147554813,-1.0283615334745795,108.50111856823266,114.5933005963191,6.092182028086421,7.160007500808359,4.20897274583405,6.229171888198877,4.637114464124465,6.2899052860528775,3.1806112123594703,True,Trailing 1–10 in Q4/OT,-9.304123878637737,18.927863461322655,-0.33771821748678654
2025,IND,545,517,657,562,629.450352982617,592.3290073491376,27.54964701738297,30.32900734913757,25.665189748262954,27.297716832256526,0,0,44,120.55045871559633,115.49547761148936,5.054981104106967,4.7092091281216435,3.6979391969641573,108.70406189555126,114.57040761105175,5.866345715500497,5.280022598115383,4.2299870779829245,11.846396820045072,10.921326819607465,9.989231726237026,7.927926274947081,True,Trailing 1–10 in Q4/OT,-2.9328208762016916,25.64817556736945,8.487487575972951
2025,LAC,399,385,450,424,463.6247089915124,441.901660890544,-13.624708991512435,17.901660890544026,-12.902798428078576,24.24214890803947,0,0,33,112.78195488721805,116.19666892017855,-3.41471403296051,-3.2337840671876132,-2.274575791571358,110.12987012987013,114.77965217936207,4.649782049491955,6.296662054036227,3.0601129727425684,2.6520847573479216,1.2350680165314447,3.0628779868486133,0.7855371811712106,True,Trailing 1–10 in Q4/OT,-13.48482858870086,16.91998918140674,-3.888157206331292
2025,LAL,309,293,361,330,359.0307302501175,335.63373538173846,1.9692697498825025,5.6337353817384805,5.730801645452027,9.264737581623471,0,0,29,116.8284789644013,116.19117483822572,0.6373041261755671,1.854628364223957,0.386889931214637,112.62798634812286,114.55076292892097,1.922776580798116,3.1620264783697856,1.142745513537217,4.200492616278439,2.5600807069736833,5.016654842593742,1.529635444751854,False,Trailing 1–10 in Q4/OT,-16.475379900845034,25.000899158946023,0.9317030184255117
2025,MEM,491,454,569,512,571.21133760552,519.6027837960988,-2.2113376055200673,7.6027837960988665,2.0899347405066613,13.196564045300551,0,0,41,115.88594704684317,116.33632130458656,-0.45037425774339457,0.42564862332111225,-0.3200199139681718,112.77533039647577,114.44995237799533,1.6746219815195742,2.9067321685684036,1.162505167599215,3.1106166503674046,1.2242477237761795,3.332380791889516,0.8424852536310432,True,Trailing 1–10 in Q4/OT,-13.114278381614463,15.526108941352483,-3.5759870606014452
2025,MIA,552,506,585,538,643.9320041324429,580.0625322315813,-58.93200413244291,42.06253223158128,-54.827014405297696,44.96400009372113,0,0,47,105.97826086956522,116.65434857471791,-10.676087705152701,-9.932430145887263,-7.836702677186558,106.32411067193677,114.6368640773876,8.312753405450845,8.886166026427102,5.957865755181484,-0.3458498023715464,-2.3633342997018563,-1.0462641194601616,-1.8788369220050738,True,Trailing 1–10 in Q4/OT,-14.708642320511967,10.466580241016121,-2.6931916802332703
2025,MIL,474,420,555,453,548.1052812862504,482.1552490576726,6.8947187137496755,29.155249057672645,11.054065279831981,32.718817362014384,0,0,43,117.0886075949367,115.63402558781654,1.4545820071201847,2.332081282664975,1.0229552987759163,107.85714285714286,114.79886882325539,6.941725966112535,7.790194610003424,4.702459525431072,9.231464737793843,8.39630797323272,10.1222758926684,5.725414824206989,True,Trailing 1–10 in Q4/OT,-8.991215685011065,25.171984258340366,6.064614300308452
2025,MIN,594,543,729,584,687.2928461238662,621.6498176750163,41.707153876133795,37.649817675016266,45.7082118862833,43.09698543587718,0,0,44,122.72727272727273,115.70586635081922,7.021406376453501,7.69498516604096,5.2527901607221406,107.55064456721915,114.48431264733264,6.933668080113493,7.936829730364121,5.067270211980655,15.176628160053582,13.955074456566994,15.63181489640508,10.320060372702795,True,Trailing 1–10 in Q4/OT,3.4393968134172104,24.997142563965106,8.273033060878356
2025,NOP,571,592,672,709,662.4081294467577,675.6428724665129,9.591870553242341,-33.357127533487116,9.167819611719779,-25.48891472456995,0,0,51,117.68826619964973,116.00842897491378,1.6798372247359616,1.6055726115095934,1.2440817838187213,119.76351351351352,114.12886359231638,-5.6346499211971475,-4.30555991969087,-4.211758526955443,-2.075247313863784,-3.954812696461186,-2.699987308181276,-2.967676743136722,True,Trailing 1–10 in Q4/OT,-18.57574247129436,10.164461352931417,6.927624255140707
2025,NYK,476,446,566,564,550.1469402619407,508.2293015518581,15.853059738059294,-55.7706984481419,21.47391093042935,-53.46771824098108,0,0,39,118.90756302521008,115.57708829032367,3.330474734886406,4.511325825720452,2.345127180186286,126.45739910313901,113.95275819548388,-12.504640907655135,-11.988277632506968,-8.633235053891935,-7.54983607792893,-9.174166172768729,-7.4769518067865155,-6.288107873705649,True,Trailing 1–10 in Q4/OT,-27.71130108613236,9.611019327158344,-14.036750993031628
2025,OKC,227,210,278,231,262.1995697226715,239.91911763990933,15.800430277328488,8.919117639909336,17.226404030614006,12.725914847863034,0,0,25,122.4669603524229,115.5064183800315,6.960541972391404,7.588724242561236,3.7003349595617068,110.0,114.24719887614731,4.247198876147303,6.0599594513633495,2.1753945463193505,12.466960352422902,11.207740848538707,13.648683693924585,5.875729505881058,False,Trailing 1–10 in Q4/OT,-8.3593634745185,37.60047630054066,-2.6368669043049167
2025,ORL,450,436,514,436,521.2897587405356,499.9712281611956,-7.289758740535552,63.97122816119558,-4.921926223990182,65.74248777010791,0,0,36,114.22222222222223,115.84216860900791,-1.6199463867856783,-1.0937613831089295,-1.1215013446977773,100.0,114.67230003697146,14.672300036971464,15.078552240850438,10.058369207735154,14.222222222222229,13.052353650185786,13.984790857741508,8.936867863037378,True,Trailing 1–10 in Q4/OT,0.20560994962249063,27.020025200769457,13.015963622228508
2025,PHI,498,511,539,662,579.3824177427495,578.9140598943882,-40.382417742749425,-83.08594010561183,-37.333067483248655,-83.32301039975226,0,0,51,108.23293172690764,116.34185095235932,-8.108919225451691,-7.496599896234669,-5.785446668015677,129.5499021526419,113.29042267991942,-16.25947947272247,-16.305872876663848,-11.685786231450328,-21.316970425734254,-24.36839869817416,-23.80247277289852,-17.471232899466003,True,Trailing 1–10 in Q4/OT,-39.886528141959225,-7.903533689846931,-17.099708998427833
2025,PHX,550,554,664,672,639.0480208406165,627.1427356057495,24.951979159383573,-44.85726439425048,25.256025676263267,-45.4236488100129,0,0,43,120.72727272727273,116.19054924374845,4.536723483524286,4.592004668411503,3.3269305545844765,121.29963898916968,113.20265985663349,-8.096979132536188,-8.199214586644928,-5.949239309582292,-0.5723662618969456,-3.5602556490119017,-3.6072099182334245,-2.6223087549978152,True,Trailing 1–10 in Q4/OT,-16.560169951923037,8.97554639332917,-0.4230751443289411
2025,POR,417,398,468,466,483.86056134100295,454.019220181668,-15.860561341002942,-11.980779818331982,-14.78521755715837,-6.792468304954775,0,0,40,112.23021582733813,116.0337077556362,-3.8034919282980675,-3.5456157211410964,-2.5705934102111736,117.08542713567839,114.07518095016783,-3.0102461855105482,-1.7066503278780842,-2.003474886008693,-4.855211308340259,-6.813738113808616,-5.25226604901918,-4.574068296219867,True,Trailing 1–10 in Q4/OT,-23.46141757789071,9.694458379675437,-3.9193546716683065
2025,SAC,572,529,712,606,661.4764963538694,605.8046199650058,50.52350364613063,-0.1953800349941286,48.11118847384326,-1.6397496016391941,0,0,46,124.47552447552448,115.64274411780934,8.832780357715144,8.411046935986583,6.5444952909495635,114.55576559546314,114.51883175141887,-0.036933844044258715,-0.3099715693079762,-0.026801102193981973,9.919758880061337,8.795846513670886,8.101075366678607,6.5176941887555815,True,Trailing 1–10 in Q4/OT,-3.61093645316191,22.804334151837224,8.14769475712598
2025,SAS,459,439,530,507,530.4164926227505,499.9721881541825,-0.4164926227505297,-7.027811845817479,-0.26731025912323414,-5.78224541355073,0,0,43,115.46840958605665,115.55914871955349,-0.09073913349684742,-0.05823752922074818,-0.06320070147959479,115.48974943052391,113.88888112851538,-1.6008683020085372,-1.317140185319073,-1.0998140603783222,-0.021339844467263447,-1.6916074355053847,-1.3753777145398212,-1.163014761857917,True,Trailing 1–10 in Q4/OT,-18.296629161595973,14.845564493930052,1.5261374094477136
2025,TOR,468,455,529,530,546.7160000742856,517.6522487288715,-17.716000074285574,-12.34775127112844,-14.490217668903384,-12.127016889391964,0,0,44,113.03418803418803,116.81965813553111,-3.785470101343072,-3.096200356603287,-2.6520958195038284,116.48351648351648,113.76972499535638,-2.7137914881600964,-2.665278437229003,-1.8851528658211356,-3.4493284493284477,-6.499261589503169,-5.76147879383229,-4.537248685324964,True,Trailing 1–10 in Q4/OT,-22.465804986706146,8.344287565561334,-1.9346579700552091
2025,UTA,649,665,723,797,754.2534931327087,756.5781822588388,-31.25349313270879,-40.42181774116124,-33.193781002174845,-40.91646490739421,0,0,49,111.40215716486902,116.21779555203524,-4.815638387166223,-5.11460416058164,-3.6812123831223547,119.84962406015038,113.77115522689306,-6.078468833257329,-6.152851865773565,-4.673042513429045,-8.447466895281352,-10.894107220423553,-11.267456026355205,-8.3542548965514,True,Trailing 1–10 in Q4/OT,-24.494959541934005,2.171394268021055,-1.2038548434621177
2025,WAS,427,442,442,558,499.3812426097199,502.58752754353867,-57.38124260971987,-55.41247245646132,-56.00494683166026,-51.585171837673606,0,0,38,103.51288056206089,116.95111068143324,-13.438230119372333,-13.115912606946198,-9.151713334883551,126.24434389140272,113.7075854170902,-12.536758474312515,-11.67085335693973,-8.631226239324192,-22.731463329341835,-25.97498859368485,-24.786765963885927,-17.782939574207745,True,Trailing 1–10 in Q4/OT,-41.27110018148029,-11.997914774811791,-11.976835463423829
2026,ATL,490,470,575,512,560.8794636077088,536.8939955590632,14.120536392291259,24.89399555906325,18.735080052727252,29.95359784274707,0,0,38,117.34693877551021,114.46519665463444,2.8817421208757668,3.823485725046378,2.0464545496074287,108.93617021276596,114.23276501256665,5.296594799800691,6.373105923988738,3.715521725233321,8.410768562744252,8.178336920676458,10.196591649035115,5.76197627484075,True,Trailing 1–10 in Q4/OT,-8.936563489134242,25.92106555427307,5.763085034113184
2026,BKN,501,484,548,575,575.7478078055813,548.6814936703639,-27.747807805581278,-26.318506329636108,-26.267267239957892,-25.86878712543363,0,0,40,109.3812375249501,114.91972211688248,-5.538484591932391,-5.242967512965647,-3.9583178039345617,118.80165289256199,113.36394497321568,-5.437707919346303,-5.344790728395378,-3.8477348435140506,-9.420415367611895,-10.976192511278693,-10.587758241361026,-7.806052647448612,True,Trailing 1–10 in Q4/OT,-24.834226064976818,3.3209058135629284,-0.49509098171788146
2026,BOS,364,329,416,349,416.16637220807127,373.6090581984484,-0.16637220807128794,24.609058198448373,3.5612169544808077,24.744884236343193,0,0,32,114.28571428571429,114.33142093628331,-0.045706650569035154,0.978356306176046,-0.029498618452356018,106.0790273556231,113.55898425484754,7.47995689922443,7.521241409222855,4.6519958787237,8.206686930091195,7.4342502486553945,8.4995977153989,4.622497260271344,True,Trailing 1–10 in Q4/OT,-9.545003347145379,26.399764998835526,-1.2246989182332095
2026,CHA,421,407,442,473,485.9892219247965,461.80690697343067,-43.98922192479648,-11.193093026569318,-41.934621824807024,-8.953311759310555,0,0,42,104.98812351543943,115.43686981586616,-10.448746300426718,-9.960717773113307,-7.083610615909257,116.21621621621621,113.46607050944243,-2.7501457067737882,-2.1998308990935027,-1.8440021460575482,-11.228092700776784,-13.198892007200506,-12.16054867220681,-8.927612761966806,True,Trailing 1–10 in Q4/OT,-27.964526548173332,1.2451350686587939,-18.249263868985977
2026,CHI,567,562,620,636,650.0616911709297,638.2232469836703,-30.061691170929784,2.2232469836703093,-30.449291556454835,1.4013358721513653,0,0,51,109.34744268077601,114.64932824884123,-5.3018855680652175,-5.370245424418842,-3.9193860718291766,113.16725978647686,113.56285533517264,0.39559554869578456,0.24934801995575898,0.2917646960197256,-3.8198171057008494,-4.9062900193694325,-5.120897404463083,-3.627621375809451,True,Trailing 1–10 in Q4/OT,-19.406931339239907,9.933312376410692,0.435226175923189
2026,CLE,571,568,671,634,652.4734267930387,645.8812750867543,18.52657320696131,11.881275086754243,20.16221725123544,16.145945078301573,0,0,43,117.51313485113836,114.26855110210835,3.2445837490300016,3.5310362961883435,2.4029277830040607,111.61971830985915,113.71149209273842,2.0917737828792684,2.8425959644897136,1.5470410269211257,5.893416541279208,5.33635753190927,6.3736322606780575,3.9499688099251866,True,Trailing 1–10 in Q4/OT,-10.80385833346093,21.487984109923794,0.7176287497111984
2026,DAL,673,646,735,680,777.1933270447438,735.7559804087869,-42.19332704474377,55.75598040878681,-44.0435487632072,58.24674202274496,0,0,47,109.21248142644873,115.48192080902582,-6.269439382577082,-6.544360886063477,-4.833141700428839,105.26315789473684,113.89411461436329,8.630956719626441,9.016523532932656,6.590541419478346,3.9493235317118973,2.361517337049359,2.4721626468691786,1.7573997190495074,True,Trailing 1–10 in Q4/OT,-7.036842945266844,13.78656260915657,7.96975892646568
2026,DEN,472,410,623,476,536.8883327959321,463.3732895013573,86.11166720406784,-12.62671049864267,90.2290381317987,-11.379079036532545,0,0,44,131.9915254237288,113.74752813473138,18.243997288997424,19.116321638092945,12.814236191081523,116.09756097560975,113.01787548813593,-3.0796854874738218,-2.775385130861596,-2.0699525407610935,15.89396444811905,15.164311801523603,16.340936507231348,10.74428365032043,True,Trailing 1–10 in Q4/OT,0.5844176809244453,31.355892996955127,9.724222505024974
2026,DET,342,334,404,346,390.58945170409487,380.05461660793026,13.410548295905135,34.05461660793027,13.321137123889741,34.61900460761021,0,0,32,118.12865497076024,114.2074420187412,3.921212952019045,3.895069334470685,2.4742709033035304,103.59281437125749,113.78880736764378,10.195992996386309,10.364971439404254,6.377269027702297,14.535840599502748,14.117205948405354,14.26004077387494,8.851539931005828,True,Trailing 1–10 in Q4/OT,-3.320574391228825,30.06153834750883,5.293824592072827
2026,GSW,625,609,728,708,717.6531062250882,692.6628236415758,10.346893774911774,-15.337176358424282,11.333658723159708,-13.458067521844901,0,0,42,116.48,114.82449699601412,1.6555030039858838,1.8133853957055532,1.2541689424135483,116.25615763546799,113.73773787217993,-2.518419763288059,-2.2098633040796223,-1.8958190801513326,0.22384236453201822,-0.8629167593021754,-0.39647790837406904,-0.6416501377377843,True,Trailing 1–10 in Q4/OT,-15.095370710833487,13.420143646589958,-0.9531115177754698
2026,HOU,498,432,615,490,564.2377880712634,486.8160386405235,50.76221192873659,-3.1839613594764824,53.06070356633361,-0.6967813591138992,0,0,42,123.49397590361446,113.30076065688019,10.193215246734255,10.654759752275824,7.272523198959396,113.42592592592592,112.68889783345452,-0.737028092471408,-0.16129198127636554,-0.5037913543475447,10.068049977688531,9.456187154262846,10.493467770999459,6.768731844611851,True,Trailing 1–10 in Q4/OT,-6.57831214247962,26.53535894013492,3.9173926428427333
2026,IND,557,562,611,661,642.3321917181725,636.9916346085605,-31.332191718172503,-24.00836539143954,-31.797491359741617,-27.604640902885365,0,0,50,109.69479353680431,115.31996260649416,-5.625169069689857,-5.708705809648405,-4.138994942955416,117.61565836298932,113.34370722572251,-4.2719511372668215,-4.911857811901311,-3.150704119611488,-7.92086482618501,-9.897120206956679,-10.620563621549717,-7.289699062566904,True,Trailing 1–10 in Q4/OT,-23.27368362696682,2.832403470078204,-1.5991878167966895
2026,LAC,443,417,528,472,506.06371930840453,473.17392334113794,21.936280691595453,1.1739233411379142,24.34114425885724,4.426080974878836,0,0,39,119.18735891647856,114.23560255268725,4.951756363791299,5.49461495685265,3.41155220709105,113.18944844124701,113.4709648300091,0.28151638876208973,1.0614103057263395,0.19026310229139615,5.997910475231549,5.233272752553389,6.55602526257899,3.601815309382446,True,Trailing 1–10 in Q4/OT,-11.012215720110772,21.531213586586816,3.993526715760042
2026,LAL,342,313,412,320,393.0770977331764,359.7727406973785,18.922902266823588,39.77274069737848,21.99359777887323,43.934887878894656,0,0,38,120.46783625730994,114.9348238985896,5.533012358720347,6.430876543530185,3.4913103813327653,102.23642172523962,114.9433676349452,12.706945909705585,14.036705392618103,7.7529708961751425,18.231414532070318,18.23995826842593,20.46758193614829,11.244281277507907,True,Trailing 1–10 in Q4/OT,1.7945348986656797,37.192763072358105,16.68394028712911
2026,MEM,535,561,576,747,615.759575056743,633.061575219814,-39.75957505674301,-113.93842478018597,-39.22409157394759,-110.68651750586271,0,0,51,107.66355140186916,115.09524767415756,-7.431696272288413,-7.331605901672447,-5.409465994114695,133.15508021390374,112.8452005739419,-20.309879639961846,-19.73021702421795,-14.972197737212348,-25.491528812034588,-27.74157591225026,-27.061822925890397,-20.381663731327045,True,Trailing 1–10 in Q4/OT,-41.6583762146489,-13.270567538087219,-21.20080149832205
2026,MIA,422,413,452,468,484.58654393344665,468.2199833979649,-32.58654393344665,0.21998339796488708,-27.637535746834388,4.3198308896118425,0,0,39,107.1090047393365,114.83093458138546,-7.721929842048969,-6.54917908692758,-5.238994201518754,113.31719128329298,113.37045602856293,0.05326474526994845,1.0459638957897923,0.03588636182135189,-6.2081865439564865,-7.66866509677902,-5.503215191137788,-5.2031078396974015,True,Trailing 1–10 in Q4/OT,-25.51986685095775,10.040063377569872,-10.000005631358116
2026,MIL,480,484,570,567,550.376124947816,551.1987413545144,19.623875052184,-15.80125864548567,19.46766879464378,-13.320398199789645,0,0,39,118.75,114.66169269746167,4.088307302538333,4.055764332217454,2.885863978262353,117.14876033057851,113.88403746994098,-3.264722860637535,-2.7521483883862903,-2.310125532965741,1.6012396694214885,0.8235844419007985,1.303615943831164,0.5757384452966119,True,Trailing 1–10 in Q4/OT,-12.583475798182219,15.530574735088534,7.323671576372307
2026,MIN,429,393,523,423,488.5324643491514,446.96565742138245,34.467535650848596,23.96565742138245,38.18677910216425,28.6305456974936,0,0,38,121.91142191142191,113.87703131681852,8.034390594603401,8.901347110061597,5.479735397591192,107.63358778625954,113.73171944564439,6.098131659384847,7.28512613167776,4.041426209339368,14.277834125162371,14.132522253988249,16.186473241739357,9.521161606930558,True,Trailing 1–10 in Q4/OT,-1.1843923401516123,31.612029902180616,10.822323505223753
2026,NOP,700,688,788,804,803.0128133639478,776.8996058971301,-15.012813363947759,-27.100394102869938,-9.899001860737132,-22.732759628399908,0,0,51,112.57142857142857,114.71611619484969,-2.1446876234211083,-1.4141431229624473,-1.6680903737719732,116.86046511627907,112.9214543455131,-3.939010770765979,-3.304180178546498,-3.0518461827556234,-4.289036544850504,-6.0836983941870875,-4.718323301508946,-4.719936556527596,True,Trailing 1–10 in Q4/OT,-17.806197444140295,4.885488814703036,-1.2782001813105577
2026,NYK,401,392,477,448,460.4859617319617,444.28482379375174,16.51403826803831,-3.715176206248252,19.045656600552128,-4.1618078131107294,0,0,36,118.95261845386534,114.83440442193559,4.118214031929753,4.749540299389558,2.7477601111544607,114.28571428571429,113.33796525350809,-0.9477490322061868,-1.06168566660988,-0.6275635483527453,4.666904168151049,3.170464999723566,3.687854632779678,2.1201965628017154,True,Trailing 1–10 in Q4/OT,-15.054326698607815,21.5369753818985,-3.5504979294056307
2026,OKC,319,289,392,326,363.79005684061576,329.2692274466914,28.209943159384224,3.269227446691379,30.895292662489293,6.650720823456342,0,0,29,122.88401253918495,114.04077016947201,8.843242369712923,9.685044721783477,5.435441841885207,112.80276816608996,113.93398873587937,1.1312205697894044,2.301287482164824,0.6685536700800366,10.08124437309499,9.974462939502327,11.986332203948301,6.103995511965244,False,Trailing 1–10 in Q4/OT,-6.906188854355861,27.754818315706448,-1.1814248164853627
2026,ORL,534,503,642,559,612.6718379901703,574.3158704236179,29.32816200982973,15.315870423617922,30.540376060385785,18.946385325332493,0,0,50,120.2247191011236,114.73255393074349,5.492165170380099,5.719171546888724,3.9956623991593636,111.13320079522863,114.17810545201151,3.044904656782887,3.7666770030482093,2.1786444414819233,9.091518305894965,8.537069827162986,9.485848549936932,6.174306840641287,True,Trailing 1–10 in Q4/OT,-6.026715144927197,23.11196286961268,7.80327508179173
2026,PHI,570,526,653,533,652.9897975688417,599.1861178151973,0.01020243115823849,66.1861178151973,3.9130481756628517,73.37547147223832,0,0,45,114.56140350877193,114.55961360856871,0.0017899002031997351,0.6864996799408511,0.001324991059511492,101.33079847908745,113.91371061125425,12.582912132166788,13.9497094053685,9.116545153608444,13.230605029684483,12.584702032369988,14.636209085309352,9.117870144667956,True,Trailing 1–10 in Q4/OT,-0.25330073785755997,26.817468327263093,12.861478804964108
2026,PHX,370,337,410,382,422.24919513733755,383.16373141626934,-12.249195137337558,1.1637314162693226,-9.922914236416108,3.2697530171190285,0,0,34,110.8108108108108,114.12140409117231,-3.3105932803615024,-2.6818687125448943,-2.148981603041677,113.35311572700297,113.69843662203839,0.3453208950354073,0.9702531208068333,0.21670976094400796,-2.5423049161921654,-2.965272385326095,-1.7116155917380609,-1.932271842097669,True,Trailing 1–10 in Q4/OT,-19.543719462351355,11.367077738011043,-4.420364530491291
2026,POR,547,521,642,577,626.4620046401969,592.6586482379947,15.537995359803066,15.658648237994694,23.0212640308025,20.735568710653173,0,0,41,117.3674588665448,114.52687470570329,2.8405841608415114,4.208640590640311,2.0800529263457923,110.7485604606526,113.7540591627629,3.005498702110306,3.979955606651281,2.171795872121317,6.618898405892196,5.846082862951818,8.188596197291591,4.251848798467109,True,Trailing 1–10 in Q4/OT,-7.787581483907191,20.515729392758878,6.3112884906536015
2026,SAC,517,537,578,670,592.1118281879201,606.6391511228172,-14.111828187920068,-63.36084887718272,-13.692945354253657,-60.9252286575355,0,0,45,111.79883945841392,114.52840003634819,-2.729560577934249,-2.6485387532405524,-1.9681768741868995,124.76722532588454,112.96818456663263,-11.799040759251902,-11.345480196933986,-8.5971301054522,-12.968385867470616,-14.528601337186151,-13.994018950174539,-10.5653069796391,True,Trailing 1–10 in Q4/OT,-28.465019966661526,-2.432431515627354,-4.035200963615619
2026,SAS,357,336,426,351,407.9878284024448,382.8940355206304,18.01217159755521,31.894035520630407,17.22260896909701,35.075364128711676,0,0,33,119.32773109243698,114.28230487463439,5.0454262178025795,4.824260215433336,3.2337830516257107,104.46428571428571,113.9565581906638,9.492272476378096,10.439096466878475,5.950379761311643,14.863445378151269,14.537698694180676,15.26335668231181,9.184162812937354,True,Trailing 1–10 in Q4/OT,-5.524359791392233,35.286766845528255,5.472330604563782
2026,TOR,447,447,466,509,513.2237090106819,507.4851332452716,-47.22370901068187,-1.514866754728403,-43.45026897624392,4.149868355652432,0,0,41,104.25055928411633,114.81514742968275,-10.564588145566413,-9.720418115490808,-7.298873108297043,113.87024608501119,113.53134971930012,-0.3388963657110521,0.9283821824725798,-0.23413705637224155,-9.619686800894854,-10.903484511277465,-8.792035933018228,-7.533010164669284,True,Trailing 1–10 in Q4/OT,-32.33787113019615,8.28752125873208,-13.83536385154755
2026,UTA,530,547,587,658,608.2056984838702,620.4617162376013,-21.205698483870133,-37.53828376239867,-21.670466179192143,-38.58175523405419,0,0,43,110.75471698113208,114.75579216676795,-4.001075185635874,-4.08876720362116,-2.9048902032698813,120.29250457038391,113.42992984234027,-6.862574728043632,-7.053337337121425,-5.025205322944935,-9.537787589251835,-10.863649913679506,-11.142104540742585,-7.930095526214817,True,Trailing 1–10 in Q4/OT,-23.989793465254674,4.433561459254668,-2.341739875049358
2026,WAS,367,384,413,501,420.94005910881043,435.1137344315491,-7.940059108810405,-65.88626556845091,-9.601560286800622,-64.94595750779608,0,0,40,112.53405994550408,114.6975637898666,-2.163503844362508,-2.6162289609810956,-1.4003631585203535,130.46875,113.31086834154924,-17.15788165845076,-16.91300976765523,-11.281894789118306,-17.934690054495917,-19.321385502813268,-19.529238728636326,-12.682257947638659,True,Trailing 1–10 in Q4/OT,-37.332147510218746,-4.067317624627437,-6.433669422392326
